# Resource object code (Python 3)
# Created by: object code
# Created by: The Resource Compiler for Qt version 6.10.2
# WARNING! All changes made in this file will be lost!

from PySide6 import QtCore

qt_resource_data = b"\
\x00\x00\x14\x84\
\xff\
\xd8\xff\xe0\x00\x10JFIF\x00\x01\x01\x00\x00\x01\x00\
\x01\x00\x00\xff\xdb\x00\x84\x00\x09\x06\x07\x10\x10\x10\x15\x0f\
\x12\x12\x16\x15\x0f\x0f\x0f\x0f\x10\x0f\x0f\x12\x15\x10\x15\x0f\
\x10\x0f\x15\x15\x16\x16\x15\x15\x15\x15\x18\x1d( \x18\x1a\
%\x1d\x15\x15!1!%)+...\x17\x1f3\
83-7(-.-\x01\x0a\x0a\x0a\x0e\x0d\x0e\x17\
\x10\x10\x1a-\x1d\x1d\x1d---------\
+------------++-\
--------------++\
---/-----\xff\xc0\x00\x11\x08\x00\xb7\
\x01\x13\x03\x01\x22\x00\x02\x11\x01\x03\x11\x01\xff\xc4\x00\x1c\
\x00\x00\x01\x05\x01\x01\x01\x00\x00\x00\x00\x00\x00\x00\x00\x00\
\x00\x03\x00\x01\x02\x04\x05\x06\x07\x08\xff\xc4\x00@\x10\x00\
\x02\x01\x02\x03\x05\x05\x06\x04\x04\x04\x06\x03\x00\x00\x00\x01\
\x02\x00\x03\x11\x04!1\x05\x12AQa\x06q\x81\x91\
\xa1\x13\x222BR\xf0\x14\xb1\xc1\xd1#b\xe1\xf1\x07\
\x15r\x923Ss\x82\xa2\xb2\x16Cc\xff\xc4\x00\x19\
\x01\x00\x03\x01\x01\x01\x00\x00\x00\x00\x00\x00\x00\x00\x00\x00\
\x00\x00\x01\x02\x03\x04\x05\xff\xc4\x00(\x11\x00\x02\x02\x01\
\x03\x03\x03\x04\x03\x00\x00\x00\x00\x00\x00\x00\x00\x01\x02\x11\
\x03\x12!1\x13AQ\x04Ba\x142Rq\x22#\
\xa1\xff\xda\x00\x0c\x03\x01\x00\x02\x11\x03\x11\x00?\x00\xf3\
\xb0d\x81\x82\x06>\xf4\xea\xb3 \xc0\xc2!\x95\xc1\x84\
S)\x09\x96\xd1\xa1\xd1\xa540\xc8\xd2\x93$\xd2\xc3\
=\xb3\x97R\xac\xca\xa2\xd2\xd2\xd4\x8e\xc4h\xd3\xa9-\
\x8cO\xe51\xd2\xa4\xb0\xb5#$\xd7\xa5[/8\xe2\
\xac\xa1F\xa6Rf\xaf\xe5\x10\xcd\xea5\xf7\xa9\x91\xc5\
s\x1d\xd3#\x10\xf9\xc2l\xecG\xbdnyJ\xf8\xec\
\x89\x95\xd8\x8e\xe5z\xe6U\xa8\xd2u*^Vv\x85\
\x94A\xcc\xabT\xc2\xd42\xadW\x9205\x0c\x03\x18\
G0,d\xb2\x91\x12\xd2%\xa3\x13 L\x8b-\x0e\
\xc6\x0c\x98\x89\x90&!\x8eL\x891\x89\x91\xbcC\x1c\
\x98\xc4\xc6&11\x00\xe4\xc8\x93\x1a\xf1\x89\x80\x0eL\
\x8d\xe2\xbc\x891\x0crdI\x8a\xf1\xaf\x10\x0fx\xd1\
\xa2\x88\x0d\x1b\xc7\x06\x08\x18\xe0\xcd\x09\x0c\x0c\x22\x98\x15\
0\xab)10\xcaaQ\xa0@\x93YI\x92[\xa6\
\xf0\xca\xf2\x9a\x98eiB.#\xc3+\xcaJ\xd0\xa1\
\xe3\xb1\x17\xd2\xb6Q\xfd\xb4\xa4\x1e>\xfc\x05E\xfaU\
\xeco.\xe3\x9a\xe0711\x05I\xa1F\xa6\xf5;\
qYH\x96\x8a\x8e\xd2\xbb\xbc\x96 \xca\xcc\xf2l\xaa\
\x15J\x92\xb3\xb4\x93\xb4\x03\xb4M\x8d\x11s\x02\xc6I\
\x9a\x09\x8c\x96\xc6\x86&@\x98\x89\x90&A\xa0\x98\xc8\
\x13\x19\x8c\x811X\xc9\x13#x\xd7\x8cL@91\
\xaf\x22Lk\xc5c$Lk\xc8\xde5\xe2\x01\xef\x1a\
\xf1\xaf\x15\xe2\x01^5\xe3^5\xe0\x03\xc7\x91\x8a!\
\x97\x01\x92\x06\x0a\xf2@\xcb\xb2K\x14\xe6\xee\xc3\xd8\xd5\
qM\xb9I\x0b5\xafe\x04\x9bN~\x9bN\xbf\xb3\
\xfb[\x15B\x98j\x15\x0a\x86\xcc\xaa\x927\xad\x96v\
\xd6RM\xf0&\xd2\xe4\xd1\xab\xd8\x0cx\x17\x14\x1a\xdd\
M5\xff\x00\xd8\x89\x9dW\xb2\xd8\xb5\xbd\xe9i\xad\x9e\
\x91\xb7\x93Hc\xb6\xee)\x8d\xda\xa3\xde\xff\x00S@\
\xd1\xdbU\x9b#P\xdc\xe5\xef1\xfc\xdb/Q\x1aM\
r+D*l\xba\xeb\xf1Rq\xd7u\xad\xe7\xa4\x1a\
R7\xb7\x19\xb3\xf8\x9cJ\x80\xec\x0e\xeeV$\x1d\xd2\
;\xf4:\xcb\x98>\xd0\xd8\xde\xa2+\xdc\xe6\x1dU\xd4\
\x8b\xdc\xdc\x19[\x93\xb1\xcf\xad#\x1fvz-\x0a[\
'\x14\xa0\xee\xfb\x1a\x84{\xca\x84\xeb\xd06^\x92\xb6\
;\xb0\xacF\xf6\x1e\xa2\xd4R.\x03Y\x1ct\xd6\xdf\
\x94Z\xfc\x8fI\xc1^6\xfc\xd0\xda{&\xb5\x06\xdc\
\xa8\x8c\xad\xc9\x86\xbdA\xe2;\xa6]AivM\x05\
\xdf\x96\xb05\xacm\xcef\x97\x93\xa7V\xc6\xf1\xa6&\
\x8bX\xadL\xa2Z[\xc55\xf3\xe73\xaa\xb4\x1b\x1a\
\x1d\xda\x05\x9a3<\x0b4\x86\xc7C\xb1\x83f\x8c\xcd\
\x06ZKe$90lc3H\x13&\xca\x1c\x99\
\x02c\x13#y62D\xc6\xbc\x8d\xe2\x80\x0fx\xd7\
\x8d\x14@(\xaf\x14k@\x05\x18\xc5\x18\xc4\x02\x8d\x14\
c\x01\x8a<h\xd0\x02\xcd\xe3\x83\x07x\xf7\x8cAC\
N\xb3\xb2\xef\xbdH\xd3ne\xa9\x9e6\xe3\xeb\x7f3\
8\xf0e\xdc\x06\xd1zL\x08\xcc\x03p9w~\xd3\
Lr\xa7dN6\xa8\xecj\xaevl\x9b\x9f\x03*\
\xd4\xa2\xbf2\x03\xd4d}%\xdc>!1\x14\xc5E\
\xd0\xe5\xd5\x1cj\xa7\xefB%g\xba\x9b\x19\xdd\x16\xa4\
\x8e7qa\xb0X\xc7\xa2\xac\x94j2\x0a\x8aC)\
\xb1V\x1e2\x99\x04\x1fx\x0e\xf1\xee\xfe\x85\x7f)6\
Pd7\xd9z\x89/\x14\x7fE\xa9\xcb\xf6Z\xa3J\
\xe2\xea\xe2\xfc\x8eG\xcc]}f\x8e\x17hbh\x8b\
\x82\xc1|\xd0\xfe\x93\x13\xda!\xe1\xbay\x8f\xdaAv\
\xab!\xc8\x9bs\xe7!\xc6\xb9)I\xb3\xbe\xc2v\xc4\
:{,M5t\xb5\xaeT5\xbc\x0c\xab\xb4\xfb/\
C\x12\xa6\xae\x05\xeex\xe1\xd8\xe6?\xd2O\xe4|\xe7\
 v\xb57\xf8\xc5\x8d\xadu\x16=\xe6\xd9\x18z8\
\xb6C\xbfN\xa1\xe8A\xb3yL\xfai\xfd\xac\xbdo\
\xb9\x97\x8b\xa2\xd4\xd8\xa3\x02\xac\xa6\xcc\xac\x08`y\x10\
t\x80\xde\x9d\xb7\xf9\x8e\x1f\x1c\xa2\x9e-wkX*\
b\x92\xc1\x85\x86[\xdc\xc7O\xcas\xbbs\xb3\xd5\xb0\
\xbe\xf3\x0d\xea-m\xca\xc9\x9d6\xbe\x80\xfd'\xa1\xf0\
\xbc\x87kfV\xcf\x82\x9a\xd4\xba\xf7JUL-&\
\xb6P\x15\xa3\xb0\xa0%\xa0\xdd\xa2c\x04\xc6C-!\
\x16\x90&12$\xc9\x18\x89\x91&#\x22b\x18\x89\
\x91\x88\xc6\x80\x0f\x14@I\x85\x85\x01\x1bEhM\xd8\
\xad\x0a\x02\x16\x8a\xd2DF0\xa0 D\x89\x932&\
*\x02\x061\x922&\x141\xa2\x8a(P\x13\xbc{\
\xc8\xc7\x11\x08\x95\xe3\x83#\x1e04\xb66\xd3l;\
\xde\xd7\xa6\xd6\x15\x13\x98\xe6?\x98p\xf2\xe3;#\xb9\
QC)\x0c\xac.\x8e8\x8f\xd0\xf4\x9ez\x0c\xd4\xd8\
\xbbX\xd0;\xa6\xedE\x8f\xbc\x9cA\xfa\x97\xaf\xe7\xea\
6\xc7\x93K2\xc9\x8fQ\xd1\xb2\x95\xc8\xc6\x22\xf2\xc6\
\xf2\xba\x86R\x19\x18]Xh\x7fc\xd2\x01\x96\xdd\xd3\
\xbe-4q\xb4\xd3\x01R\x9c\xae\xf4\xa6\x86FA\xe9\
D\xe3eFf]J0jY\x0eG\xc3\x81\x9a\x15\
)\xc0=9\x94\xb1\xf85S%G\x18\x0eG#\xe8\
f\xfe\xc6\xdb\xd5(]\x08\x0fE\xf2\xa9I\xf3V]\
\x08\xb1\xe99\x96\xa7\x1e\x9dFN\xab\xcb\x97q\x90\xfc\
Hk\xca:\xdcog(\xe2A\xad\x81>\xf6\xaf\x84\
c\xef\xaf\xfd2u\xee>|'\x1d\x8d\xa4\xcaH`\
C)\xb1R\x08 \x8dA\x07C4\xf0x\xd2\xa42\
1\x0c4\xe0\xcb\xf7\xe571\x18\xfc>9Bb\xc6\
\xe5`,\x98\xb4\x03{\xa0\xa8>a\xdf\xe0D\xc9\xc1\
\xae7F\x8aW\xc9\xc0\xd4\x823cnlJ\xd8R\
7\xc0jN\x7f\x87]3\xa5S\xb8\xf0o\xe59\xf7\
\x8c\xe6N\xec\x83@DG\x14\xe5\xba\x18R\xc6h&\
\xce&\xc0\x02I\xc8\x00.I\xe8\x22\xa00\xd9 \xc8\
\x9a\x98\xec#Sb\xac\xa5Xj\xac\x08a\xde\x0c\xcf\
u\x85\x00\x02#\xaa\xc9\xad;\xcd\x0c.\x08\xeb\x1e\x90\
\xb2\x9aR\x84\xf6sA\xb0\xf6\x81zq\xe9\x0b)\x95\
\x90\x22Yd\x83)\x0d!`\x08\x910\xc5dJ\xc7\
\xa0,\x09\x8cD)X\xc5a\xa0,\x09\x12\x04C\x95\
\x91)\x1e\x80\xb0V\x8a\x13r(\xf4\x05\x82\xbcq\x18\
G\x13\x1a\x18\xf2BFHG@<q\x1a8\x8fH\
\x8b\xfb3i=\x03\x96h\xdf\x1d3\xf0\x9e\xa3\x91\xeb\
:\x9c-t\xac\xbb\xd4\xcd\xc7\xcc\xa7\xe3C\xd4~\xba\
N$C\xe1\xaa\xb20u%XhF\xbf\xdb\xa4\xd2\
\x12q3\x9e5#\xb0+h\xeae,\x0e\xdd\xa4\xe3\
v\xb8(\xdf\xf3\x90]O\xfa\xd0g\xe2\xb7\xee\x9a\xab\
\x81f_iL\x8a\x94\xfe\xbad0\x1d\xe3U=\x0c\
\xea\x8eD\xceYb\x92+2^\x05\xe8\xcb%H\xd4\
G\x09,\x94\xda3\xde\x8c\x13S\x9a\x86\x94\x13\xd0\x99\
\xc9\x1aFF[S\xe3\xa1\xe7\x09J\xb7\x06\xff\x00p\
\xfdD\xb5R\x8c\x09\xa72j\xb85N\xcb\xd8\x0d\xaa\
\xf4AK\x0a\x98w\x16z/\xefSe\xee2\xc6\x1f\
\xb3\x18|[o\xe1\xab{5\xb1/\x86p\xcfU\x0f\
*y\xfb\xe0\xf2&\xfdL\xc4e#O\x11\xc0\xc7\xa5\
\x5c\x82\x19IW\x1a\x10lo\xd0\xcc\xe4\xaf\xe1\x96\x9d\
\x1b\x94\x7f\x09@\x10\x94\xda\xab\x8c\x8bV\xf7\x140\xd7\
\xf8I\x98=\x0b@\xd5\xda5\x0e\x8d\xb8\xbfM0\x11\
|B\xda\xfe7\x92\x1bR\x96'\xdd\xc5\x7f\x0e\xbd\xac\
\xb8\xc4\x1a\xf2\x15\x97\xe7\x1du\x1c\x08\x81\xaf\x82\xa9I\
\xc28\x07\x7f:U\x10\xefR\xaa9\xa3~\x86\xc4r\
\x95\x0a\xe1\xf2L\xef\x9e\xc5-\xb1Q\x19.\xc3\xf8\xbf\
)\x1cy\xdea\x8a\x04\xce\xe5{%^\xa1\xbe\xe9\xe9\
\x94\xdc\xd9\x1f\xe1\xfb\xde\xee,\x06\xb3i\xe3\x5c\xb6e\
\x0c\xdd\x92l\xf3\xed\x9d\xb2I\xcc\x8c\xa6\xa3\xe17E\
\xa7\xa3T\xec\xa9\xd1E\x80\x80=\x8df\xd4\x8fY*\
0\xee\xcayg\xda,\xf3J\xb4`\x1f\x0eyOU\
N\xc3\xaf\x16\xf4\x12\xc5>\xc6P\x1a\x9f\xbf)_\xd2\
\xbb\x93\xaf+\xf6\x9e:pg\x94\x8f\xf9{r3\xda\
\x87e\xb0\xab\xaf\xaf\xf7\x84]\x87\x83^\x03\xd2R\x96\
\x1f\x96\x1f\xdd\xf0\x8f\x12\x1b-\xcf\x08\xe3c\xd4<'\
\xb8.\xcf\xc2\x8d)\xdf\xfe\xdf\xe9\x0b\xf8ZCJ_\
\x98\x87W\x12\xf6\xb1i\xcc\xfd\xc8\xf0\xe5\xd8\x15O\xca\
|\x8c*\xf6b\xb1\xf9\x1b\xc8\xcfk\xf6#\xfeZ\x8e\
\xf8\xfe\xc0\xfd+\xe4#\xeb\xc1{C\xa7\x95\xfb\xbf\xc3\
\xc5\xd7\xb2u\xcf\xc8}!W\xb1\xf5\xbe\x9fQ=\x8f\
\xf0\xc7\x98\xf0\xb4f\xc3\x0e~\xb1}L\x7f\x14>\x84\
\xff\x00&x\xff\x00\xff\x00\x0d\xab\xc8y\xc7\x9e\xaep\
\xa3\xa4x\xfe\xaa>\x10\xba\x13\xfc\x99\xf3m\xa3\xc7\xb4\
\x90Y\xc9\xa4\xec\xb1\x80\x922kL\xc9\x8a&R\x83\
\x13\x92@Dp%\xb4\xc2\x13\xc2Z\xa3\xb2\xdd\xb4S\
5\x8e\x09>\xc6R\xcd\x08\xf2\xcc\xe0\xb0\x89No\xe1\
{7Y\xf4S\xe56\xf0]\x86\xae\xdf)\x1d\xf9~\
r\xfe\x9d\xae]\x19}T{nqiH\xcb\xb8\x1f\
iM\x83\xd3fG\x1a2\x92\x0fv\x5c:OE\xc1\
\x7f\x87n~+\x0f?\xd2n`\xff\x00\xc3\xfac\xe2\
>\x918\xe2\x8f2\x0e\xaeIq\x13\x86\xc1mf\xa9\
\xee\xe2)\x07\xff\x00\xf5@\x12\xafy\x1f\x0bzw\xcd\
z{ T\x1b\xd4\x9bx}$\x15q\xe0u\xf0\xbc\
\xef0\xbd\x91\xc3\xa7\xcb~\xf9\xab\x87\xd8\xf4SE\x1e\
S9e\xc6\xbe\xdb\x1a\xc7\x92_rG\x93T\xc02\
\xe4D\x13a'\xb1\xe2vE\x1a\x835\xcf\x98\x988\
\xfe\xc9\xf1L\xfaq\x99\xafP\x9f%\xbc\x0dpy\x95\
L4\xa5V\x84\xec\xf1\xfb\x1d\xd3\x22\xb3\x0f\x13\x85\xb4\
\xd5IH\x9ah\xe7\xeaS\x94\xeaS\x9bu\xa8L\xea\
\xf4\xa4\xb4Re\x0d\xebds\x1e\xa2]\xc0\xed\x07\xa4\
7A\xbd=\xe0\xc1O\xc9Pf\xae\xbfK\x03+W\
K\x0b\x9d%]\xee \xf9L\xda\xecZ=\xaf\xb1]\
\xb9\xa3\x8a\x22\x85u\x14\xeb\x9c\x95\xc7\xfc:\xa7\x97\xf2\
\xb7M\x0f\xa4\xedjT\xe5\xa4\xf9\xa3\x0b[0t \
\xeb\xc3\xfaO\xa0{1\x8elF\x0e\x95f\xf8\xcan\
\xb9\xe6\xcaJ\x93\xe3k\xf8\xccf\xabr\xe2\xec\xbe\xc4\
\x99\x02\xa6I\x98\x08\x1a\x95\x87\x02\x22\xb2\xa8\x91Q \
P}\xda\x0f\xf1J8\xc060\x0d\x01\x8dX\xb6\x0c\
\xe0}'\xc2\xd2!\x7f\x94\x0f\xbe\xe9Q\xf1\xed\xc0y\
\xc16*\xa1\xe7\xe0%\xd4\x85h\xd1\xb4\x8b0\xe33\
\xadT\xf0>\xb15*\x96\xcd\x82\x8f\x0b\xfa\x98\xab\xe4\
/\xe0\xb6\xf5\x14r\x1e&@\xd5Mr\xf32\x9bS\
Q\xadQ\xff\x00\x8d\xe5z\x8dG\x8dS\xe1\x1aBl\
\xbe\xf8\xd4\x1c\xcc\xabS\x1b\xc8JO\x89\xa08\xb9\xf2\
\x10m\xb4i\x0d\x10\x9e\xf6\x96\xa1\xf0\xc9s\xf9,6\
 \xdf\xe6\xf4\x8aU\xff\x007_\xa0F\x95\xa6^\x05\
\xa9y<r\x8e\xcav\xd1L\xd5\xc2vZ\xb3\xe8\x87\
\xc8\xcfi\xc2l\x1c:h\x83\xc8M*XT]\x14\
M\x9f\xa8\xc5\x1e#f=,\xd2\xe6Ty\x0e\x0b\xb0\
5\x9bQn\xf9\xd0`\xbf\xc3\x8f\xa8\xfa~\xf3\xd1\xd6\
\xc2L8\x90\xfdd\xbd\xa9!\xafH\x9f\xdc\xdb9,\
'`\xf0\xeb\xa8\xbc\xd9\xc3vo\x0e\x9a \xf2\xfd\xe6\
\xb7\xb4\x8b\xdaLe\xearK\xb9\xac}>8\xf6\x05\
K\x03MtQ,-08A6 \x0eg\xb8\x13\
\x06k9\xd1?\xdcG\xe4&M\xc9\xf2kIp\x5c\
\xca3UQ\xc6T\x14j\xb6\xac\x07\xfaG\xef\x08\x9b\
=u7'\xac[wao\xc1#\x8b\x1c3\x93J\
\xacxB\xd3\xa2\x06\x80B\xaa\xc4\xda\x1d2\x08\x0c(\
\x11\xc4y-\x95@\xab\xe1\x91\xc5\x98\x038~\xd5l\
jT\xd8X\x95\x0c.\x09\xcd{\xb2\xcew\xb3\x9b\xed\
\xb5\x02i\xa3\x8e\x0c\xca|E\xc7\xe4ec\x7f\xc8\x99\
\xad\x8f7\xc4`\x88\xe1q\xc0\x8c\xc7\x9c\xce\xc4\xe1g\
[\x80\xc0=G\x0a\xa0\xdd\xbe\xf3\xe96\xf6\x87b\xd5\
\x90n\xd4\x02\xad\xb3\x04{\x84\xf4#1\xeb:^D\
\xb90Po\x83\xc9j\xad\xb2\x22\xe2cb\xb0L\xbe\
\xf5<\xd7\x8a\xf1\x13\xb6\xdb\xbb\x0e\xbe\x1c\xff\x00\x12\x99\
\x0b\xc1\xc6h\x7f\xee\x19xNz\xa5+\x1b\x89M)\
\xa2Sq10\xb5\xc169\x19\xf4?a\xb0\xfe\xcf\
g\xd0V\xd5\x90\xd4\xf0rY}\x08\x9eJ\x9d\x89\xc4\
W\xa4k\x8a{\x87U'\xddj\x83\xa2\x9d{\xf2\xf1\
\x9dOe;hi\xaal\xfcR{*\xd4\x94S\xa5\
P\x92\x12\xaa\xaeAM\xfe\x16\x03+q\xf4\x98N2\
\xe0\xda2G\xa3\xbd\x00x\xc8\x8c*\xcc\x0a\x9bE\xef\
\x15=\xa4\xfcL\x169\x07R&\xf9\xc3\xa4\x13\xad1\
)Q\xc5\x96\x86,\x0e\xb1h\xaeCW\x81\x9f\x10\x83\
A\xe9\x01[\x1de\xb8\x1e\x07+\xc9\xb0\x1c\xa5J\xd4\
A\xe3-B\x22s\x91O\x11\xb4\x1d\xb8y\x13(;\
\x1e3E\xa9\xaf;\xca\xf5\x0a\xf2\x9bE%\xc21m\
\xbeYE\x98\xc0TS-\xd4i]\xcc\xd1\x10\xca\x8e\
\x90.\xb2\xd3\xc08\x95b+\x1b\xc6\x84\x22<,(\
\xf40\xe6L4\xceZ\xe4\xc9\x8a\x9d\xe7\xbay\xc7q\
\xa0*\x08\xe2\xac\xa2\xa5\x8f\x0f3\x0e\xa8x\x9f(\x80\
\xb1\xbf\x17\xdf\x19\x04E\x1c!C\x01\x0b\x1d\x05\xa7\xdd\
\xf9C\x0b\xf0\xb4\xac+\x0eq6$\x0dH\x1d\xe4\x09\
 ^\x06HL\x96\xdaI\xf5\x0f\x00L\x1bm\x85\x1a\
\x02z\xca\xd1'\xd8NQ]\xcd\xcd\xe1\x11\xa8\x04\xe7\
\x9bj\xb1\xd0Z:5V\xcft\xf8\xdf\xf5\x8f\xa6\xfb\
\x93\xd4]\x8d\xe3\x89^r?\x8a\x13-0\xf5\x0e\xa4\
\x0f\x1f\xda\x14a_\x9cZc\xe4z\x9f\x83@b\x84\
\x85j\x8a\xe3u\x94\x15:\x86\x17\x10\x09\x84n$C\
\xae\x1b\xac?\x8a\x1e\xec\xa9B\x85:D\x94[\x16\xd7\
_K\xc7\xdf,m.\x0c:\x8e\xb2j\xa2\x1a\x90i\
ff:\x9b5\xc5\xb2\xd3\xa4\xa1Ge\xd2F\xde\xf6\
t\xc3s\x08\x9b\xdev\x9b\x95\x16\x05\x80\x1a\xc6\xa6\xc5\
\xa1\x0a\xa51Q/\xa9_Q9\xcd\xb3\xd9\xea\x18\x95\
\xdd\xabL_\xe5q\xff\x00\x11yX\xfe\xf3\xa0LX\
\x06\xc0\x5cq\xccJ[@\xb99\x1b,q\xb1:8\
\x9a\xf8\xda\xdb8\x8aU\xc3U\xc3d)\xd7QwA\
\xa5\x98\x1dm\xca\xf7\xe5}&\xae\x1bi\xd1\xaa\xa1\xe9\
6\xfa\x9c\xae2\xcf\x91\x070z\x19o\x13\x81\xb8;\
\xe6\xf7\xd5H\x16\xb7+q\x82\xc3l\xcaT\x97u,\
\xab\xae\xea\xaf\x13\xa9\xb03\xa18\xd1\x9bLq\x88#\
A\x97|_\x8f\xb6\xb7\xbf-\x04*\xe0\xd4\xe9~\xeb\
\x0bKX]\x97\xbe\xc0n\xe4Nlx\x0e1j\x8a\
\x0d,\xe3v\xdfk\x99+{\x14}\xdd\xc1j\x8c5\
\xbb\x0d:d}f=<y\xf8\x95\x88k\x5c\x9b\x9b\
\x9c\xfdeO\xf17dV\xa1\x8c|R!\x14+\x1d\
@6FU\x08A\xe8@\xbf\x89\x9c\xa5\x0d\xa4\xc4\xee\
\xa8$\x9bd37\x1fg\xceb\xe5\xb9\xa2\x8e\xc7\xb0\
lm\xa3\xed\xe9\xdc\xfchw[\xaf#\xf7\xc8\xcb5\
\x0c\xe3\xfb#Y\x93S\xf1\x9d\xd6\x1c\x016\xb7\xdfY\
\xd9\x1aO\xc8\x8f\x09\xd3\x17\xb6\xe6\x12[\xecS\xa8`\
H&h\x9c\x13\x1e\x12\x0d\x87\xac\x05\x806\xee\x11\xeb\
D\xe8f[\xc01\x96\xea\xe1[\x88\xf3\x95+P#\
\xec\xca\xb4*`\x89\x8f\x04DQ\x85\x1d\x9a8\x85\x15\
\xc0\xd6s\xdf\x8d'\x8f\xdf\x84\x9aW3\x83I\xd7g\
@1\xab\xdf\xdc$\xbf\x1b0\xd6\xa7Xzm\x15!\
\xdb5?\x16\xc7\x97\xacu\xafP\xf1\x03\xef\xac\xa4\x8d\
\x0c\x8d\x00\x0e}\xa1\xff\x00\xec\xb0\xe8-\xfa\xc8~\x06\
\xfa\xb9\xf2\xfd\xcc\x9a4*\xb454\x1aS\x04\xbb8\
}G\xd2\x196j\xfdG\xc6\xd0\xa8\xd0\xc8\xd0\xeaH\
4D\xae\xb8&_\x86\xc7\xd0\xcb4\xea\xb2\xea\x08\xf0\
\x85V\x85V\x89\xce\xf9\x1a\x8dp2\xe2\x16\x1e\x9dP\
`\x8a)\xfe\x91->F-\x87\xb9l\x19 \xd2\x9b\
\x13\xcb\xc8\xc2%c\xca*\x1d\x87c\x100>\xd6\x03\
\x13\x8f\x08:\xf7\x18$\xd8\x9bH\xb2\xed\x00\xc4r\x99\
o\xb7\x87\xd3\xea$\x7f\xcf?\x94y\xdc\xf9\xcd:R\
\xf0GR%\xfa\x979X\x01\xe2L'\xe1\x83-\xb9\
\x8b\x19V\x86\xd0\x0cs\x16\xf1\x9a\x14j\xdf\x947C\
\xd9\x94[g\x85\xd2\xf1\xbd\x8fO\xcai\xbc\xa9Um\
\x15\xb1\xd0\x15\xa69K\xd8a\xba\xa4\xcaj\xd9\xc9\xd7\
\xc6\xaa/\x1f\x08n\xc0\xa5\xb5pI^\x9bSqu\
oC\xc0\x89\xe5[G\xb3\xcbJ\xa1R[#\xa6_\
\x9d\xa7\xa76\xd4Nz\xfd\xe70;MMj\x8fh\
\xbf\x12d\xfdW\x81\x9bc\xb4\xe9\x99d\xddlr\x98\
E\x08\xb6\x02\xc2v\x1b/j\xd4\xa8\x81\xb7A\xb7\xba\
\xc7\x8d\xc7\xdd\xe7(\x83)\xab\xd9\xacAZ\x86\x9e\xf9\
QPp\xfa\x86\x9f\xac\xdaiQ\x94\x1e\xe7]N\xb5\
\xff\x00\xb4!n\xb3.\xa6\x1e\xa9\xcdj\x03\xde-\xea\
%r1J~S\xd0\x1f\xed9\xf4\xa7\xdc\xde\xcdj\
\x8b~R\x8dz\x1c\xd4\x11\xd2\xd0\x98oj\xdf\x12\xee\
\xf5$\x19^\xae:\x90b\xa5\xc5\xc6\xb7\xb8\xfc\xe0\xac\
eF\xc1\xa5\xfe\x03\x1aY\xfcM?\xa8E*\xd8\xa9\
\x1c\xed7\x96)\xd4\x99\xf4\xeb\x88t\xac$\x0c\xd2\xa6\
\xf0\xe9Rg%Q\xce\x1d+\x8erFi#\xc3\xa3\
\xcc\xc4\xc4\x08zx\x80yE@i#\xc3\xa3\xcc\xd4\
\xac9\xc3\x0a\xc3\x98\xf3\x923I*C\xa3L\xc4\xaa\
>\xa8A]G\xcd\x0a\x19\xac\xaf\x0a\xaf2\xe8\xd7S\
\xa1\xbc\xb4\x8f\x15\x0c\xba\x1eK~VW\x92\x0c\x22\x00\
\xe5\xe3\xab\xf3\xca\x08\x11\x1e\xc2\x00L\xd4^bJ\xe3\
\x98\x82(\x0c\x92\xd3\x12\xacE\x0cf\x11\x09\xb9Q\x9f\
\x1c\xe5\x1a\xf8E\xe0\xab\xddsy\xbe`*a\xd4\xe8\
,zi\xe5-dh\x87\x04\xcc\x03@\x8e\x07\xfd\xd7\
\x87\xc3\xd7`un\xe2L\xd2\xfc+\x0f\x94\x11\xfc\xa7\
?#\xfb\xc6\xf7F\xa8E\xb8\x91\xfa\x89\xae\xbbDh\
\xa0\xf4q\x86\xc0B5s\xd3\xf5\x94\xe9bi\xdf\x87\
\xac\xb0*!\xe53k\xe0\xb4E\xa9\xa9\xce\xd6'R\
2\xbf\xef#Z\x8a\x91\x9e~Y\xc7vO\xb3\x03\xed\
\x16\xf9[\xce\x1b\x8c\xa7W\x06\xa7\xe5#\xa8\xcb\xf5\x95\
*a\x9e\xd6\xd4rmm\xe5/Ug\xe0`\xaaW\
\x0b\xa8\xf1\x8d6*G\x17\xb4p\x86\x8b\x95:\x1c\xd7\
\xb8\xca\x06\xa9R\x18j\x0d\xc1\xeb6\xbbO\x85\xa8\xec\
k\xd2r\xcd\xba\x83\xd8\x11\xee\x14\x17\xcdz\xe7\xf7\xa4\
\xe3\xeaU\xafP\xfb1M\x83\x1c\x8a\x85}\xef\xe9:\
#+[\x98J4\xf6=\x03bm\x7f\xc4R\x0f`\
\x181G\xb6\x9b\xc3\x8d\xba\x82\x0f\x8c\xd1K^\xf6\xcf\
\xad\xe6/d\xb0-C\x0eQ\x80\x15Z\xa3;\x8b\xab\
\x0c\xc0\x02\xc4\x1eC\xce\xf3`\xdf\x91=\xd3\x07\xce\xc6\
\xeb\x81\xeb\xef0\xb0kwk\xe73\xaa\xec\xd1bK\
\x12\xdc\xc9\xbc\xb5R\xa1^~\xb6\x80\xa9\x89\x22\x0a\xfb\
\x03\xa38\xe0jr\x1eb<\xb9\xf8\x9e\xb1K\xb6M\
#\x8fE\x87@b\x8ad\xca,&\xf71\xeb,S\
S\xcf\xd2(\xa4\x8c0\xa4\x0e\xacOHZb\x9a\xf0\
\x8a(\xac\x0b\x08S\xaf\xaf\xe9,\xa5%?\xda(\xa2\
l\xaa,S\x082\xb4-2\x97\xc8g\xdd\x14Q\x01\
e\x5c\x0f\xed,#\xde4P\x18e\xa9&*E\x14\
\x00\x98y \xf1E\x10\x12W\x85\x0f\x14P\x10\xfb\xf1\
\xb7\xa2\x8a\x03\x1c4bb\x8aR\x11\x9d\xb4\xa9\x80\x85\
\xed\x98\xce\xe2\xde\xb3.\x9e*4S|{\xa3)\xec\
\xc7|H<L\xafR\xa7X\xa2\x9aU\x10\x02\xa5w\
\xb7\xc4\xd6\xef2\xa3\xd6'\x89\xcbK\xde(\xa3Aa\
\xe8\xe2@\xca\xc0\x8e\xa25z\xc2\xd7\x17\xd6\xd6\xe1\x14\
QP\xec\xa6q\xac\xbae\xfa\xc9\xa6\xd4o\xeb\x1e(\
4\x816\x1d6\x87=:\xdf\xf4\x8b\xdb\xd2c\xd7\xb9\
\xbd\x22\x8aE\x15d\xfd\x95\xf4\xb5\xb8db\x8a)6\
Q\xff\xd9\
\x00\x00&q\
\xff\
\xd8\xff\xe0\x00\x10JFIF\x00\x01\x01\x00\x00\x01\x00\
\x01\x00\x00\xff\xdb\x00\x84\x00\x09\x06\x07\x12\x12\x12\x15\x13\
\x13\x13\x15\x15\x15\x17\x18\x18\x1a\x19\x18\x18\x18\x1a\x19 \
\x1a\x1b\x18\x18\x1a\x1e\x1d\x1a\x18\x17\x18\x1c( \x19\x1d\
%\x1b\x1a\x17!1!%)+./.\x18\x1f3\
83,7(-.+\x01\x0a\x0a\x0a\x0e\x0d\x0e\x1a\
\x10\x10\x18-\x1d\x1d\x1d---------\
--------------+-\
----------------\
---------\xff\xc0\x00\x11\x08\x00\xc2\
\x01\x03\x03\x01\x22\x00\x02\x11\x01\x03\x11\x01\xff\xc4\x00\x1b\
\x00\x00\x02\x03\x01\x01\x01\x00\x00\x00\x00\x00\x00\x00\x00\x00\
\x00\x02\x03\x00\x01\x04\x05\x06\x07\xff\xc4\x008\x10\x00\x01\
\x03\x02\x04\x03\x06\x06\x02\x02\x01\x04\x03\x00\x00\x00\x01\x02\
\x11!\x001\x03\x12AQ\x04aq\x05\x22\x81\x91\xa1\
\xf0\x132\xb1\xc1\xd1\xe1\x06\xf1BR\x14\x15#br\
\x82\x92\xb2\xff\xc4\x00\x18\x01\x00\x03\x01\x01\x00\x00\x00\x00\
\x00\x00\x00\x00\x00\x00\x00\x00\x00\x01\x02\x03\x04\xff\xc4\x00\
\x1e\x11\x01\x01\x01\x01\x01\x01\x01\x01\x01\x01\x01\x00\x00\x00\
\x00\x00\x00\x01\x02\x11!\x03\x121AQ\x13\xff\xda\x00\
\x0c\x03\x01\x00\x02\x11\x03\x11\x00?\x00\xf8\xa6Bb\xcd\
@)\x8f>v\xf7\xbd\x02\xa9\x83\xb1\x94\x90{\xb2\x99\
\x035\xcd\xe4\x80n#\x94\x0aXSU\x04\x87\x92\xc3\
\x7f\xd5\x16\x09\xb0\xca\xfb\x06\xfc^\x98_\xc4,\xceY\
\xdd\x9e\x1e\xd6\xdd\xa2\xab\x0d\x9c9,\xf3\xacr\xde(\
v\xa2%\xf4\x1e\xfd\xfa\xd0B\x0as3o 9\xd4\
K\xa8\x84\xbe\xa0\x07,\xceux\x17\xa0}#\xc6\xa0\
\xa0,=ZTEZ\x15\x04\x17\x96\xf3\x1e\xcdP\x1f\
\xd5\x00\xc1\x87\x0f\xcd\xbc\xc4E\xf7\xf2\xe6)uU\x01\
\xa0\x0d+h\xeb-2\x1a\xfb7\xd4\xd5\x19;>\xdf\
j\x8am\xde\x89\x0ag\xb8:\x10[\xab\xf5\xf0\xa0#\
\x977\xe7V\x9d\x9e\xa3\x09\x970\xdc\xf7\xbc\xd5\x10\xd7\
\xa6\x06\xa6\xbc\xbf?\xcdX\x97\x9f\xef\xfa\xab\xcbp\xcc\
\xa0^o\xa4\x01\xebC\x88\x90\xe0\x02T\x18<4\x91\
!\xb5c\x0fA\x1a\xa4\x1c\xa9Q\x22I\x02e\x93x\
x\x9b=\xe9%E\xde\xfa\xbf\x8d1*d\x91\x048\
2\x01\xf37\xf0v\x8dt\x98\x18\x85%\xd8\x11\xa86\
;8\xea\xdeT\xf8\x16\xc1\x81}\xdfw{^\x9a\x12\
2<\xb91\xcf\xba\xe7\xcb\xe8y\x1aZS\xd3\x9f\xbf\
w\xa6\xe1;\x10\x0c\x12\xd1s\x7fH\x9e\x81\xe9\xcc\x8e\
\x96\xc57 \xdd\x98\xeb\xb11\xcbzbP\xa2\x09<\
\xa4\x99u\x1bnK=\xfct\xa2N\x04\x80G\x9fO\
g\xca\xb7\xf0\xfc*2\xb2\xb3\xe7.\xc03h\xd7\x9b\
\xbb\xf8U\xc8\x8bS\x0f\x87\xc2\xc4%\x9f\x0d\x90\xe0\x07\
[\xe2\x00 \x92\xc5 \xc9{\x09\x01\xc5m\xe2]g\
2\xd4Tr\x8b\x06\xb0\x00[`>\xbb\xd2\xb0p|\
n\xc3\xa3M\xba\xd6\x80@KI$\x87\xe8\x1d\xdfr\
\xe7\xeb\xbdi2\xce\xd6Ua&Z\x08f\x13&-\
\xcfZD\xb3\x00K\x1eP\xc3c}k\xaf\xc7\xa3\x0c\
\xe5\xf8KPt$,e\x00\x05\x02\xc0\x03\x98\xbaa\
%\xce\xa4\xc5\xab\x1e\x0e\x00\xba\x81-\xb9a}\xf4\xfd\
\xd5\xf1=d\xc4Qt\x82\x1b\x97\x8e\xdaM\xc7[<\
l\xec\xae\xcbW\x10V\x02\x82r!K$\xd8%#\
\x97<\xa2\xda\xd6\x84b'\x04\xa3\x11\x0b\x1f\x10\x03\x05\
)T\x9c\xc0\x86b,u\xa4\xf6oh\xab\x07\x158\
\xd8i\x04\xa0\x86J\x86`K1p\xc2\x1d\xfa8\xa9\
\xe10\xe2$\xa52\x0c\xf3\x87\x11\xe6\x1c\xd7+\x8a\xef\
F\x82t\x07\x9bx\xbbWw\x88\xe2B\x9c\x14\x84\xc9\
)Pp\x19J\x93\x96C\x00\xec\x06\xda\xc5p8\xd2\
\xe4\xc3I\x80Ia\xb7AX\xed\xae\x08\xc5HI`\
\xb0\xa8\x05\xd2\x0b9\x00\x91 H%\x8f0Y\xc4\xd4\
\xaa\x0bm\xbc\x93\xf8\xa9Y6\x02\xd3,\xfeU\xab\xfe\
\x9b\x8apO\x11\x90\xfc \xbf\x86V\xe0w\x98\x10\x19\
\xdd\xd9\x8d\xb5\xac\xa7z\xd0q\xc1r\x10\xc0 &\x1e\
\xf1\xdeU\xe4\xb5\xadH\xc9\xc49\x89,\x12\xf6\x09\x10\
\xfb\x0fJ.\x17\x1dHXZ\x14P\xb4\xc8Pp_\
\x91\xd0\xd2\x96!\xfc\xa7\xedz\xaf\x0a`J\xde.\x7f\
6\xbdPT\xd4)\xfc\xd3\xf0\xc2.\xb7b\x0beg\
}\x1c\x1d(\x22B\xa0\xf3\xfa8\xfcT\x01\xf4\xd1\xfe\
\xff\x00J\xa6\xab\xcaY\xf46\xe7\xd2\x80b\x16\x03\xb8\
u8m\xaf \x8eu\xbf\xb4\xc6\x08X\x18X\x8a\xc6\
@\xc3\x12\xb4\x94\x14\xa8\x8e\xf2@s\x09Q\x8d+\x95\
F\x95G\xbf\xaf\xda\x80\x8a3V\xec\xf6\xfa\xf9P\x9a\
<i.5\x9b\xbb>\x8eu\xa0+\x9f\xbfZ\x80i\
CD\x15\xfd\xf5\xfd}i\x97PS\x01s>'\xef\
\xefj?\x82\x90\x94\xab:\x5c\xe6t\xf7\x9d9Y\x89\
\x86\x99f{M\x0aL4y\x07\xf3\xbd0\xd5\x84\x94\
)a\xf3d\xcd?\xed\x95\xde\xe63e\xda\xaf\x88R\
A\xca\x90\x00\x05D)\xdc\x90\xa02\x85i\x02 \x09\
'\x93'@\x1c\xea\xe3\x9c\xdb\xc1\xa7\x9f\x99\x12\xe1\x9a\
A\xbe\xad1\xb7\xdfJ\xa2\x0e\x1a \xc1\xeb]LN\
\x17\x03\x0dr\xa3\x8e\x93\x86\xe0\xa1\xd0\xcbRls\x0f\
\xf1U\xda\xed\x17\xac\x188\x12-\xe3[p\xb8rn\
\x0bM\xb4\x88\xfaUI\xd4\xddq\x9d\x18f\x22:\x0b\
X\xb3\x8e~})\xe3\x87`w\x0d#H\xb7W\x04\
=j\xc2\xc2~z8\xd3\xa0\x1bW\xa0\xe0{\x08\x94\
;\x01\x00\x92\xabim\xa4\xd5\xcc\xa3\xf4\xe1`p\xed\
\x06\x0b\x13g\xe7\xf9\xad#\x8793e\xee\xbb\x19\xd5\
\x84ub!\x9e\xba\x0b\xe0\x0aJ\x82H j\x91\x1c\
\xd8\xfa\xd6\xbe\xcd\xe0\x1b\x88J\xb0\xb1V\x02HP\xc4\
\xcb\x95A\x84\xe5\x0a,a\xfb\xaf>5R\x17\x5c^\
\x15\xca\x80J\x5c\xb4\x00\x0c\xb3\x97\xdd\xe0\x9fmZ0\
\xf0\x8a\x8bLfQ\xb0`\x03\xa8\xb1\x1b\x07\xf0\xa5\xad\
\x04(\xeb/m\x09gP\xd2\xe2v\x22\x81J{l\
/\xfb\xaaM\x02\xe3M\x0b\x82<-\xbf\xd2\x81\x1f\x22\
\x94T^!\xae%\xcb\x8d\xa3\xce\xb5\xf0\xd9\x14\xe1k\
\xca2\xa9\xa1\xdd@wG\x89\x87\xd2\xb3)\x98)@\
\x84\x92@-v\xf9\x9b\x98\x04y\xd0\x92\x96\x00m\x0b\
\x81q\xb0\x97f\x17\xf0\xe5Y\x8e)\x04\xb7\x9fW\x13\
\xe0\xf4iHY.\xa6\x8dA\xd0@\xb49\x17\xe6)\
,,\x1e\xd2\xfb\xbe\x80r\x22\xa6\xd3\x86\x9e'\xfe\xd9\
IJeaY\x80c\x01\x99\xc6\x92cv\xae.9\
\x00\xf7\x81c\xe1\xa7\xee\xbb}\xa6\xbf\x86\xc0\x82\x95\xa4\
\x02s\x19\xcdwf\x88n\x8d\xe5\xc5\xe2\xb1s\x1c\xca\
.Nbmw\xf1\x93\x1a\x0a\xc7u\xb6\x09\x0a\xcb\x12\
z\x10>\xc6\xae\x94\x07:\x95\x9bR\xc1\x9a$\xb7+\
o\xed\x8e\x94*\xabI\x91H!T{\xdfZ\xb5\xa4\
\x86\xbb\x10\xe3\xa1\xfd\x8a\x84Q\xe5`m\xf8\x22m\xe9\
\xb5\x00\xb0*\x00\xedD\xb5)\xe4\x97\x1a\xbe\xd6\x9f\x01\
\xe5V\x1dP\x03\x93\xc9\xce\xfaP\x11Xs\x0ap\xec\
\x14`6\xe4i\x14-\x1e\xfd\xefV\x13\xf4\xa2R \
^\x80^\x96\xbd\xbc(\x92o\x06E@4/\xfd\xfb\
\x15@\xfd\xbd(\x02J]\xff\x00C\xd4\x9b\xf2\xabV\
\x83H'\xf2\xde4\x0f\xcf\xde\xd4\xc0@\x04]\xce\xdb\
;t\xbd0\x81\x10\xfc\xd8\xfe*\x85\x18\xc3\xf7\xfdS\
>\x1a\x92C\x82\x1cf\x11p\xd0@\xd9\xa8\x22\xd2\x9a\
j\x11\xe0<\x0f\xbdj\x826\x1e\x9bV\x8c$9r\
\x22|\xc8\xf5c,cx\x8a\xb9\x13j\x90\xd2\x14\x14\
\xf1\xb5\x9b\x98\xad\x9f\x07\xbd\x00\x86\xd7W\xdf\x96\xd1\xb5\
7\x87\xe0\xc6v\xd0\x5c\x81\xc9\xecEux~\x00\x84\
\x156\xc0\x96\xd4\xbc?\x81\xad3\x96wNV\x16\x16\
P\xf1 \xe9m5\x1bWC\x84\xc0+ +0\x0c\
\xcf\xc9\x8b\x06:\x18\xe8\xe6\xf5\xbf\x85\xec\xdf\x88At\
\x8b\xcbGR\xf1]L.\xcb\x00\xf7\xc8^\xa1\x89i\
:\xbd\xa0\x1a\xd3\x90\x89\xec\xbe\xca\x09\x1d\xd59>\x03\
Bg]+\xaf\x89\x83\x8cP\x84g*\x09\x07\x22Y\
\xd8\x19=&\x8b\x0f\x15\xb0\xc0\x80-\x01\xe1\xec\x06\x86\
\xf2k7\x11\x8e\xac\xcd-\xe6H\xe9\xb5\x17R\x7f\x04\
\xcd)X\xc58a\x0c\x08w=z\xb5\xe4\xfa\xd21\
\x93\xdc*\x05\x8b\x80\x06\xfc\xd8\x7f~tX\xf8\xdd\xeb\
<\xc5\xe7`\xc2\xc4\xd6./\x0dJ\xc4\x09\x06\x03r\
\xf4\xd9\xea\x7f]\x17,\xb8\x0a\xce\xa5#*o\x04\x8d\
N\xb3\xabX\xfe\xab\x17\x1e\xa0\x0c\x1b<i}\x1e\xd7\
\xad\xfd\xa3\x8c\x94b\x09Hd$\x02\x97=$\x930\
\xed\xcc\x0bW/\x8fT1\x01\xc1.A=\xe7#G\
\x86\x1b\x01z}IY\xc8\x09w\x19\x83\xd8\xea`\xb1\
\xb8\xd7\x9dig\x0eDD~6/\xf5\xa9\xc1`\x8c\
L\xc5k# \x00\x05X\xe5\x0a\x84\xed\x01 \x0f\xfc\
\xb4jo\x0f\xc7\x8c2\xebA(RT\x0aB\x8a_\
0gyp.\xde\xb4\xe2t\xc5\x8f\x82B\x02\x88\x19\
]B\x1aHno\xa8\xd3N\xb4\xac\x05\xa5$\x95\x07\
\x10\xccK;\x1b\xec?\x1b=,\xa1D\x80\x1c\xb9`\
l\xe7\xfb\xa8\x9e$ )\x91\x99JJ\xd2s\x00@\
\x11(\x97\x0b\x04_\x9b\x0a\x8d\xd5\xe60q\xf8\xce\xa9\
/\xaf\xef\x95e\xc5Wz@i\xb7u\xa5\xc1\x9f\xbb\
\xd6\xdc,\x0c%\xa7\x11K\xc7\x09Z\x12\x83\x86\x8c\x8a\
?\x11ER\x87\x10\x82\x90J\x9e\xc5\x98V3\x82U\
\xf2\xb9.\xc5\xc6\xa6Y32\x0f\x95aky\x1ap\
\xd0\x92\x01\xcaC\xe8\x18\xfa\x99\xa9\x5c\xf0*T\xf1H\
\x11\xd3[\xc5D\xa7\xaf\xbf\xbdY\xf7\xd0\xcb\xd0\x9a\x02\
\xd5S_\x7fZ\x85V\xb7\x97\xd6\xb4p|\x16&2\
\xc20\x92V\xb5\x16\x09H\xd4\xd8\x0a\x03/Jf\x1e\
)\x04\x14\xb8\x22\xccX\xf9\x89\xd4\xd1\xe2\xe1\xb4\xb1\x1f\
\xa3g\xd6\x92\x01\xd3\xd2\x80\xd3\xc1\xf1\x0aB\xa0\x94\xb8\
)-\xfe\xaa\x0c\xa1\xd0\x88\xafQ\xfc\x93\xfe\x9f\xff\x00\
\x1b\x86<2\xb1\x0e>_\xfb\xd9\xac\xf1o\x1d\xb4j\
\xf1\xf8km\xab\xa7\xc5q<9\xc0\xc2\x18hZq\
\x81W\xc4QP)P\xff\x00\x1c\xa9\xb8;\xd0\x19\xb0\
\xd3\xf3(\xc8\x02m\x19\xa0\x113;?:\xcc\xa1\xe4\
\xfe\x1e\x15e~^\xdb\xd6\x81\xe2\x821H\x00\x02\xe0\
\xc9\xdf\xee*\x81s>\x82\x8f\x03\x00\xae\x12\xe5D\xb0\
H\x04\x93\x0e\xe1\xafks\xa8\x94xu\xfd^\x9c\x06\
a\x98\xc8\xc9r\xa0sk\xb3fv\x09.\xe7\xa0\xa6\
-%*!\xc1)Q\xef\x02\xe0\x90\x7f\xc5B\x08\xd5\
\xc4s\xa4\xa0\x09\xbf&\xa7\xe0 \x92\xcd\xef\xdb\xfa\xd5\
\xc8\x9bO*+$\xc9$\x95\x12d\x92n`j\x5c\
\xbf:\xeb\xf6o\x07\x882\xa8eHWy%l\xc4\
\xa0\xdc\x12 \xbaH\x1dH\xb1\xa4p|\x1c\x88\xd0\x1b\
[\xf2\xe2|k\xb9\xc3\xf0$\x94\x82:\x0d\xc36\xfe\
\x9c\x8f'\xd2e\x95\xad\x9d\xa1\xc4+\x88\xc4^1\x01\
\xd4\xc4\x98\xbb\x04\xb8`\x038\xdbZ\xd1\xd9\xbc\x18\x85\
\xac>\x99L\x03\x17\xd1\x80\xbdk\xe0{9\x92\x14\xb6\
\x18d\xc1a9L\x8b\xbe\xc3cZ8\x8e\xf9\x80\x12\
2\x81\x1e\xa4\xf3:\x9a\xab\xa9\x15\x9c\xf4\x9c\x1c!\x94\
\xa5$\x04\x82Hx\x0e\x04\xc8\xba\xa5\xb6\x994\xb5\xe1\
\x9b\x02 _\xa0~\xb7\x0dW\x82\xc0\x86\x01\x93\xbd\x8d\
\xf47\x13G\x88HfJ\x9ba.y\xfa\xd6\x17\xe9\
\xda\xde|\xb8\xce\xa5\x14\x1c\xa5\xe2\xefA\x89\x8a\xf2=\
\xf5:VN\xd5%\x18\x81rAK6\xc0i\x97J\
\xae#\x11\x8c\x1f#v\xd5\xbe\xd5r\xf5\x9e\xa4\x8bV\
3\x99&\xfd}\xff\x00T\x1c>\x07\xc4R\x94\xc2\xc6\
D6\xb1\x0d%\xc6\x94\x18xy\x89r[\xeb\xef\xf3\
X;W\x89U\x93\x9b\xe1\xa8e\xb1\x00\x86/s&\
F\xf0\xd5S\xfe\xa3W\xbe0\xe2,$\x9f\x98\x87\x8f\
&\xfe\xbc)'\x10\xa9\xee\xd3\xb3\xf9\xd3qqJ\xd4\
\x14\x94\xa9#|\xc4\xcb\x079\x98\x17y\xf1\x1bP\x9c\
n\xea\xb0\xc2X\xa8\x82\xe0\x90\xcc\xf0\xd6\xd7Y\x0d\xcc\
\xbbE\xa6g\xcc\xc7({\xddE\xc5\x8a\x9c\x9d\xc6\xf7\
>K\xc5\xc38\x8b\x09K\xc3A#@I6\xf9D\
\xcf\x9dm\xed>\xc9\xc7\xe0\xb1~\x1e.\x19B\xcaR\
@%&\x08\x1f\xeaK<y\x1a\xe6b\xb6k\x02\x1c\
\xee\x1c\x07\x89\xb7\xe6\x9f\xf8\x91-JFd\x94\xa4\x80\
\xae\xf2\x88p4b\xa0\xee:\x19\x929s\xb1Ib\
\xa7w`\xfb\x16-c\xc8\xff\x00\xf5\xad8\x98\xa4:\
^\xed\xdd\x12\xf3c\xb49\xb5\xc7\x8dbYK\x1e\xec\
\xef\xcfQ\xb3j\xdf\xd5e\xaa\xdb\x10\x85\xe29}\x04\
8\xbe\xa4k\xed\x86\xd4\x05E\x83\xeb\xbfS6\x8aj\
\xd2#D\x88&\xfb\x97\xb0&\xfa\xd2\x93\x12\x0c\x8d\xb6\
\xebj\xcd\xa3\xa7\xc1\xf1|2P\x06'\x0cV\xadU\
\xf1T\x97\x9f\xf5\x01\x845J\xe6)S\x16\xd3\xd9\xa9\
GK\x81si\xdb\xf5T\xfa\x91\xf6\x9fzP\xf4\xa8\
i(pA\x89\xf7\x14\xdc5\x90>b\x02]\x8c\xdc\
\xb9`\xd2\x1eie\x00\x19\x8f#-\xadZ\x12\x08r\
l@\x03w\xbc\xe9\xbf\x8d\x00%`\x86i{\xf2\xe7\
\xefZ\x14,\xc8\xdc7\xbf!VY\x9bW\xf4\x9f\xbb\
P\xe5\x9a\x02\xc0\xe7\x1c\xea\xc1\xab\xb1\xb5\x8d\x8c\xdbC\
\xbdE;u\x9f{\x7fT\x00Q3U\xa8\x5cG\x85\
\x12[\xacz\xd5\x10\xc8\x00\xdfR\xc6\xde-\xa5R\x03\
\x97>\xfc\x05<\xe2\x82\x84\xa3*FRIP\x1d\xe3\
\x99\xa1F\xc4\x06-\x10\xe6\xf4\x5c6\x19x\xbfG\xbe\
\xd5R&\xd1p\xf8\x07\xfcHQv\x00K\xbe\xac\xd6\
\xf6\xd5\xd2\xe18r\x00$>\xd5\xa3\x03\xb2\xf10\xca\
I\x0cH\x0a\x0cE\x88wp`\xb4\xd7O\xb3\xb8p\
\xb52\x89\xca\x06\x92lY\x81:\x9f \xf5s\xc6w\
\xd7K\xb1p\x92\x92\x16K\xb2\x85\x9c<\xc0\xdbJ\xec\
c\xa9\xd4\xe4I.9F\xc3\xc6\xb0\xe0a\x080\xee\
@\x02H\xea\xfd~\xb5\xdf\xec\xce\xcbR\x8b0\x9fn\
\xf5:\xfa\xf1\xa6>=\xf6\xb0\xa8\x15\x1b\x08\x81\xca)\
\xdf\xf0\xb1\x0aFT\x82\xe3M6}\x8f-\xab\xd4\xf0\
\xbd\x92\x84(>S\xc8\x87s\xd0^\xb4\x0e\xcf\xca_\
Fki\x5c\xda\xfav\xba\xb3\xf3\xe3\xc8bpy\x12\
\xf9_\x98\xe7L\x1cz\xb0\xf0\xd7\x82\x18\xa1E%E\
\xa6'\xbaZ?u\xd8\xed4\xa0\x0b{\x98\x02\xd2k\
\x83\xc6\x80\xd1\xf3\x1d-g\xd7\x95\x13\xd3\xd73\x1c\x1e\
1\x04gV\x91\xa36\xa2Z`r\xaejW\x98\x83\
\x9aU\xd7\xd6\xba\xbd\xad\xc3+\x11*\x00\x88r\xc0\xc9\
a\xa0'fo\xa3\xdf\x9d\xc5q\x05\x18(H\xcar\
\xb9J\x92\x00!y@\xef\xa9\x9dB\xc7\xab\xda\xe7\xa3\
2\xb8\xfe\x9a\x8c\xfcg\x12H\xca,#f\x8b\x93i\
oJ\xe6\xad\x0a'*\x01 s1\x99\x84\x07\xe6\x07\
\x8e\xb4x\xc0\x90R$\x93\x98\xac\xbb\xb3\x18k9$\
\xf9\xf5\xad]\x95\x8e\xac\x1cL5\xa58x\x8aK\x90\
\x95\xf7\x84\x13\x0aK\xcd\xf5m+Z\xc6P\x7f\xc8)\
BRVn\xa6H\xcd\xdc*7\x98\xef\x007\x81I\
\xc4)$\x91\x0a\x1a\x17-\x94\x00C\x81\xb8\xd4\x06\x0d\
4\xcc|\x15)\xf1J\x92\x1c\x91\x90;\x87\x971\xf2\
\x82@\x13\xcbJ\xca\xb4J\x92\xcat\xbb\xc330\x91\
\xd6\x0f[S#;G\x8c\xc4R\xb3b(\xadd\x06\
9\x89,\xc3,\x99 \x8f'\xacE9C\xb3\xb1g\
\x1f\xb1\x06\xb4p\x89C\xa5X\xb9\xf2(\x9c\xc5\x19\x5c\
\x87c\x94\xa81 \xbd\xec@\xac\xdcn2T\xa5\xe4\
J\xb2\x02\xa6ai\xee\xbb<\xd8\x16\xe4*mT\x8c\
\x87\x132\x806x\xf4\x02c`\x1f\xc6\xb4\xf6\x97\x05\
\x88\x84\xa7\x19XkF\x1e!?\x0d\xdc\x85\x10\xa9e\
\xa8\x07\x22\xf9\xa4\xfd\xb1\x0ca \xa6\x04\xb3\x89\xd0;\
\xc9\xd2\xd5|ojb\xe2\xe1\xe1\xe1+\x11G\x0f\x0d\
\xc2\x10THIQ\x92:\xf2\xac\xabi\x19\xb8\x84\x9c\
\xd9\xd8\x09\xb0\x86 =\x89q\xa5\x0a\x14\xda\x10\xa0\x0f\
\xacL\xc3r\xaaCZ\xdayI=@z\xac\xce\xec\
K6\xa4>\xfe3P\xb6\x84\xe0(\x87\x18a\x8d\xbb\
\xdf\x93R\x91\x87\x82\xe1\xdcU\xd0D!Ljk\xf6\
\xa8C\xd1)z\x0aJ\x08bv\x14c\x08\xe5\xcc\xc7\
)$\x051g\x008{;\x11\xe6*\x81\xd1\xfe\xf4\
\xc3\x88r\x84\x12Y\xdd\x9e\x01 NQ\xab\x01\xe5\xca\
\x9c\x22\xb3\x12\x18\x98w\xf7\xe5W\xce\xdfz\x8c4\xa6\
\xe1\xe0\xa9@\x01by\xc3<\xda\xd71f\x9a\x01%\
D\xb9'\x99\x9b\x93\xf7\xab5`o;\xf4\xa7\x02\x18\
\x00\x1cK\xc3I\xd1\xc5\xd8\x01\xe6j\x88\xb4\x88.'\
\xde\x94IG\x957\x0b\x0d\xc8\xf0\xd2\xbd\xef\xf0\x1f\xe1\
\x7f\xf3\xd4R\x14\x94\x84\x80Nmf\xc1\xa7\xca\xab\x9c\
\xf6\xa7\xdb\xe4x\xae\x13\x85*0\x92@\x93{xZ\
\xe3\xce\xbdG\xf1\xe3\x85\x82\xb0q\xb0\x8e*\x18\xbaB\
\x8ag)\x09.6%\xeb\xa3\xda_\xc6\xff\x00\xe2-\
iZ\x83\xa5D0\x1a9.?u\x8f\x07\xb4\x9c|\
0\x90\xd9\x9c=\xdcFo/\xa0\xab\xf3\x88\xf4\xccN\
\x11G*\x12\x1b3\x12\xe5\x98\xa8<\x92\xccBH\x83\
\xfe\xcf[pTr'\x0e\x18(\x98\x03V\xfc\x0a^\
\x00Z\x80H\x9b\x86\xeaC\x93\xcf\xde\x95\xe8\xbb3\xb2\
\xe4\xe6\xef(\xb3\x93\xfb\xac\xf7\xaf\x1a\xfc\xf1\xebG`\
vd\x87\x0eM\xeb\xdfvwe\xf7AjG\xf1\xbe\
\xc9\x02\xf5\xea\xb0\xb0B@\x0dj\xe6\xf7N\x8bf\x5c\
\x94p\xa1\x06\xc4\x93s\xd7\xdf\xa5s{UiIu\
\x02\x00po<\xd8}y\xd7\xa2\xe21Bn\xdb\xf9\
W\x86\xfeA\xc6\x05>\x1c\xb4\x95(\xbc\xb1\xfa5O\
=\xe4T\xd7\x9d\xaeg\x1d\x8cTT\xa2#F\x04\xb3\
\xd9\xfd+\x8f\x887\x1a\xca\xb6\xe5\x1fJ\xd5\x89\xc5\x80\
\x0el\xcc\xcc\xc9%\x80\xbb\x0d\xd5\xcd\xab\xceq\xbd\xa2\
\xa5\x12\x03\x01?0;\x8d\xaeK\x9eQ\xe7\xd7\xf3\xf9\
\xf29>\xbf^\x95\xdax\x85\x0b?\x0c\xbfy\x92\xe1\
?\xe4\xf7xq\xd7Z\xe5c\xe1\xbb\xa4\x10\xd6v,\
C\x19s/\xc9\xbfz1\xb1qV\xc5F\x06\x8c\x19\
\x81T@\x98>g\x94#\x8cJ\xd1\x86\x16\xa4\x94\xe1\
\xac\x90\x93d\xa9\x99\xfc\xbc+\xa2G&\xb4\xc5\x88K\
\x02\x1d\x9c\x8b*\x03\x0b\xc6\xa0\xee\xf0|k\x87\xc6 \
\x96\x90\xfd\x00\xb9\x00\x93\x16\x06\xfb\x1a,N,\xa5!\
*\x04'@D\x16.33f\x91\xab\xfa\x06\xcb\x86\
\xb5\x86\xc4\x01H\x1d\xe0\x95Hxe\x04\x9b\x18,z\
\xb5\x17\xc1=L^&70_o\x0e\x8d}\xea\x90\
\xb3\x9f\xe2\x04\xbbe,\xa4\x82\x09\x00\x5c*\x0c\xbc\x9e\
e\x86\x9a\xb1\xb8vF\x1a\xc2T0\xd5\xdd\x04\x97\x0a\
X\x09*c\xa7\xf8\xc6\x91Y\xf8\xcce\x14\x80\x9b\x07\
o76\xbdE\xad$N;\xb4>\x22R\x0b\x05 \
e}JR\x00K\xb4\x06\x00\x07\x01\xee\xf5\xcbV:\
\x9d\x8a\xcb6[\xc3\x03\x00\xb5\xd2\x0c\xb54 \x94\x15\
\x17\x82\x12\x1d\xdae\x81\xb3\xc9$\x1a\xcb\x8b\x88ox\
`Y\xb4\xd3\xd2\xf5\x16\xb4\xcc\xe1A \xea\xda\xb1\xeb\
g\xe94K\xe1\xd8\xe5p\x0d\xdc\x9b\x86x/\xab@\
 \x1bP\xad\x10\x0b\x89\xdeE\xfde\xdf\xf7U\xf1\xa5\
\xcb\xfc\xcf\xcb\x9f=\xab:\xd0\xfcU\x04\xad\x05!A\
\x90\x9f\x9d)\x0eZH\x16\x22`\xdc\xde\xf5\x91\x05\x1a\
\xd9\xbc\xcb\xef\xa4TB\xda@\x81\xa1\x91>\xc5P\xc5\
\x0e\xe4=\xeew\x17\x1c\xde~\xd4\x8c\xec,\x04\xb0s\
=G\xe6\xaa\x88+\x0bg\xf1?\x9a\x94\x06@\x99\x92\
\xdc\xe9\xd8\x9c*\x92\x84,\x86\x0b\xcd\x94\xb8?)b\
\xe0\x17\x12u\x14\x90Cs\xf7\xfb\xf4\xabU\xf4\xf7\xd2\
\x90E\xd1?>wz\x98\x98JL(\x10`\xc8\xd0\
\xcb\xf4j$b\x10\x924\x83\xf5\xfd\xc50\x8c\xcd\xab\
\x8d|kW\x0d\xc4\xaf\x09c&!\x04\x05\x00\xa4\x92\
!ib\x1fb\x0b\x10\xd4\x84)\xcf\x80\xf2\x07\xf1\xf4\
\xa8R\x96%\xcb\xbc\x06\xd3w\xaa*r\xcf\xc4)\x19\
R\x92\x10\x13\xdd\x0c\xe4j\xa9\x95\x1dUA\x84\x92\x08\
o\xa3\xfa\x18\xa6\xf08\x09R\xbb\xca)\x13\xa3\xcb@\
\xd2\xe5\x83\xf3\xd6\xbd\x97\x1b\xfcs\x86O\x05\x87\x8e\x8e\
!+\xc5Q!X@J@\xd6\xee t\x9a\xb9\x11\
u\xc7\x96\xe1\xb0s\x10\x98`Ox\x07\x7f\xd4GZ\
\xefv?h\xe2\xf0\xeb*\xc3Z\x92\x5c\x87I\xcb\xe9\
\xa0\xa4+\x85\x18,\x14Fb\xc6\x14\xf7\xdc\xa6\xdet\
\xee\x1b\x09La\x81\x06\xcf/\x0c\x0e\xda\x10v\xaa\xbc\
)\xda\xdd\xc6\xf6\x82\xb1T\xeau\xb1\x04\x82n\xe6\x5c\
\xfb\xd6\x9c\xb3\x86\xacu\xab\x0f\x0d8HR\x9c \x17\
\x09\x8b\x03}\x0d#\x81\xc0\xe4'q\xa8g\x9dk\xa1\
\x85\x82\x14B{\xccK\xc8\x02\x05\x8ck6z\xcfU\
\xa6r\xdf\xd9\xc8\xcb\xdfc\x94\x02b`]\x86\xf5\xeb\
\xfb\x1f\x06\xe4\x92Fb\xc4\x86\x87q\x1aA\x15\xc8\xec\
\xde\x10(@v\xde\xbb\xfc\x07\x0e\xa0e\xe4\x8dF\x9c\
\xb4\xac5z\xe9\xc6y\x1e\xb7\xb2\xd6\x05n\xe2\xb8\x90\
\x94\x95\x12\x00\x1a\xf2\xaf5\x8f\xda\xc8\xc1\x1d\xe2_@\
\x03\x9f*\xe6\xf1\x1d\xac\xa5\x82\xa5(\x01$\x5c\x006\
k\x16\x90\xe4om2\xfdY\xe4W\xfer\xfbZ{\
o\x8f\xce[\xfcRl\xe4f\xb5\xc0\xd0\x11\xe9^S\
\xb6\xfbD f!\xde\xc3\x7f\x0d\x85g\xed\xfe\xde\x00\
\xb2Nb\x0b5\x9fX6\x10+\xca\xf1\x1cN|E\
\xe2\x10\xc1vB\x96\xa5\xe4\x0c\x03\x03\xea\xf1]_\x1f\
\x8f=\xae_\xbf\xde\x7f2g\x15\xda\x98\x8a\xd0\xa4\x80\
s\x01\x22Hm.\x05!+\xc2\x09\x19\x0e!X\x03\
9U\x82\x89.\x12\xda0\xbfZ\xc6q2\x95'\x0d\
e)P!e\xcc\x82\xc4\xa4\xf2,<\xab&\x16,\
\x977\xbb\x0d\x81\xb4\xc6\x95\xd5#\x86\xd7M+su\
)\xa6\xee\xcc\x1c\xdb\x9d#\xb5{G\x13\x13\x0f\x0b\x09\
k\xcc0\xc1\x08H\x0c\xc0\x9dKI\xd5\xf9\xde\xb3|\
B\x0a\x89\x87\x87\xf1\x98\xdb\xa5-8\xa1\x8d\x9c\xcb\xeb\
\x0f\x001\x12\xfa\xedWjd\xa1O\x14\xa4%H\xee\
\xa4)\xdc\xb4\xb7\xfa;;8\x105\xa0\xe1\x90\xe0\x95\
,w\x06`\x87,\xa9\x0e\x90\x05\xc9\x93{\x03K8\
\x9d\xe6\xcb\xd77Q}\xe9\xdcJ\xf2\xe6\x16Q\xbc\x11\
\x07\x97\x95gkL\xc6\x9c\x1e\xdf(\xff\x00\x8e\xd8\x18\
*8\x0aR\x9di*\xf8\x8f\xa6(y\x00CW+\
\x88\xc5*R\x8b%.Id\x86\x01\xcb\xb2F\xdbL\
Up\xdcy\xc1\xc5F JU\x91AYV\x1c\x16\
\xd0\x8dF\xf4|g\x14\xacL\xf8\x85\x09Nbl\x90\
\x12\x1c\x82B\x7f\x17\xac\xdb\xc8\xcb\x8e\xb2\x22\xe01c\
o.u\x9f\x15I\x9b\xfe\xf9\x83\xd0\xd1\xe3,,\xd8\
'\xbaI'1|\xa0\xf3\x22\xf0\x0d\xa0Zk9 \
\xc3\x80'\xbcA\xe6e\x9c\xf2\xf2\xd2\xb3\xb5r5`\
\xf1!2R\x85\xf7\x14\x9c\xab\x063\x7f\x90\xcaGx\
\x09\x07\x90\xac\x89\xc2,Hf\x1a\xe6\x01\x9c\xb4\x07\x7f\
C\x15e=\xe2\x12\xeb\x0dv:\x00cX\x11\xd2\x81\
h%\xf2\xbb\x03f\x96\x1a\x9eA\xefRr\x08\xe1\x16\
Qpr\xb1\xd4\xbeb\xcc\xe3\xab\xe9\xad%\x090\xee\
\x90u\xdfo\xb7\x9d4\xe2\x90\x18\x12\x18\x08w\x04\xde\
Z\x0b\x12L\xd2\x94\xb3~z\x06\x01\xfc#\xa7*\x0c\
yF\xaeN\xe0\x8f\xb8\xa9Q8\xaaa'\xcc\xd4\xa0\
\x04\xe5\xe7a\xb5\xda|\x1e\x81\x03\xe8|\xda\x98\x11\x98\
@\xb4\x92\xfe\xbe\xa2\x9b\xc3`\xa4\x96Q\x22\xe4C\x85\
\x10!:3\x98\xcd\xa5\x00\xae#\x8a\xc4\xc4\x95\xa8\xac\
\x84\x84\xba\x8b\x90\x94\x86H\x04\xc8\x00E/5\x19d\
\xab\xce\xdaI\x89\x152\xf3\x97\xf6i\xc1Q\x15\xa9(\
\xcc\xe08\x12@wi\xd4\xb4\xff\x00T<6\x10*\
\x19\x8cj@\xcc\xc3\x90$?\x9du\xf8\x5c\x04\xe7\xee\
%@\x00\x0c\x90\xff\x00+*@\x17$\xb7QZf\
u\x9d\xd1X\x1c\x11\x01\xcc{\xe5M\xc4Sk\xfa\xad\
x\x81\x08l\xe1\xf6\xe5\x1a\x8f*\xd5\xc0vg\xc4\x01\
Dw]\xc3^\x03\xdbf\x97\xe5Z\x7f\x13\xfd+\x85\
\xe0\xca\xd9D\x10Ng\x16\x1c\x80\x1b5t\xb0p\x80\
\x05\xcb\x17\x0c5\x93\xa7-\xebRS\x96T\xfbl\xc4\
CR8\x15\xff\x00\xdcQ*\x00\x80\xcd\x05\x80\xda;\
\xa4\x96\x91\xbdgkL\xc6\xde\xcf\xe0\x1eTH;i\
\xcf\xc2\x05v\xb0YE\xa0\x91I\xc0\xc7Ia\xeb\x03\
\xc6\x9b\x82BUf\x90\xe6K[K\x9fO\xbdc\xaa\
\xd7\x19\xe7\xf5\xdd\xe0\x8aP\x1d]\xd1\xacV\x1e#\xb6\
\xf1\x16\xb2\x8c\x14\x92\x05\xf1\x0f\xca\xefa\xb9\xac\x1cw\
\x18\x952U /7\x22\xc5\xbb\xcdt\xda9VL\
n\xdfA\x0a\x09f\x10t*;#-\x9a~\xb58\
\xf9\xda\xad}f]\x5c\xe9\xc3\x07\x17\x11@\x9f\xf6Y\
g\x8d\x07]\x87\xd6\xbc\xff\x00hv\xca\xb8\x85\x00\x92\
\x06\x12d\xe8\xed\xd7K\xd6l\x7f\x89\x8a\xa7[1v\
\x13\xdd@gg\x87 _\xad\xa98\xd8\xc9.\x9c0\
R\x81\x0f\xac\xeet5\xbe>R9\xbe\x9f}i\x16\
\x02\x8c\x98H\xfa\xbf\xd8\xfaV%\x9c\xec\xe4\x90!\x84\
C\x92\xd5X=\xac\xbc%\x15a\xb7\xcaRB\x80P\
\xcaA\x1f\xe4/%\x8e\x8dC\x88JC\x1c\xaf\xff\x00\
\x89{\x13\xa8\xe9]\x11\xc9\xae\xf4\x18\xa4\x01\x0foA\
\xee\xf5\x9b\x14\x03h\x1a~\xfd\xe9V\xacG\xde,9\
j-\xeei_\x14X\x8d\xfa\xf8\x9f(<\xe8\xb4\xe4\
j\x1c1\x0aF\x16RJ\x88f\x01\xc8S\x10\xcf\xb8\
f\x11C\x8c\x88f\x03#\xbb\x86S\x93b\x09\xd3\xc2\
\xf4\x80\xa7mw\x1a{\xbf\x9d\x0e6#\x025=:\
\xc6\xddjmi2^:r\x92C\x9e\xbfv\xac\xca\
\xc4yQ\x0d\xcc\xf21\xbc\xd1qX\xc2Z/\x0ev\
7>\x9e\xe7\x0a\xd1\x9aC\xb3C\xcc\xc3\xda\xc1\x9c\xeb\
o\x1a\x8bW\x22ac\x12\x5c\x96\x83a2\x1a\x06\xfc\
\xe9\x9c^:\xf2!\x05\xb2\xa4\xa8\x86\x02^\x5c\x91*\
\xe4\xf6\x90*\xb8\xbc5a\xac\xa1iRV\x98)\xb1\
\x1df\xfd(3\x95\x890,:\xfd\x1d\xab;Z\x90\
V\xa6\xfd}\xdba\xf5\xaaN#h\x1c\x17w\xfd\xd3\
\x15\x84s0!]\xdc\xfa\x91\x09\xcc_\xa0\x04\x1e\x86\
\xb3\xa8\xdf}\xbd\xcdI\x8c\xe2\x9c\xad#\xa7\x8b\xbf\x9d\
\x163\xa4\x00\xe9.\x90C+6W\xd0\xb5\x8e\xe94\
<B\x82T\xc9P\x5c|\xcce\xd2\x1c2\xb6.\x1f\
\xc7jJCx{\xfbR1\x95\xb81\xd3\x93_\xf3\
@W\xa6\x9bt\x17\xa6\xa1I\xbd\xc8b\x22\xfb\x83\xb6\
\xb4\x01m x\x9a\x00^\xae\xa95t\x07\xaaW\xf1\
La\xd9\xe9\xe3\x8eA\x82VR\xc1]\xe7\x0f$j\
\xe5\xc6\xfc\xab\xcc\xa9 ;\xb7\x9b\xfd./ZW\xc5\
\xa8 a\x95/(/\x95\xe1\xf59l\xf6\xac\xf9\xec\
\xd0@\xbe\xf7\xfe\xa2\x99C\xbb3\x89(ZU\x94/\
.fI\xe8K\xb0\x9e\xe9\xefm\xdd\x98zR0\xc9\
\x86\xb0\xe9\xf5\xa6cb(\x80\x97t\xa0@\x88v\x04\
\xc0\x17a~T\xce\x0d\x034\xfet\xe5N\x16\xaf\x1a\
8\x0c5\x12\x96\x04\x91\xf2\x86}^\xda\xc95\xe9\xfb\
\x15\x19AH\x92n\x05\x8b9\x05\x5c\xc3\x9d\xab\x17g\
\x9c\xabJ\xf0\x8a\xb0\xc8\xca]%\x99A!\xc87\xff\
\x00b\xfc\xebb\xf0\x1de\xb1\x02XB\x88\xca\xe3/\
\xfa\x87\xd5\xb9\xf5\xae\x8c\xce0\xb7\xfc\x0fk\xe1\xe6\xc6\
@wB\x12\xce\x00\x12@$(\x8f\x98\x87\x01\xcd3\
\x18\x1c\xa1\xaf\x16\xb5e\xc3\xec\xdc\x5c1\x9c\xd9M6\
.d3\xf2\xdf\x95\xa9\xdd\x94\x9cL|Q\x86\x0b$\
\x0b)A,F\xe5\x98l\xdev\xa9\xbdi\x9b\x04x\
\x85\xaf\xba\xa2\xccw\xbfR\xef\xfd\xd6\xcc4\xc4\x1d\x9c\
\xf3\xae\x8f\x1d\xfc}Xi\x19\xd6\x8d\x18$\x8f+I\
\x03K\xcd#\x1c!\x00\x04\xc2\x88\xb1,]\x9d\xc90\
\x91Y\xf2\xaf\xb0|.(I\x09%\x86\xf3\x1c\xe3\xc7\
\xce\x8b\x8d\xed\x14\x03\x95\xc2\x99\x83$\xbb\xc0>\x17>\
5\xe7x\xc9$\x85\x13\xdek\xb1\x22~fT\x18\xe9\
O\xc4\xc5JJI\x01:w\x5c\xbbX\x92K\xb9\xeb\
Nc\xa5w\xcf\xe1\xdcZ\xd5\x88\xe1j\xca\x0c\xfc0\
-\xb3\x91\xca[\x9d\x188H\x0cv\x0d\xc8\x8dg\xcf\
\xc4\xd71<a%\xd5\xe0\x1d\xc7\xee\x99\x80IS\x90\
\x9c\xdb^7\x1aX\xd5\xc8\xc7W\xad?\x11X\x80\xe5\
r\x05\xd9/\xa1bKr%\xb9\x1a\xa3\xc3\x90\xcf\xde\
\x1f}\xf7\xa6\xa7\x1b*r\xb6R\x1b0\xb5\xff\x00M\
zG\x15\x8fhg\x0e\x1fkG\x885H\x0e3'\
3r3\x16\xd0I\xd7\xe9Y8\x9e \x12\xec\x03\x81\
\x01\xc0\x1b\x80I\x9d\xf9\x9a\x1cN%L@\x05\xcby\
\x18\xb0\xdd\xc4\xd6\x05\xe3\x82\x05\x9f\xaf\xe7cGxs\
=i\x5c\x92\xc3\xc2\x89)`AI\xef\x01\x94\xbd\x98\
\xccjM\xab\x01\xe2\x04\xe9\xb3[\xa7?:\xdb\xc2q\
\x0e@p\xfb\x8f\x1f:R\xf4Y\xc3q\xb0T\x82E\
\xcd\x99\xc4X^\xdbP\xe0\xf0\xc8Y\xc48\x98\x81\x05\
(R\x80\xcaU\x99_\xe9\xdd\xf9u\x93f\xae\xf7\x05\
\xfc\x7f\x13\x10wSz\xc3\xda\xdf\xc7\xf1\xf0HVR\
<?\x22\x8a%\xaf=\x880\xf2\xad\xf3\x15\xbar\xb1\
\x0duf\xcd\xab\xfc\xad\xe3X\x02\xb9E\xdag\x95\xeb\
W\x19\x05\x8c\x1a\xcf\xc5a)\x0a\x09P\x9c\xa1W\x06\
\x08y\xcbc\xb825j\xca\xe9\xb4\x82\xe12;\xad\
D\x01p\x91%\xee\xcf\x0f\xbb\x91x\xda\xb3\xe23\x96\
\xf0?\xdd7\xb4\xb10\xca\x87\xc2B\x92\x9c\xa9\x04)\
AG0\x1d\xe2\x08\x02\x09x\xd1\xefY\xd4\x18\xa75\
\xa3\xcb\xd9\xa8\xb5\xa4\x81r\x07\x95S\x86\xb7\xbf\xbd\x0e\
!\x0e\xe2\xa1\xe5\xe3IJ\xa2B\x9a\xdbP\xb5\x16w\
\x0d\xed\xa8\x02\x0a\x7f \xf7\xf3\xbd3\x12`\x06r\x0b\
\x00u\xb1\x7f\x16\xa5a\xb3\x19\x97\x0c4\x22\x7fTv\
\x05\xa5\xda[_}( \xe5\xa9N\xc2[\x06\xc8\x85\
s \x9dwqW@B\x01$$\x16*\x0d>B\
\xc1\xe1\xa8\x1d\xc0\x0e\xe0\x0f'\xd2|\xd8nj|3\
\x10f\xb6#\x00\x100\xc2_\x10\xa9,R\xa0C(\
|\x99@\xf9\xb3j\xfc\x9a\x9cM\xbc/\x85\xc2^\x22\
\x82R\x0a\x8c\xb0\xd6\xddyV\xbc\x14(\x14\x9b;\xb1\
\xf1 \xda\xda\x86\xad\x9c7g\xab\x0b\x11C\x13\x0c>\
\x19\xef\xa1@\xb06\x01]\x14m\xab1\x8a\xbcYb\
\x90\x13`\xc0\xbb\xfa0\xf1\xads\x19\xea\x88b\x01\x00\
\x10]\xe4\xbe\xb6\xb7\xaf\xa5t\xd2\xb5\x80\x90p\xc3:\
\x9f*\x92\xa6b\x01p\x09f$\x01\xd6\xb9XE%\
.Aw\x1a\xc71\x1e\x13\xc8\xefZxn,\x02@\
Fp\xca\x12\xa5\x00\x92@e\x0d\xd8\x87mXV\xbd\
e]\x85\x82\x14J\x94\xa5\xa5\xdcFP@\xe4\xe4\x03\
\xcfJRx\x92\xee\x90\x08\x00l\xcc\x1c\x97f/m\
~\xcd\x93\x86\xc6J\x93\x881B\xf3\x90>\x18C6\
g\x0e\xe2\xe6\x1c\x06\xd6\x87\x88Z\x08@F\x19\xc3\xee\
\x80\xae\xf9!D?x\x8f\xf1\xdb.\x8d\xce\x95T\xf1\
\xbd]\xa1\x88RIP\x06\xeeXr\xee\xef}\xfe\xf5\
\x9b\xfe\xa22\x14\x84K\xb9Y$\x92F\xefqj\xce\
\x9c\x14\x92\xe6KA\xb5\x83x\xdb\xc4\xd0\xab\x14\xb8\x01\
\x95\xb8\x22\x18\x17\xef\x03{\x0fJ\x5c?\xd2\xb8\x8e \
\xadY\x80Ne\x170\x00}\xb2\xa4\x00\x9fAS\x88\
A\x0f\x030\x17p\xd3\xa8\x99rE\xb65\xa3\x8e\xc0\
\xc8\x84,eP*PZ]!\x94\x8b\x80\x01\xcc\x10\
`\x02@\xb5gK\x92\x92\xb0\x00\x04\x00\xc2\x12\xd3,\
$\x87\xebG\x13\xd6L\x15\x97rI:\x16\xb35\xb6\
g\xad\xc1y\x88\xb0=\xe2T\xa3\x7f\xf2\x9dw\xf1 \
Q\xa7\x8e \x14\x82JVAZX\x02\xac\xa6\x01T\
\x93\xa7'k\xd2qq\x89+`\x13\x87\x9b7\xc3+\
$\x02A\x01\x89 \xa8\x80o@\x1e\x08+PJA\
u|\xbb\x93\xb7\x8d\xbc\xab:\xd42\xfc\xdd\xe7l\xac\
m\xfe\xd9\xadv\x14\xbcC,>P\xc4\x90\x09`X\
j\x1e\xf1\xcc\x8a\xcc\xbe Y\xd8\x02K\xb6\xfb\x9a:\
$V*\x08\x05LZ\xcf\xb1\xd8\xf8=g^\x1a\xc6\
fK0\x0a\x92\x1c&\x03\x82Y\xe4\x8b9\xf258\
\xbe \xadEk%J$\x92KK\x99/\xe7X\xf1\
\xb1\x01Q!,4\x17`>\xb5\x16\xb4\xcc\x12\xf1I\
\x01\xcd\x9f\xd6u\xad\xdd\x97\x8e\x8c\xc32\xb2\xdc\x92\xcf\
d\xf7C\x0bL?7\xaeQ\x5coE\x89\xdd-\x98\
\x1e`\xbd\x89\x1d\x7fMQ\xfa_\xe7\xaf\xb0\xff\x00\x16\
\xfe\x5c\x8c,\xa5yX\xcb\x02\x0b1\x22F\x96\xf2\xaf\
A\xfc\x83\xf9W\x0b\x8e\x8b\x07k\x0a\xf86\x0f\x19\x95\
\xe7\xa7\x9c\xd3\xd1\xda\x87r\x08l\xb3\xcfPF\xcfO\
\xb9\xefS\xcdI\xc8\xd7\xfc\x90\xa5J%0\x1e\xb8\xb9\
P\x01\xccI9c.\x8aq\x05\xee\x19\xed\xca\x9b\x8d\
\xc48:\xed\xf9\xac\xb8\x8d\x0dQ\xab\xd5\xe2r)\xc9\
\x9f{U\x85\x1bo'\xc3\xd6\xaa\x88\xe3\xa9\x8a_\xba\
T\xec\xfa\xb5\xfc\x89\xf3\xa9Yj/T\xdb\xd1\xa5;\
\xd8TS9-\x0fg\xb7\xe7\xad\x00\x22\x8b,zT\
J\xcb\x11<\xc7KT\x8f\xd50\x81\x05\xac[\xdd\xea\
\xc2\x09\xb53\x87\xc1\xcc\x14A\x03(\xccs\x10\x1eD\
\x07\xb9\x9b]\x81\xda\x84\xa8em\xad\xad\xff\x00\xaa\x09\
2\xedR\x85\xeaP\x1dE\xf1\xabZ0\xf0\x94\xb2p\
\xf0\xb3\x94$$\x12\x0a\xd8\xa8\x12\x00,H\xe6\xcd\x1c\
\xdd\x87\x87\xf0\xc30s.\x08=\x18\x83\x1a\xf9\x0a\xe6\
a\x98\xb5\xe5\xdc\xeck{\x80\x18\x10JX\x02\xe6\x5c\
\xe8-ru\xf3\xab\xcb=:\x18\xa0(\x00\x94\x92\xa7\
r\xa3%D\x88K\x0d\xa4\xbb\xcb\x9a\x00\x92\xe5!3\
1#\xc7\x98\x1b\xc5\xf4sE\x81\x88\x03)=\xd6\x09\
b\xe5\xd2C:\x86_\x1b\xfa\xd4\xe1\x16Rs\xb8.\
\x14$?\xcc\x19\xc0\x89\x0e\xe3b\xd5\xa2\x040\x01\xcb\
%P\x06\xd2\xd2\xdc\xac<\xeb_\x11\x82\x84\xab\xb8\xe5\
%\x98\x98\xd2Aby\x81\xe7\xca\x8b\xb3\xd6\xac3\x9d\
9V\x01'*\xd0\x1a\xcd\xdesc1\xf8z^(\
\x0e\xc1o\xc8's\xbe\x93U\x10q\xc0O\xc3\xce\x16\
\x90A\x09\x08/\x98\xb8'0\x86\x00\x10\x05\xdeE(\
\x85\x16\x11\x95\xe5\xe7\xd3\xc2\x8c\xf0\xf8\x99AJVC\
\x80a\x86eX\x07\xdcK\xf4\xbd\x07h\xf0\xcbJ\xf2\
b\x85!i\x85$\x86h\x80\xdd\x1a\x98f-\x98\x00\
\xec\x19\xe5\xbc\x03l_\xd3\x9do\xc5\xc0\xc8\x9f\x89\x86\
\xae\xe2\xca\x92\x15\xf2\x97\x01$\x823\x1d\xc7\x22\xc6\x94\
\xb5\xe1\x0c$%!\x7f\x14)Y\x89l\xa50\xcd\xa8\
#\xca\xd4\x0aC1\x90\x18;\xfd\xb9^\x91\x92\x94\x83\
\x95\xf4&Ku\x97\xd7\xad;\x08\xa7\xfc\xd2\xac\xba1\
\x87\xf1\x13\x00\xc4P!\x1d\xd2s!\x838$=\xc0\
\x81\xe2\xfd\x01\xe7U\x8f\xda*8c\x0f4!\xc0`\
\x9f\x94\xa8\x123\x09Wy\xaet\xa3\xa3\x8d=\xa0\xac\
7|22K>P\xb6\x0a\x82\xb0\x9f\xf2\x91\xa9\xeb\
Xq\xf8\xb56g`F^\xec:D[g\x01\xcb\
K\x0et\xbcL\x22\xa2\x90\xca\x01\x92s1.\x95<\
\xb6\xcf\x11\xb1\xaeo\x12\xa6,\xe4\xa7C!\xdbo>\
l\xf57G2x\xc7K\x17w\xd2\xd6\x97w\x97\x91\
\xeb\xca\xb2\xe3b\x02b/\x0f\x10I\xd6l\xc09'\
\xce\x81x\xa9'\xe5`A`\x09\xdbRO\xbd\x85\xab\
&cY]\xb5\x9879S\xef\xb5\x0e\x1e)K\xb3\
N\xad#\xa7[\x1d\xc5/ \x89\xfdy\xd5=OW\
\xc1\xa6\xf3\x03\x97\xda\x84TaQ\x03\x9b\x7f\x5c\xa86\
\x9c\x10\x1dG.`\x06\xa4\xb0x\xef\x10\xda\xdb\x9bV\
u\x1a\xa0\xb2\xcdBi\x17\x06\xfc\xe8I\xa3H\xb6\xbb\
\xd5)\x81\xe4\xdfQ\xf5\xd2\x8e\x98T*\x80\xa6+\x1d\
E!\x04\x92\x94\x92@\xd0\x153\xb0\xe6\xc3\xca\x96\x93\
@Xz\xb6#O|\xaa\xd4\x86\x03\xdd\xaa\x8fZ\x02\
\xca\x9c\xbb\x01Q\xd2\xcd/\xbf\xeb\xdd\xaa\x8b\xda\xd5\x08\
\xdd\xf9\xd3\x08R\xc5\xaa\xf2\x9f|\xf5\xe9\xf9\xaaU\x18\
\x05\xf2\xcb\x98j\x09V\xa9D\x8c2\xd6>\x02\xa5\x00\
\xec<L\xa1C\xfc\x8e\xaf\xa6\xa2\x0b\x17\x8f*4\x93\
,I\x0f\xa0\x810b\xdd))\x87'6\x8c\xd6r\
5\x1c\xc6\xb4X\x18\xa5\x0d!\x8b*\xf2\x18\x96\xb4\xa4\
\xbc\xf9S\x97\x85c\xa8\xbcr`\xa8\x98H\x22F\x92\
\x0fN\x95\xeb\xff\x00\x84v6\x0f\x14\xac`\xac\x0c\x5c\
b\x9c\x05\x94\x8c2\x94\xe5X\xb6n\xf0pm\xae\xb1\
^#\x85\xe2\xc8\xc4\xf8\xc4\xa5J\x0b\xccR\xbe\xfer\
K\x97\x0a\x04+\x9b\xef\xado\xe1\xbbO\x11\x0a+\xc0\
8\x89QJ\x81)R\xb31\xcc\xfd\xe4\xb1l\xb7\xbd\
\x9e\xb5\x962\xb2\xb5\xa5a \x05\x0b\x82\xef\xcd\xc4r\
z\xdb\xc2b\xfc\x15\xe1\xe2\x0c4\x1d@\xc4\xca\xa4+\
I\x0e\x18H\xbe\xa2\xf5\xe7\x87\x1b\x02X\x81\xb9\xb6\xc0\
{\xe9M\xe3{H\xe3/:\xca3\x17* 0\xe4\
;\xb06\x00\x06\xb0\xa7t\x9f\xcb\xaa\x8e\xd5X\xc28\
c\x11C\x0c\xaf:\x90\x19\x82\xc4%Z\x92\xd1H\xe3\
\xb8\xb2\xb3\x99K+R\x83\x95\x12\xe6#\xbcIq\x1a\
\x9bW\x1b\x13\x8fp\x12r\xb0\x80C\xeeN\xfc\xcd\x01\
\xc7\x034\x94\xc4\x02\xeeAm\x86\xc5\xf6\xa5\xfa9\x87\
C\xe2\xc9\x04\xcc\xc8\x9bl\xde3j\xd3\xc5\xf6\xa2\xb1\
\x80\xf8\x8b\xcc\xb0\x12\x90\xa3\xa2R\x18\x02v\x00\x08\xae\
\x1a\xb8\x82\x1d\xc7z<)\x1f\x14\xc4\xc1\xd5\xaan\xd5\
\xf8t\xca\x9e\xd7\xfd\xf3\xd6\xb3\xe2c\x92\x1c\x19g\xd6\
\xc0\x80-\xf7\xd2\xb0\xfcba\xfa^9\xfa\x0a\xa5\xa8\
e\x0c\xa5f/\x984rb\xf3\x17p<jn\xd7\
0\xd3\x87\x8c\x0b\xe6YI\x00\x94\xc6g\x22\xc9\xff\x00\
\xc5\xc93YTM\xdfY\xa8\xacS\x97+\xc3\xb9\x1c\
\xe5\x8f\x915Xrv\xe7\xf7\xa9\xea\xb8\xb5\x8f/.\
\x94J0$\x96\xf7\x1eg\xcb\x9d\x06\x1e!I\x0a\x03\
\xe5 \x82C\x87\x12\x1c\x186\xb1\xa1+\xbf\xe2\x91\x85\
TI\xf7\xfa\xa1\xa7\xad\x19`\x87$\x02\x0f\x22\x1e\xd4\
\x00\x89;?[\x9b\xd5|82#G\xbfH\xd2\x8b\
\x19\x0aK\x02\xccY]\xd2\x15\xf3\x00g)2\xcd\x17\
\x1a\xb5\x0aqZ\x19&\xf7\x03PG\xdf\xcc\x0a\x02\x92\
\x97\xbcHx\xd3z\x12\xd5w\xfcU\xe1\x8d\xdf@\x0f\
7\xd7\xc2\x90PQ'\x9f\x95Bg\xf5L\x1d\xd5E\
\xc1\x04fm\xdc81\xb5+\x9b\xd0\x0cS!J\x10\
\xaf\x98<\x8eN\x04\x11\xbb\x1f\x1a\x17\xb3\xe9\xf9}(\
\x09\xa8\x95P\x16SD\x82\x06\xfe\x14\xc5\xe5`g3\
\xb1\xf2\xbb\xbe\xf4\xa56\x82#\xc0\xd3\x0b$M\xf9~\
\xfd*\xb2\xf9\x1a\x8e\xe3\x98\xf5\x9f\xac\xd5\x94\x90\xc6C\
\x87\x1a<\x91\x1b\xeb\xe5@R\x10L\x09\xa3\xc3Su\
\xd2\xd0_Ntx\x18\x89\x04\x9c\xa4\xf7H\x0cH!\
E0\xa7\x1b\x19nU00IP\x02_Q\xa6\xb7\
\xd1\xa8\x081H\x88\xf2I\xf5j\x95i\xe4\xb1\xe6j\
S\x0aN\x9f\xfa\x1f\xbf\xe0yR\x82\x8b_\x97\x83\xbf\
\xd6\xa5JA\x05\x8dj\xe1\xcb3\x7f\xaa\xbe\xf5*U\
D\xd6e\xa8\xbdD\x1b\xf8T\xa9UD\x16\x17\xcc\x9f\
\xfe4\x5c2\x8eU\xce\x83\xebR\xa5M2\xc1\xf9\xba\
\x1aY\xa9R\xa4\xd5VjT\xa0\x1b\xc4\x86Y\xebA\
\x89\x7f\x13R\xa5\x01xW\x1e?CK\xa9R\x80$\
\xa8\xdbO\xee\xaf\x17N\x9fsWR\x80\x07\x8a4\xa8\
\xe5g\x8c\xc2:\x82\xff\x00A\xe5WR\x90R\xa3/\
O\xcdD\xd8\xf4\xfb\x8a\x95(\x02\xe1Gxx\xfd\x0d\
Z\xc3'\x0c\xeb?\xfe\xaaT\xa0\x15\x88~\xa6\x9b\x85\
\xa7\xfe\xaa\xfb\xd4\xa9@(\x16\xa6\xb7\xc9\xce\xfef\xa5\
J\x00\x00\xee\x1e\xa3\xe8h\x09\x8a\x95)\x84J\x88\x90\
Z\x98\x04x\x9f\xa0\xa9R\x80\x01WR\xa50\xff\xd9\
\
\x00\x00\x11\xaf\
\xff\
\xd8\xff\xe0\x00\x10JFIF\x00\x01\x01\x00\x00\x01\x00\
\x01\x00\x00\xff\xdb\x00\x84\x00\x09\x06\x07\x10\x12\x12\x15\x10\
\x10\x12\x15\x10\x15\x15\x0f\x0f\x0f\x10\x0f\x15\x0f\x0f\x15\x16\
\x10\x0f\x15\x15\x16\x16\x15\x12\x15\x15\x18\x1d( \x18\x1a\
%\x1d\x15\x15!1!%)+...\x17\x1f3\
83-7(-.+\x01\x0a\x0a\x0a\x0e\x0d\x0e\x17\
\x10\x10\x1a/\x1d\x1d%---------\
----+-----------\
.------+--------\
---------\xff\xc0\x00\x11\x08\x01\x13\
\x00\xb7\x03\x01\x22\x00\x02\x11\x01\x03\x11\x01\xff\xc4\x00\x1b\
\x00\x00\x02\x03\x01\x01\x01\x00\x00\x00\x00\x00\x00\x00\x00\x00\
\x00\x03\x04\x00\x02\x05\x01\x06\x07\xff\xc4\x00>\x10\x00\x02\
\x01\x02\x03\x05\x05\x05\x05\x07\x03\x05\x00\x00\x00\x00\x00\x01\
\x02\x03\x11\x04!1\x05\x12AQq\x13\x22a\x81\xa1\
2B\x91\xb1\xd1\x06\x14R\xc1\xf0\x15#br\x82\x92\
\xe13\xa2\xf1CS\x83\xb2\xb3\xff\xc4\x00\x19\x01\x00\x03\
\x01\x01\x01\x00\x00\x00\x00\x00\x00\x00\x00\x00\x00\x00\x00\x01\
\x02\x03\x04\x05\xff\xc4\x00%\x11\x01\x01\x00\x02\x02\x02\x01\
\x04\x02\x03\x00\x00\x00\x00\x00\x00\x00\x01\x02\x11\x03\x12!\
1A\x04\x13\x22Q2\xa1aq\x91\xff\xda\x00\x0c\x03\
\x01\x00\x02\x11\x03\x11\x00?\x00\xf9\xde\xe9\xcb\x05\xb1\xc7\
\x13\xb9\xc8\x1d\x89b\xfb\xa4Q\x00\x11\x028\x9cq\x00\
\x1bG,\x12\xc7,\x00;\x12\xc17H\xe2\x00+\x1c\
\xb0G\x13\x96\x00\x1d\x8eX#El\x01F\x8a\xd8#\
G,\x006\x8eX%\x8a\xb4#Q\xa3\x96.\xd1\xcb\
\x00\x0d\xa3\x8d\x17h\xe3B\x01\xb4p\xbbD\x00\xdch\
\xe3A\x1a\x22\x89D\x15\x89\xba\x17t\x8a \x01\xb1\xc7\
\x10\xce%\x5c@\x02\xe2M\xd0\xad\x1c\xb0\x057N8\
\x85Q%\x80\xc1q8\xe2\x1bt\xe3B\x008\x95\xb0\
g\x12\xad\x0ch\x16\x89\xba\x11\xa3\x8d\x00\x09\xa2\xb6\x0a\
\xca\xb4 \x13G\x1a\x08\xd1[\x00\x0c\xad\x824p\x00\
m\x10\xb3D\x10z\x05\x12\xd1\x8ee\xf7KE\x14B\
v\x16\x03R\x87\x13B\x8fy~@\xa6\x95\x9a'k\
\xd1\x07L\xa4\xa28\xe0\x06Q*&\x96q&\xe8g\
\x12n\x01\x02\xa2M\xd0\xdb\xa4q\x03\x02\xc5Z;\x8a\
\xa8\xa2\xaf\xc6\xce\xcb\xc4\xcc\xc3b\xe5\xbc\x93nWz\
}\x08\xb9\xc9t\xb9\x8d\xb1\xa0\xd1V\x838\x94h\xa4\
\x02\xd1V\x834U\xa1\x80lr\xc1\x1a9`\x014\
Q\xa0\xcd\x14\xb0\x00\x9a8\xd0F\x8a\xb4 \x1bD/\
b\x01=<\xa2M\xc0\xb4\xe0\x1b\xb2\x19\x94\xd0\xecc\
q\x89Q9\xd9\xd8\x07\x90e\x06U\xc4z\xad<\x80\
\xb8\x88\x13p&\xe8\xc3\x81\xce\xcc`\xbb\x89\x1cF\x15\
2J\x98\x8d\x97\xb4i\xa7NWZ,\x99\x8d\x86\x92\
S\x8b\xe4\xcfC\xb4a\xfb\xb9t0\xf0\xd4\xed8\xff\
\x0021\xcf\xf9F\xb8\xff\x00\x16\xb3W*\xd0w\x12\
\x9b\xa6\xecAq*\xe2\x1d\xc4\xabB=\x17q*\xd0\
f\x8a4\x04\x0c\x91K\x06h\xe3C\x00\xb4Q\xa0\xf2\
\x88&\x84\x03h\x85\x9a \x13\xd8\xd3\x80\xc5\x89\x87\xa7\
q\x95@UP\xbff\x9ee\xaaR\xc8f\x96\x1c\xec\
\xe8z\x0b~TBI\xe8UPoD?\x0a<\xc6\
(P\xd5t\xf8\x07m\x09-d\xcb\x0a\xf5)\xd8\xb3\
~4\xefk-=X\x95Z6lS-\x8b\x19\xd0\
\xa4Rt\xcdO\xbbe\x98\x1a\xb4\xad\xf9\x0fc^\x18\
\xdbF\x8f\xee\xe5\xd1\x7f\xec\x8c*4\xfb\xd1\xf0\x94~\
g\xa7\xdarJ\x95G\xfc1\xff\x00\xe9\x03\xcda\xeb\
'%d\xd6k\x87\x89\x9eW\xf2^3\xc3Zt\xc1\
\xee\x8eT\xa6\x05\xc4\xd9\x90=\x99I\xd3\x19@\xe6\x84\
\xad\x12\x92(\xd0\xcc\xe2\x09\xc4\xa4\x01$U\xb0\xd3\x88\
&\x80\x83\x91K\x05h\xa3@\x03h\x85\x99\x00m\xef\
\xa9F\xc3\xf0\x8cR\xbd\xc5\x91h\x11ZC\x11J\xf7\
E\xa5\x02\xb0\x85\xc6)R!E\xe1\x0e\x03}\x95\xb4\
\xe4\x1e\x18K\xea7\x0a\x1adM\xaa\x91\x97V\x83\xb2\
\xb7\x9a\x01R\x9bH\xdb\x9e\x1d\xbd\x05\xeaa\x1a\xcd\xe7\
\x90\xa6G\xa6D\xa9\xe5\x97\x98\x95nZ\x9b\x15h\xde\
\xe9\x08\xce\x85\x8d%My\xcd\xb9G\xf7V\xe78/\
[\xfeFL(Z\xddOC\xf6\x82\x1f\xba\xbd\xf4\x92\
v\xe7\x93<\xdd:\xceJ^\x11mu0\xe5\xdd\xc9\
\xaf\x1e\xba\xbd\x1dx\x0aJ\x03\xb2W\xcc\x1c\xa9\x9d1\
\x85\x84\x5c\x0en\x8dN\x00\xda\x19\x15\x94\x00N#\xb3\
B\xf5\x10lXRE\x1a\x0f(\x83h\xa4\x04\xe2R\
Q\x0e\xd1I!\x1e\x80h\x85\x9a \xd3\xa7\xd0R\x09\
N\x05\xe3\x01\xda4Q\x9d\xbai t`hP\xa6\
^\x8d\x14;F\x81\x96Y4\x90\x5c5\x05\xc4jX\
N(k\x05\x875i\xe1.\x8cmh\xc0\xa3\x86\xd5\
y\x83\xab\x86\xb2w=\x0dL\x1d\xb30\xb6\x9e:\x94\
\x1b\x8c\x9b\xba\xe5\x19?\x92\xb0\xad96\xc2\xabN)\
\xb3?\x15(E^rQ^/W\xe1\xcc&;\x15\
)\xb6\xa2\xfb\x15{_\xb2\x9c\xa6\xfae\xba\xbdE(\
\xd3\xa5\x06\xe5iJ_\xf7'\x19\xc9\xbe\x8e\xd9/\x81\
s\x93\x1f\xdc\x1fo/\xd3\x0fl\xf7\xe9\xe5\x09(\xb9\
e7e|\xa5\xa4u\xf300\xd42vY\xe4\xbf\
_\x13\xdcmxo\xd2\xbaM\xfe\xf2.\xed4\xb4\x92\
\xe3\xd4\xc0{;;*\x90\x8a\xca\xeeM\xeb\xcb+\x99\
e\xcd\x8e\xf7\xb6\xd8p\xe5\xafKoUI^\x0aJ\
\xcb8\xcb;[\x94\xbe\xa5~\xf1\x05\xed^\x0f\x94\xe0\
\xd6]t\xf56c\xb2j8E\xb9d\x92Kv*\
\xd2V\xb5\xee\xee+_\x07\x05\xedw\xda\xd1\xb7\xbdn\
\x8d\xe9\xe4,~\xb2eu\xc7.W\xfa;\xf4\x9df\
\xf3\xb3\x18MJ\x12\xf6$\x9f;1j\xa8\xd1\xad7\
d\xb8-\x17!:\x91;x\xeeV~^+\x8f9\
\x8e\xff\x00\x1f0\x94\x81M\x0dN \xa5\x12\xd1\xa2\x92\
\x889DjQ\x05(\x8fi\xb0\xb3E$\x83\xc9\x03\
\x92)4\x06\x88]\xa2\x02_F\x85\xc7p\xed\xdd\x09\
\xd3\x1b\xc3\xbc\xcc\xebY[4i/\xd3F\x8e\x1a\x8a\
\xb9\x9b\x86\x9a\xb1\xa7\x84\xaa\x9bW9\xf2m\x1bxJ\
h\xd4\xa7\x15l\x8cZ\x18\x8b;jh\xd3\xc4\xab\x11\
\x14b\xa4n\x8c-\xa1\x81\xa5'yE?\x1b\x1a\x95\
\xb1*\xc6V.\xb0_\x22[\x18\xf8\xad\x9bGT\xbe\
fU|\x0c\x16\x97\xf4\xf4\xb9\xab\x89\xac\x8c]\xa1W\
v2\x97$\xda\xeb\xa2\xf5h\x9b\xc5\x86\xb7cLy\
s\xf5+7\x13\x0e\xd6[\xb7\xee\xc2N\x1b\xcf\x9d\xb3\
)\xb4\xb63\x8d?fQ\xba\xee\xb7\x09%+r\xbe\
\xa5\xf6?zJ\x1e\xda\xbf\x1b\xe5\xe3\xe7s\xe9?j\
p\x9b\xf4\x16WPjMqKu\xaf\xcf\xd0\xe0\x9b\
\xcfw\x1f\x12;\xed\x98\x5cq\xcb\xce\xdf)\xa9Bp\
\x84\x12rn1WW\xcaM\xac\xe9\xfd\x1f\x81II\
I'\x1d\x1a\xba5v\x8c7\xa1*j\x19;54\
\xdeRW\xb2i\xf50\x12t\xe5\xba\xde\xf4ek\xbb\
>\xec\xda\xe3\xd7\xe7\xd4\xe9\xfa\x7f\xa8\xd6w\x0c\xa7_\
\xd3\x1e~\x1d\xe3\xdb\x1b\xb4\xa8/1\x99\x80\x91\xe9\xbc\
\xda\x04\xe2\x02hvB\xd5PAaY 2C\x12\
@\xa4\x8a\x88\xa0I\x02\x92\x18\x92\x03$TE\x05\xa2\
\x16h\x83K\xe8\xca\x01\xe8\xe4[u\x12\x92\xbb1\xdb\
]h\xfe\x1ac\xf4*#*\x9b\xb0\xd4*\xa4gc\
It\xd8\xa7\x5cj8\x93\x0dW\xe4\x1a\x15\xf23\xb8\
\xafmg\x88\xc8S\x11Z\xe0\x1duaj\xb5\x82b\
6\xb4\xd9\xe7\xb6\xc4\xf7\xe6\xa1\x0dT\xb3i4\xf7\xdf\
\x04jT\xc4\xb4\x9d\xb3\xc9\xd8\xcf\xd9\xf4\x5c{\xd3\xce\
M\xb6\xfc.g\xcd\x8eYN\xb3\xe5\xbf\x06X\xe3{\
_\x86\xb6\xc0\xd9\xea\x12\x82\xd5\xef\xc2\xfe9\xe9\xd0\xf6\
\xbb}7Bv\xf0\xbfK\xa3\xcd\xec6\xbbH\x7f2\
=V\xd6\xff\x00F\x7f\xca\xcc\xb1\x9a\xc7)\x1ar]\
\xe7\x8d\xaf\x9d\xd4\x82\xb3\x5cn`m\x9c\x0d\xe2\xed\x96\
V\xdd\xe6z|e4\x95\xcc<M&\xee\xdd\xd8c\
\x86<\x93\xf2^Ye\x85\xf0\xf38z\xcf\xd9\x9f\xb4\
\xb9\xf1_R\xd34\xebRO;f\xb4\x10\x9cN\xfe\
\x1e\xd3\x1de\xe5\xc1\xcd\xd6\xe5\xbc|\x04\xe4\x06\xa0V\
\x81M\x1a\xe9\x95\xa0H\x14\x82\xcc\x1b\x1e\x91h2\x05\
$14\x09\xa1\xa6\x83$B\xed\x10\x09\xf4n\xd0\xbd\
&\x09D58\xd8\xcd\xa4\x1a%\xd56\xca\xc5\xfcB\
\xc5\xfc\x08\xaaZ\x13\xb6E\xaaU\xb3\xc8Ru\xb3o\
\xa9N\xd1\xb6\x1dOm\x18T\xb8J\x90B4\xeaq\
.\xf1J\xc4\xdco\xc2\xe5R\xba\xb1j\x11Z\x8aW\
\xadvZ\x8d~\x0cYct\xac2\x9bz\xaf\xb3\xb4\
\xd3\xa9\x17\xe3\xf2G\xa7\xc7RR\xa78\xbe1\x7f\x15\
\x9a<g\xd9\xea\xcd\xd4\x8aM+I<\xdd\xae\xbc\x0f\
a\xb5[Tj[\xf03\x96Mv\x95\xbeww\x1d\
<\x05i;\xdb\x80\xa6&@\xf1\xd5\xedq\x0a\x98\xd7\
o\xcc\xbc8\xaf\xb5\xe7\xcd=\x03\x8c\xb5\xf22\xea1\
\xba\xb5[b\x95\x11\xdb\x86:p\xe7\x96\xc0`\xa6\xc2\
I\x02\x924\xd3+\x90\x13\x06\xc3I\x03\x92\x1a6\x1c\
\x81\xb0\xad\x14h\x00M\x10\xb3D\x02}\x0a%\xf7\x8e\
$v\xc6m\x1d\x8b\xb8D\xf9\x94\x89a\x1cVH\xe0\
M\xd0s@\x1d`\xa6\x10\x1c\x80Z\x1b8\x99f\x8e\
4\x02V\x86\xcb\xc5nT\x8c\xb9I3\xdb\xedls\
\xfb\xb4\xdf\xbd+\xc5.6z\xfa\x5c\xf9\xde\x1f\xda]\
Q\xeeel\x9eR\x93\x83\xdc\x8f\x0c\x96\xa7/4\xeb\
v\xec\xe2\xbd\xa3\xe7\xb8\x99\xe6\xc4\xaa1\xdcfr}\
D\xea@\xea\xc5\xcb\x9d\xbb\x02\xe0\xe6\x824Ve\xb3\
\xd9Y\xa2\x8e!\xe5\x12\x8d\x14\x92\xb3\x89G\x11\x89\xa0\
m\x00\x06Q\x05$3$\x0aH\x0a\x80\xd1\x0b\xb4@\
'\xd0\xdcI`\xbb\xa7wL6\xd7A(\x9dH\xbe\
\xe9,\x1b7l\x01\x85h\xae\xe8\xe0\x0d\xa2\x9b\x81\xf7\
J4=\x80lVH#\x89\xcb\x01E(\xbb4\xfc\
S7'\x88\xdd\xef\xb7\xa2\xc8\xc5\x82\xcc\xd2\xc4Y\xd2\
\xe6\xc9\xcaJ\xd7\x0b\xa6\x15Y]\xb7\xe3\x97@SA\
&\x8aH\xa6[+8\x83\x94F\xa5\x10n%\xed:\
+(\x82\x92\x1a\x9cAI\x0d4\xb4\x909!\x89D\
\xab\x88\xc4-$\x0d\xa1\x99@\x13\x88\x0a\x03GK\xca\
$\x02}\x19D\xee\xe8]\xd2(\x1c]\x9d]A\xdd\
9\xba\x1d\xc4\xe6\xe8w\x1d@\xdc&\xe8\xc6\xe9W\x11\
\xf6.\xa5\xdc\x0aJ#\x0e\xd7\xb7\x83e\x5cG2+\
\x89g\x12\x92CR\x809@\xae\xc5\xa0 \xb3\x19Q\
\xbcl\x0btf\xf9\x5c6\xacc.\xb5+\x0b\xca\x06\
\x95x\x8a\xca!2+\x897\x12\x8e#r\x809@\
\xae\xc8\xd1I\xc4\x0c\xa2;(\x01\x94\x0a\x99\x15\xc4\xa3\
\x89W\x11\x99@\xab\x80\x5c\x8aBr\x89G\x01\xb9@\
\x1b\x80v=\x14\x94H\x1eP \xfb\x16\x9fKX\x19\
\xf0W\xb6\xbf\xa6s\xee\x93\xfc-\xf4\xcf\xe4o$\xd2\
W\xb3o.\xeb\xd7/E\x90X\xc5%k\xf0\xfe&\
y\xee\xed<\xcc\xe8\xc9k\x16\xbc\x98+\x1e\xaaR\xe8\
+\x17\x0a\x8e\xa4T[t\xdcT\x9b\x83I\xb7\x15.\
\xeb\xe3\x93Z\x06\xcbO<\xce3_\x11B\x9d\xec\xa3\
\xe6\xb8x<\xc5'\x87\xa6\xfd\x99?w\x9b\xbb|\x17\
\x88\xfb\x0e\xac\xf5\xab\xf0I~\x7fB1]\xa1\x8c\x85\
\x18\xd4\x9c\xe4\xa3\xbbw\xdeio<\x92K\x9b\xd3-\
L\x1c\x17\xda\xearv\xa9\x1d\xd7t\xa3\xb8\xdc\xee\xf4\
\xe4\xac\x1d\x87G\xa5el%\xfbN\x9eI\xca\xcd\xf0\
\xb3\xd6\xd7\xf9\x04\x862\x0f5$\xfc\xd1S$\xdcL\
8\x95H\xa2\xac\xb3\xcfE\x7f\x9f\xd0\xae\x13\x15\x1a\x91\
r\x85\xed\xbc\xe3\x9a\xb6\x82\xec:\x0dR\x02\x93\x88\xc5\
I\x0b\xc9\x8f\xb0\xb8\x87$\x09\xa0\xad\x94\x91]\x91\xd4\
) R\x88f\x0eC\x99\x0b\x882\x89F\x82\xc8\x1b\
+\xb2z\x85$\x0d\xa0\xcc\x1c\x83\xb1\xe8\x19#\xa5\xa4\
@\xec\x9d=\x85<^5\xa4\x9e\x22\x9c\x9awO\xb0\
\xa7\x92\xb3\xe0\x9e\xb9\xea\x15\xe31\xb7\xce\xa59$\x9a\
Qxx\xda\xef\x8eR\xbf?\x88\x0a\x11W\xb5\xad\xe7\
p\xd5\x1a^>H\xe2\xde\xbc;\xdd\x9e+\x16\xd2]\
\xa58\xa4\x92\xbchM^\xdf\xf9:\x1d\x86\xd2\xc4\xaf\
iP\xa8\xb3\xcb\xf7\x94\xdf\x83\xbb\xde\xb3\x02\xea\xc7\xc3\
\xe0\x0eo\x96}\x18\xc9lV\xd9\xc4B\x0eP\xc3\xb9\
U\xf7[\xa9\x1a\x90J\xfa5\x93yi\x91\xe6\xea\xfd\
\xa5\xc5\xb6\xd4\xf0\xdb\xae\xd98\xca\xb4\x12\xca\xd7\xddY\
7\x99\xb3,G\xf3/4q\xe3<Xl<G\xda\
LMJ\xaa\x9a\x9e\xf2J2\x96\xec\x93INZ\xdb\
\x9e\x9a\xf8\x9eq\xd3g\xd4\xabba-c\x7f#;\
\x11\x83\xc3\xcbXG\xfbc\xf4*dZ|\xe2\xafi\
\xc2M[\x94\x98\xcf\xde\xaaYw\x9f;<\xed\xf1=\
em\x87A\xe8\xad\xd2O\xea![aC\xdd\x93_\
\x06V\xe5/,\x5c.\xd7\xae\x9f\xb5\x97+\xbe\x1eg\
\xa2\xd9\x9b^\xad\xad\x17n-_\x89\x99\xfb\x09\xa7t\
\xd340\x98)Ei\xd7\xa19/\x13\xb56\xe5e\
\xaf\xc92\x8f\xed4\x96n)\xf8f\x85\xeb\xd0ih\
\xcc\xac\x5c\x07)e\x8cn\xec\xbf\xb4S\xa97\x19C\
{\xb99\xad\xcb\xddF\x0by\xb6\x9b\xd1$\xdf\x90\xfc\
6\xdd\x17\xc5\xaf\xe9<R\x85\xb3CxH;\xdc\xa8\
\xce\xc7\xae\xfd\xa3K\xf1/;\x97X\x88\xbd$\x9f\x9a\
<\xb5y\xd8F\xb4\xec4\xd8\xf6\xceE\x1b<O\xde\
\xa5\xc2My\xb2\xd1\xdaU\x96\x95%\xf1\xb9I\xd3\xd8\
\xb6Q\xb3\xcd\xc3lU\xe6\x9fT\x83\xad\xaf>)z\
\x80\xd3fL\x86/\xed\x9eq\xf83\xa1\xe4\xb4\xfa\x0e\
\xf1x\xe2\x1a\xf1^'];f\xd3K\x8e\x8f0S\
wY?\x91\xcf\xa9]\x1b\xb1iU\x83\xe6\xbdQI\
F\xfe\xcbO\xcc\x0dH\xff\x00\xcb\xb8\xbc\xd3\x16\x8fb\
VRZ\xdd\x0b\xb9\xf3W8\xf1\x12Z6\xbc\xf2\x07\
V\xbb\x92\xbbk\xe0\xaf\xf2\x0f'\xe1%R\x1a\xee\xb5\
\xfd\x7f\xe0\xb3\xc4\xc2YJ7\xf1\xba\xbf\xc5$-\xdb\
G\x96\x5cto\xcb,\x8a\xa9\xc1h\xda\xeb\x14\xd7\xcc\
)\xc3_t\x84\x95\xe9\xde~\x17I\xafAy\xe17\
c}\xd9'\xfc\xcb\xe8\x0a\x15Z\x96\xf4j$\xd7U\
\xe5\xa5\x87\xaacT\xbb\xc9\xab\xfb\xf1M5nh\xcf\
+\x94\xf4\xd3\x1cq\xbe\xcaF\x8b\xb6z\xf1\xc8U\xd5\
i\xdb\xe4iG\x14\x9f\xbb\x7f4\xf2\x22\x8a\x93\xb2\x8b\
m\xf0\xb3'\xee\xeb\xdbO\xb3\xbf\xe3Y\xd8\x8a\x96K\
?\x8cE\xb7\x13W\xca^\x0a\xeb\xe6m\xbc,d\xb3\
\x83\xcb'\x1c\xfeV\x11\xab\x86ZE\xb5\xa5\xd6\xea\x1e\
<\xf8\xdfT\xb2\xe0\xcb\xe62\xaaa\xd2\xc9\xc7\xca\xcb\
\x22F\x11\xe6\x96^?\x99\xa1\x88\xa97ud\xede\
w\xcds\xca\xc2x\xac\x17wyIG\x9aS\xba\xe8\
i\xf7#+\xc7C\xad\x82m]f\xb9\xab\xe4g\xd7\
\xc3=?1\x98\xd3\x9cU\xe1Q\xdf\x8aON\xa8\x94\
\xa9\xcaI\xb94\xdf\x8d\xb3\xfc\xd1\xa4\xac\xecf\xcb\x0d\
\x22<$\xd6v\xba\xe6\xb3\x1d\x9d\x93\xcd5\xd1\xfdN\
/\xe0\x9aO\x93\xbc_\xd3\xd4{\xbf\x09\xd4\x22M\xe1\
\xda\x92\x92\xff\x00R\x17_\x8a\xd6\xbf\x9a\xc8\x0c\xa8S\
~\xcc\xb7|%\xf5\x0f\xb9\xafpt\xfd\x12\x93 l\
F\x16q\xe1\x7f\x15\x99\x0b\x9c\x98\xdf\x94\x5c2\x9f\x0f\
\xaeG\x17+\x1d\xa9\x89\x8f\xbd\x15\xd5\xa5\x7fQk?\
\x0c\x93v\xca\xed|r\x05\x1cZ\xcdYE~'\xde\
\x93\xe8\xb4\xf9\x99\xac\xdc\xa1I\xe7}\xcf1Z\x98T\
\xed\xbbQK\x9a\xe2\xfa[Aj\xb2\xbb\xee\xdb\xf5\xce\
\xc2\x93r\xbd\x9a~\x8e\xfeb\xd1\xec\xd5|<\xd7\xbb\
~\x8d7\xea#^\x12Z\xc5\xaf&\x8e\xaa\xf5\x17\xb2\
\xdf\xa9\x16\xd4\xac\xb5i\xf5K\xf2\x17\x93\xf0Js\x06\
\xe6hKj'\x94\xe9\xc6_\xaf\x14\x0d\xe2p\xefZ\
mtz|\x18n\xfe\x8f_\xe4\x84\xff\x00K\x90(\
JW\xbcVk\xf5\x98\xfc\xa3\x85~\xfc\xa3\xfa\xe8U\
\xe1)?f\xba\x5c\x93\xb6^\xa1\xd8\xfa\xb3\xaaJ\xdc\
-\xe1\xc9\xf2;\x1cL\x97\x1fV=WfI\xae\xed\
H\xc9x\xb7\xf1\xca\xe2\xb56Md\xed\xddyp\x97\
\xd4]\xb1\xbe\xcfV\x0dKm\xe2#\xa5Yy\xca\xff\
\x001\xca_i\xab$\xaf$\xda\xd6\xf1M?#\x16\
{>\xb7\xe1\xf5\x8f\xd4\x1c\xb0\x95\x92\xce\x0f\xf5\xd0\xc7\
/\xa6\xe0\xcf\xde3\xfeF\x93\x9b\x92|\xd7\xa3\xa1\xf6\
\x93\xb4\x95\xabF\x0dgg\xd9F\xe9\xf5V\x13\xdaN\
\x84\xbb\xd4\xe5\x9b\xf6\xa3k/#\x07\xb0\xaa\xb3\xec\xe5\
\xfd\xac\xea\xed\x1ej\x13\xf1\xeeK/B0\xfaN<\
2\x99a\xe3\xfdz]\xfa\x8c\xae=r\x9b7%\xbb\
\xcd_\x8f\xf9:\xe5(\xa4\xd4\xaf\xd5_\xe6'8\xd4\
~\xe4\x97\xf4H%\x0c=NS^\x1d\x9bk\xf5\xe4\
u0\xd9\x87RR\x8d\xbe[\xaf\xfc\x81\xab\x08Z\xfb\
\xad\xf3jY\xae\xa9\xa3\xb2\xd9\xf5o\xbd\x08\xab\xf2\xbd\
\x9f\xa9\xd9`\xeb\xbf\xfaJ\x0d{\xcak_\x1dC\xb4\
-R\x7fyQ\xf6%%\xce-+>\xa1\xf0\xb1\xa5\
_\xba\xe3\xb95\x9d\xe3\x92k\xa0\x7f\xd9\x0ey\xcd\xc6\
\x0f\x8b\x8d\xf3\xf8\x84\xa5N\x8e\x1f=\xeb=\x1c\x9b\xbb\
~\x1a\x13\x96R\xfa\xf6x\xe3~}2\xb1\xd8Z\xb4\
sM\xee\xe9\xbc\xbeMp!}\xab\xb6\x15H\xbaq\
Y6\xaf'l\xec\xef\x928^8K7\x94\xf2\x9c\
\xb2\xd5\xfck\xe8KO?\x8fPU \xb7/l\xef\
k\x90\x83Ay\xc1Z\xf6Z,\xecRo'\xd1\x10\
\x80\x14\x84\x9d\x96}s\x16\xaf'\x92\xd3<\xed\x91\x08\
#\x06\xb4R\xd3\xc0R\xa1\x08\x10\xc2\xa9\xa09<\x88\
A\x80\x1b*\xaaIh\xda\xe8\xd9\x08\x01o\xbe\xd5K\
*\x93\xfe\xe9\x14\x96\xd3\xad\xa6\xfb\xd3\x92\x7f\x91\x08\x1a\
\x83u\x1e\xd2\xade\xdf\xe1\xca?B\xf1\xda\x15\x7f\x17\
\xfbc\xf4!\x02\xe3?J\x96\x87-\xa5Y{\xff\x00\
\xed\x8f\xd0\xe2\xda\xb5\xad}\xfe\x1f\x86\x1fB\x10s\x19\
\xfa-\xd5^\xd4\xad\xf8\xdf\xc2?@S\xc7Uv\xef\
\xcb\xc9\xdb\xe4B\x06\xa1n\x8fC\x137\x16\xdc\x9c\xb5\
Y\xb6\xf8rg1\x8f\xb9~\x9ad\xbe\x0b\x22\x10\x90\
\xca\xc4+<\xb9\x22\x10\x86\x93\xd3;\xed\xff\xd9\
\x00\x00(_\
\x89\
PNG\x0d\x0a\x1a\x0a\x00\x00\x00\x0dIHDR\x00\
\x00\x00\xc8\x00\x00\x00\xc8\x08\x06\x00\x00\x00\xadX\xae\x9e\
\x00\x00\x10\x00IDATx\x01\xec\x9d\x09|\x94\xc5\
\xf9\xc7#\xe1\x10\xfeV\xa8\xd6\x13\xec\xa1\xb6\x8a7*\
\x9ex+\x22\xe2-\xde\xe0\xd1\x8a\x10H\xb2I\x10\xef\
\xbaT\xab\x5c9H\x10\x15/\x94*j\xc4\x03\x14D\
Q\x10\xaf\xa2xT\x04\xb4\xd5j+xT[\x82U\
(1\x91\xff\xf7\x89\xd9\xb8lv7\xef\xbbs\xbc\xef\
.\x93\xcf<\x99w\xdfw\xe6\x99\xe7yf~s\xbd\
3\xf3\xb6\xcbs\x7f\xce\x02\xce\x02)-\xe0\x00\x92\xd2\
4\xee\x81\xb3@^\x9e\x03\x88+\x05\xce\x02i,\xe0\
\x00\x92\xc68\xee\x91\xb3\x80\x03\x88+\x03\xce\x02i,\
`\x10 iRu\x8f\x9c\x05\xb2\xc4\x02\x0e Y\x92\
QN\xcc`,\xe0\x00\x12\x8c\xdd]\xaaYb\x01\x07\
\x90,\xc9('f0\x16p\x00\x09\xc6\xee.\xd5,\
\xb1@v\x02$K\x8c\xeb\xc4\xcc~\x0b8\x80d\x7f\
\x1e:\x0d\x0cZ\xc0\x01\xc4\xa0q\x1d\xeb\xec\xb7\x80\x03\
H\xf6\xe7\xa1\xd3\xc0\xa0\x05\x1c@\x0c\x1a\xd7\xb1\xce~\
\x0b8\x80$\xe4\xa1\xfb\xe9,\x10o\x01\x07\x90xk\
\xb8kg\x81\x04\x0b8\x80$\x18\xc4\xfdt\x16\x88\xb7\
\x80\x03H\xbc5\xdc\xb5\xb3@\x82\x05\x1c@\x12\x0c\xe2\
~:\x0b\xc4[\xc0\x01$\xde\x1af\xaf\x1d\xf7,\xb4\
\x80\x03H\x16f\x9a\x13\xd9\x9e\x05\x1c@\xec\xd9\xda\xa5\
\x94\x85\x16p\x00\xc9\xc2Ls\x22\xdb\xb3\x80\x03\x88=\
[\xbb\x94\xb2\xd0\x029\x03\x90h4\xda\xbe\xb8\xb8\xb8\
7tYII\xc9\x0d\x91Hd<\xd75\xf8w@\
\xf7A\x0fC3\xa1\xb9\xd0l\xc2\xc8\xb3\x08a\x06\xf0\
\xbb\xe7\x90!C:da\xfe5\x8b\xac\xc7\xc3\x0e\xdb\
\x15\x15\x15\xf5\xc1\xbf\x08\xfb\x88\x0d\x1f\xe0\xfa5\xe8\xdf\
\xd0w\xd07\xd0W\xd8l%\xfe\x87\xd02\xc2\xbd\xc9\
\xefW\xb9\x9e\xcf\xf58\xe8,~\xef\xa2G\xa2\xe0\xb9\
d%@\x0a\x0a\x0a6\x93\x8c$#F\x901\x02\x80\
\xd7\xeb\xea\xea\xd6n\xb2\xc9&\xafA\xb7\xad_\xbf\xfe\
ZL;\x92\xeb\x11\xf8\xbf\x83\x06A\x03\xa1\x93\xa0\xbe\
\xd0\x09\x84\x91g\x95\x84\x99\xc5\xefe]\xbat\xa9\x87\
\xd7?\xa0\xe7\xc8\xe4)\xf8\xe2\xf6\xe5YN\xba\xc2\xc2\
\xc2\x1e(8\x08\xba\x07\xfa\x0b\xf4\x0d\x8a~\xda\xae]\
\xbb\x17\xf1\xef\xc1>b\xc3s\xb9\xee\x0dm\x01\xb5\x87\
\xfe\x0f\xda\x12\x9bm\x8f\xbf#\xd4\x93p\xbd\xf8}\x10\
\xd7Gr}9\xf4\x10\xbf\xdf\x83\xdf\x97\xd0lh,\
\xf9tAYY\xd9/\x08\x93u.\xab\x00B\xc1=\
\x0c\xaa\xe9\xd4\xa9\xd3\x87\x92\x91dD\x0d\x16\x17\x00\xec\
\x8f/\x19\x88\xa7\xe4~N\xec\xa3\xc9\xe4K\xf1+\xa1\
7\xc8\xe0\xff\x92\xc1OAWp}\xf4\xa8Q\xa3~\
\xc2\xfd\xacs\x00b+t8\x1b\x1d&CK\xf2\xf3\
\xf3?A\x89\xfb\xa0\x8b\xa0\xbd )\xfcx\xda\xdc\xcf\
\xe0t\x024\x8a|\x9a\xd6\xd8\xd8\xf8.\xe9\xde\x85\x0c\
\xc7s/k\x5c\xe8\x01B\xc6n\x8ea\x7f\x07=C\
\xc1]\x08\x8d\x80\xb6\xb6h\xe1\xcd\xc8\xe0\xfe\xd0\x18\xd2\
|\xae\xbe\xbe^\xba\x1b\xd2\xca\x8cA\xa63\xc3\x0c\x18\
)\x8c\xc8x#\xf4\x02\x80\xf8\x1c\x1d\x1eD\x87a\xd0\
\x1e\x90m\xb7\x19\x09^\x82\x0cO#\xcfK\xc8VD\
O`[\xee\x85\xda\x85\x16 \xb4\x14{b\xc8\xf1d\
\xec\xbbX\xf0\x0e\xe88(\x0cN\xc6*\xd2\xca\x5c\x81\
0\xb5\x00f9rN\xa2\xcbw\x0c\xbf\x03w\x14\xbc\
\xc3\xb1\xdd8dZ&\x85\x11\x81\xae\x81\x0e\x87\xc2\x94\
\xd7\x87\x22\xdb\xc4\x8e\x1d;.A\xde[\x90\xb7;\xf2\
\x85\xd2\x85\xc9h-\x06\x22sO\xa5\x95\x98\xcd\x8d\x91\
\xd0\x0eP\x98\x9dd\xeep\xba|\xf3\x90{\x11t\x15\
\xfd\xed]m\x0aL\x01\xdb\x9ft\xa3\xd0\xeb\x14\xbc\x17\
\xb0\xdd\xe5\xa4\xdf\x13Rwf9\xfc\x0cy\x0b\xbe\xff\
\xfe\xfbyT0\xa7\x99M*3\xee\xa1\x03\x085J\
\x19\xaa<\x06\xf5\x80\xb2\xcd\x1d\x80\xc07\xd1\xdf^N\
\xa1}\x14]\x06\x9b\xea\x82\x01\x86\x9e\xf0\xbf\x1c_\x00\
\xf1:\xe9^\x0f\xc9X\x0c/\xbb\x1c \xd9\x95\x0a\xe6\
Qt\xb9)l\x92\x87\x06 L\xd3\xb6#\xc3\x9f\xc2\
X\x13\xc2f\xa4L\xe4\xa1\x16?\x0d]\xee\x8du\xc1\
\x00\x8c\x80'\x13V\x1b\xc4)--\xedOA\x9a\xc9\
M\xe9B\x8d\xc3\x97\xee\x13^N\xb8\xab\xb0\xd3\xbc0\
i\x12\x0a\x80\x00\x8c\xdeuuu\x8d\x14\xa8\xfea2\
\x8e&Y\x9a\xba`\x00F\xba_\xf2>\xe6\xc8L\xf8\
b\xa3\xe3\x00\xc6\x0c\xba#O\x11\xff$('\x1dv\
:\x06=\xbf\x0e\x8br\x81\x03\x84Y\xaaN\x00\xe3\xb5\
\xb0\x18\xc4\xb0\x1c\xf2>f>\x05`\x06\xe4\x09(\x12\
\x0e\x9a\x81\x8d\x9eA\xb6\xd3\xa1\x8d\xc1\xfd\x84\x0aA\xde\
\xc7\x04\xaek\xe0\x00a\x96\xea\x8d\xc0\xad`_\x00)\
\xe8\xf3)\x04s(\xfcI\x81\xc2\xfdC\xe9n\xc8K\
\xcc\xf9\x88'\xe1\xf1r\xcb\xa5\xd3\x86\x0a\xa1\x0f6(\
M\x17\xc6\xc6\xb3@\x01B\x01\xb9\x15%w\x876J\
G!\xe8\x87\xe2\xd2\xa2\x085\x01\x05P\x1c\x16\x89D\
\xe6r\xff%\xba\x1b\x03\xf07fW.c\xae \x0d\
\x10\x18@(\x04\xe7S@\x86\x06\xa9|\x88\xd2\x16p\
\x08H\xe6\x03\x8a\x85\xc8%\xcba\xf0\x9cc\xcc%\xb3\
[\x81MY\x07\x02\x10\xe6\xbceI\xc7h\x97\xfd\xad\
, @ius#\xbf\xd1\x09\xfd'1\xcb\xb9)\
\xbeu\x17\x08@\x98\xf3\xbe\x12Mw\x82\x9cs\x16\xf0\
b\x81\xa3W\xadZU\xec%\xa0\xee0\xd6\x01\xc2\xac\
\x95\xbc\x00\x94U\xa2\xbauq\xfcr\xd8\x02T\xaa~\
\xca\x8c6KX\x07H\xfb\xf6\xedE\xd1n\xda4H\
\xce\xe8+n\xbf\x0c\xdd\x0dIW.\x9e\xaa\xb8\xf78\
\xf46T\x079\x97\xdc\x02or\xbb\x8a1\xc00\xe8\
\x84\x86\x86\x86\x9e\xbc\xab\xea\x5cUU\xb5I<1f\
\xda\x15:\x85\xb0\xb26M\xecj\xc4\xa6\xa4\xb17\x93\
:g\x93\x8eUg\x1d h'\x00\xc1\xd3\xea>e\
\xc0\x7f\x0f4\xac\xb1\xb1qg2p+\xa8\x0f\xf4[\
(\x9a@%\xfc>\x0d\xea\x05\xfd\x948=(\x002\
\x8dz3\xd7\xcf!\xd5\x7f\xa1\x8d\xcd\x89\xce\xcf\xa3\xff\
Xj\xea\x13y\xfb\xff\x13l\xb3\x1fTR]]}\
\x1b\xf4\xf4\xa4I\x93\xde\x9b:u\xea\xff\x12\x0d3q\
\xe2\xc4\xf7\xa1\x99\x84\x1d\x07\x9d\xb6r\xe5\xcam(\xcc\
\x02\x18\xa9\xa0\x12\x83+\xfdF>\x13e'\xadLV\
\x01B\x0d0\x10\xe3\xf5J+\x91\xbf\x87\x9f\x12\x5cZ\
\x87\xfd+++/\x81n\xab\xa9\xa9\xf9\x90{\x9e\x1d\
qVR\x00\x1e#s\xaf\xe6\xfaX\xfc\xcd\x01\x8c\xac\
i\xba\x0c&S\xa0\x5c|O#\x9b\xa3\x1e!/d\
,x\xcc\x9a5k\xb6D\xefc\xd0\xff\xca\x8a\x8a\x8a\
\xd9\x93'O\x96\xe7\xa8\xee\xdf\xd5\xd6\xd6\xd67\x03\xa6\
\x0f\xb1\xa5UY\x83\xaf\xcb\x9dB\x19:P\x173/\
|\xac\x02\x04\x81t\xd6\x00\x0bh-\x0e'c\xa5\x85\
\xf8\x0c\xde\xda\x1c\x80y\x03\xbeS\xa0\xcb\xa0\xfdy\x99\
\xd9\x93\xda\xeb*\x12X\x04e\xb3[\x88\x1e\x11Z\x89\
\xdd\xd0k \x05y,\xfe\xf3S\xa6L\xf9\xce\x84R\
\xf0\x1e\x07\x08\x8f\x86\xb7\xb6J\x06\xf9u\x96!DK\
\xef\xac\x01\x04\xe4\xf7F\xb9\xd3\xd2\x8b\xe3\xf9\xe9\x02\x8c\
\x7f\x94\xdf\xd6\xc23\xf7\x84\x80\xe5\xe5\xe5\xefQ\xbb\x8e\
!M\xd9Zz\x0czT\x13\xe4\x9fP68iQ\
\xab(\xa8G \xff\x11\xe81\x91VBv\x13Z\x91\
\x1d\x10.\x22]i\x91\xab4%xnAA\xc1f\
\x9ax\xb5\xc9\xa65@\xda\x8c\x92q\x00]\xfb\xbb\x97\
b\xf0\xa32\x96B1\x22i?O!\x93)\xc7\xbd\
a5\x18\xaa\x85\x8c\xd4\xc0\xf0\xcd\xc8\x01`\x19+\xd4\
\x02\x8a\x0b\x19O\xec\x83\xcc%\x14\xd4\x85\x191\xd3\x14\
Id\x80\x95L\x8c\xe0)\xb9\xad\x99\xe8\xd9G\x89\x83\
\x8f\xc8\xd6\x00B\xa6\xed\xe9C\xaeTA\x97\xc2\xe7\xd4\
T\x0fm\xde'\xc3\xeb\xa0i\xd0Y\x8cY\x04\xfcW\
#\xdb+6eHL\xab9\xfd\xab\xe9z\xf6\x16\xb9\
\x00\xc5}*\xe3\x89D\xfe\xaa\xbf\x01\xac\xecYQe\
\x93\x87\x9e\xb9\x07\x10\xac\xa2C\xa9jj\xef\x0f\xe0\x15\
*\xc7\x98\xe5]\x04\xda\x9b\x02p\x08~`N\xd2\x87\
\xf6h\x96'09R%\x0c`e\x1f\x8b,\xc0L\
\x15\xc4\xd3}\x00\x22\xad\xb7\xa7\xb0\xaa\x81\xac\xb4 \x03\
\x07\x0e\xec\x88\xa0\xd2\x0f\xc5\xcb\xd85\x0d\x9c3\x8em\
(bII\xc9\x8e\x91Hd\x19\xec\xad\xcf\xd1\x93f\
+G\xe19O\xe4\x81~\xd9\xeaa\x08n0A \
3\x83\xaa\x92\xe8\xa8l=\xc9`\x05 \xdbm\xb7\x9d\
t\xafdM\x8d'\xa1\x92\x05\x22\xe3\xe5\xa5_\xb2G\
\x81\xddc\xe2\xe1lj\xec\xe5\x08\x10\xd8b:\xd2N\
\xe6D\x9e\x8f\x00o\xe86V1A\xf0$\x02\xab\xce\
\x06\xee\x13\x8dF\xdb\xc3\xc7\xb8\xb3\x02\x10\x0aw\x13\xe2\
U\xb4\xe1M\xae\x0c\x86UXh\x8dK\xe1\x1b\x83^\
r\x8c\x8e\xb4\x8eZy\xebb\x06xg\x02\xe2\xdf\xeb\
\xe2\xa7\x91\xcf\xd3\x8a\xbc\xda\xafZ\xb5J\xe7\xfb\xb4\x94\
\xe2\xd8\x02\x88\x9c\xce\x97R\x08\x0f\x0fj\x99\xd2\xfd\xd2\
C8\xe3A\x0a\x0b\x0b;\xd1}\x91\x19\xa2+\x8c'\
\xa6!\x01@<\x1ay\x1f\x03\xd0\xdd5\xb0\xd3\xc5\xe2\
v\x0d\x8cdbD\x03\x9b\xf4,\xac\x00\x04\x11\xa4\xc9\
\xc7\xcb\xd8-\xce8\xa6\xc6\x88\xa5\xa5\xa5\x87\xf0\xd2P\
f\xaa\xce\xd4\xc8\xd6\x06+9F\xe9\x15@\xd2\xcfF\
bm\xa5\xc1\x0c\xdbg\x00wu[\xe1\xd2='\xfe\
v\xe9\x9e\xebzf\x0b \xaak\xf9e\xf1\xa1.\x9d\
3\xe2\x13\x89D\x061\x9d+guY\xa9\xb92\x12\
2}\xa4\x9f\xd3\xe5\x9a\x03H\xe4\xcc\xac\xf4!-<\
E\x96\x7f[HF9\x89\xac\x00\x08\xc6\x0c\x14 \x80\
#\x8a\xa5\xe5\x1c\xdb\xae\xf8Y\xed\xb0\xe58\xf4\xb9\x8f\
\x99\xc5\xfc\x80\x15\x094O\xbd\xean\x0b \xaa3X\
m\x1d\x03\xe3U_\xdf\xe1(L7\x12I\xcb\x0b.\
\xf8\xb4\xe5F\xb7\x15@\xd3\xf3A=z\xf4\x989d\
\xc8\x90.\x9a\xf8e\xc2F\xe7\x22\xc6L\xd2\xf7\x14\xc7\
\x16@T\xbbX\x9e\x94\xd1\x1d\x08p\x8c\x85\xe75\x90\
iWG\x9f\xfax\xfa\xe6Qjx\xd9_\xf1\x96\xe9\
\x04I\xa7\x7f\x97.]\xe6\x0e\x1b6\xec\xa7\xa6\xd3\xca\
f\xfe\x0e )r\x0fp\x94\xf3h\x14d\xda\xcd\xad\
\xaf\xaf\xdf\xa1\xb2\xb2R\xce\xbd\xca\xe3m\xb3\xec\xaf\x90\
q\x8e\x8dY\xb2>\x9d:uZPPP\x10\xfaS\
\xd6MgB*\xfe\x0e I,\xc3@V\xbe;b\
\xfcL&Z\x8d?\xd0j\xf4K\xb6^\x8a\xfb\xe3x\
.\x878h\xdfx\x94\xa0\xf2^\x1d;v|u\xf8\
\xf0\xe1Y\xf9\x81\x9b\x04]\xb4\xff\xb4\x02\x102Zi\
\x0c\x82\xd6\xa6\xb7\xe8\x92\xc4\x0f\x8e\x96\xe3!\xba\x1f#\
~\xf8e\xec\xff;p\x1e@\xab\x91vl\xc3\xf3\x17\
\xea\xea\xea\x8e%l\x05d\xd2\xfd\xb2C\x87\x0eo\x16\
\x15\x15\xfd\xdad\x22\x09\xbc\xad-YOH\xd7\xd7O\
+\x00\xa1\xc0\xa9\x8eA\xac\xac+\xa2\xe5x\x1e\xeb\x9d\
\x05\xc59\xed\x97\xd3\xb0G_Z\x089c\xb7M\xe6\
\xb2\xcd\x95\xb0r\xe2\xfd`\x02\x7f\x01\x99r[\xb4k\
\xd7n) \xd9\xc3T\x02\x09|\xadUz\x09\xe9\xfa\
\xfai\x0b \xb2i\xc7\x97`\x09\x81\x8d7\xff\xb4\x1c\
\xefRpM\xef3\xb9\x9c\xc2>\x98q\x86\xef\x82N\
\xbc&`a\x97\xa6\xb1\x0a\xbe\x09\xd7\x01\x90,\x01$\
\xfb\x99`\x9e\xc0S\x09 \xf4J\xacl\xfa\xb2\x02\x10\
\x94Q]\xa2n\xb4\x05\xa1\xe5\x90\x02\xbb{B\x06\xea\
\xfc\xf9\x0e6\x90Y*\xa5O;\x00\xacw\x00\x8a|\
\xe3O\x89O[\x8a\x01\x92\xc5\x80\xc4\xf4\xd2}%\x80\
\xf0\xd2vE[z\xe8xn\x05 \xd4\xcc\xaa-\xc8\
n:\x94M\xc6\x83\x96\x03\xf1\xd6\x9b\xfc\xe6aS\xcd\
\xcfxB[\xcd\x0fH\xe4m\xb8\xd1.\x17 y\x99\
\x8a\xe3\xb0d6S\xbdWXX(\xfb9\x94V\xe3\
\xb6o\xdf>wZ\x10\x8c\xad\xda\x82\xfc\xe6\xca+\xaf\
\xd4>_\x0f8\x94\xd6\x03\xb5UPh5\xae\xa20\
g\xd4\xa5j\x8b7|\x9b\x80G\xb8\xbf@F\x1c5\
\xc7\xc2\x11#Fh\xff\x9c\x5c~~\xbe\xf2G\x7f\x98\
\x1a\xcf\x9d\x16\x84\xe6P\xb5\x05\xc9[\xb3f\xcd\xbe:\
K\x01\xe0\x90\x1ahs\x9d<\xe3y\x01\x8esi5\
\xc6\xc4\xdfku\xadxC\xba\x5c\x0d\x0d\x0dr\x10\xc6\
k\x8a\xacRF\xa7\xa6^\x8e\xadtwqU\x01\xf2\
uMM\x8d\x95\xd5\x15V\xbaX\x18Y\xb5\x05\x91}\
\xc8\xaa;\x12[\x0a\x01\x19.[d\xe5\x08\xd4\x96{\
\x1a/\x1a\xe1u\x08\xe0\x90\xbd\x22\x5c\x9au\x93&M\
\xfa\x88\xd6D\xce\x8a2y(\xc3Gt\x8bt\xdaK\
u\xfb\x83Tnf\x0d\xdb\xcc\xdd\x0a@h\x0e\x95[\
\x10\xe4U5*,\xf2\xf2\x00\x87,W75 \x97\
\x83\xecv\xa0\xc0\xbe\xda\x94\x98\xc5\x7f\xa4y\x04\xc9=\
\x0b\x19qt\x8b\x96\x16\x17\x17o\xa3\xca\xbc\xb9\xcb\xa6\
:+i\xa5{%\xbaZ\x01\x08\xcd\xe1:\x12SR\
\x8a.\x8br\x0b\x028d'\xdb\xc1\xc8\xa2\xdd\xd1_\
\x7f\x8bB\xda\x1d\xd2z\x88\x9d\x1fAI\xbb/v\xfa\
\x93\x9f8>\xc2n\x0e\xef\x97x\xe3\xbe\xa5\x8f8\xad\
\x82\x024\xe5\x81?\xb6V*K\xad\x84Js\xc3\x0a\
@\x9a\xd3W\xedf\xfd\x82Y\x95\x9d\x9by\xf9\xf6\x00\
\xc7\xc3D\x92)R<\xedn\x1e\xe3\x01\xadc\xa4L\
%\xa4k7\x88\xb8\xa6V\x05\xef\xcc\x1b\xf7Yt\xb7\
2\x1e\xbb1a\xa3\xdc\x13\x00\xa8\xb9\x07\x10\x94\xd2\xd1\
G\xce\xa8\x10\xd25\xb8\x93B3\x102\xe1\x9e\xa0\xe6\
>\xce\x04\xe3Ly\x22O\x94Z\xd6\xd4B\xcb\x83)\
\xe4\xd3\xa9\xac:g\x22\x1fr)\x03\x04\x1e\xb2\xe2!\
\x93\xe4}\xc7\xb1\xd6\x82\xe8\x00\x08\xb3a\xbd\xfcj\x08\
8*H\xfb\xb7~\xe3y\x09\x0f\xdf\x07(\x8c\xa18\
\xc8.Q^Z\xb4\xf1\x14\xa4\xe1\x89\xf7u\xfcF\xef\
\xfe\xf0\x9e>d\xc8\x90\x0e~\xf8\x95\x95\x95\xc9\xd8C\
\xf5\x00\x8f\xb5\xe8\xa6\xa3\xb2\xf5$\xba5\x800\x93\xa5\
<\x15I\xc6\xf8jA\xe8V]O\x9c\x12O\x96\xf0\
\x1f\xe8N\xba3\xe7\xfb\x8ff/\x06\x05i2\xfa_\
d(\xc5S:w\xee<\xdd\x0f\xef\xc6\xc6F\xd5\xe9\
]I\xeeE\xf9g\x8b\xac\x01d\xdc\xb8q\xf2\x0d\x0a\
\xd5\xd9\x9d\xbe\xb4\x08{y1\x0e]\x80s\x08'[\
e\xf1\xb4\xbb\x89\xb4\x1c\x97j\xe7j\x80! \xbe\x17\
\xb6F\xba\x97\x80\xef\x0c*\xa1\xc9\xf0\xf7\xeat\xb4\xb6\
\x0b\xbc&\xa6#\x9c5\x80\x88\xb0\x18TG\xd3\xd8\xa6\
\x91\xc9\xb4}\xe8\x8e\xf9\xc98\x11\xcf\x13\xd1\xb5\xb8\x09\
pD<\x05\x0eI \xe4}\x04Q\xfaC&\xdc0\
*\xa3+\xdbb\x5c\xf4\xc3Rz\xe5\x83\xech\x85\xe6\
\xb7\x95\x96\xce\xe7V\x01B\xe1R>\xbe\x87\x01bZ\
\x80\x90Y2x\x9c\x04\x18\xb5/MA\xfe\x9b\xe8\xb6\
\xd8\xd8\x82\xab3\x8f\x9bx\x01\x929\xd8N\xbe\xd5\xd1\
\xf4[\xe1_\xab\xa8\xd8\xe5f\xec~^\xab\x07q7\
H[\xbe:\xe5k\xcc\x12\x17=v\xb9\x92W\x06\x7f\
\x8e\xfd\xb0\xe1[\x05\x08s\xe0\xaf\xab*Ef\xf4\xa2\
\x858!\x0d\x9f\x89<;\x14\xd2\xed\xc0\xc6\xc4\xac\x04\
G\xcc\x10\x15\x15\x15\xf3)\xa8\xca\xb5x\x8c_\xbcO\
\xbeL\xa6\x95H\xb7L\xfe\xe4\xf8\xf0\x99\x5c\x93\x86\xd5\
\xf1\x87\xc8h\x15 \xe5\xe5\xe5\xff Q\xe5oD`\
\xa8\xa4\xc6f|R\xc23\xedc\x03x\xdeE\x0d\x9c\
U\xdd*\xec\x9c\xd4\x01\x92'i]M|\xa5\xa9+\
\xe0\xbb'\x1a\x8d\xb6:\x8a\x95\x0aM*,\xe5\x17\x84\
\xf0\xcfm\x80H\x8e\x919\xca\xad\x08\x86:\x150l\
\xb0\xec\x81L8\x01\xde\xda\xb7\xa6\x02\x8e\x07i:~\
'\xb2\xe7\x0a1p\x7f\x10[\x99\xd0i\xcf\xba\xba\xba\
G\x93\xd8)i\x85\x96$\x5c\xda[\x8c+_J\x1b\
\xc0\xc0C\xab-\x88\xc8\x8f\x92\x0b\xc4W!\x0a\xed\xb6\
dpKWa\xe4\xc8\x91\xbf\xe2\x9e\xa7-\xac>\xd3\
\x9d\x058L\xd4\xb6>\xc5\xd0\x1f\x1c\x90\xdcEE#\
_\xca\xd2\xcd\xfcD*/9\xf4\xa2\x89o\xf3\x01u\
'6\xfdP\xfb\xb7\x90\xbcxG\x8d\x85\xff\xd8A\x00\
\xe4I\x0a\xf3\xe7\xfeEm\x15\xa3\x05 \x0d\x0d\x0d\xb3\
\x00\xcc&\xadB(\xdc@\xc6\xf9t\xab\xb4\xd4|\x0a\
b\x18\x8dJw\xab\x1a\xbbi\x1fW\xc1s\x04-\xfa\
\x10\x11\xbe{\xf7\xee\x92O\x1e\x17\x87J\x8c\xe4\x04\xcf\
d-S\xf2\xc0\x1a\xefZ\x07\x08\xb3\x10_\xa3\xac|\
#BU\x8d\x93ePH^Kq\x9f\x00\x00\x10\x00\
IDATm%k\xac\x943 A\x98O\xa8\xad\
\x8c\xcc\xf8$\xa4\x13\xf8OZ\x92\x9b\xa8\x0c\xc6\x18\x10\
\xe4v@r0\xbc\x07h\xe0\xfd\x0def\xe3\x00\x88\
\x18\x0beu\x00$\x8f.\xc2\x00x\x0d\x14\x9e\xba\x08\
~\xabi9~\xae\x8b_:>\x14\xa0\xedJKK\
\xfb\xe3G\xa1\xf9\xd0\x0c\xe8\x0ehlIII\x01t\
,\xb4c:\x1e:\x9eQ\x19\x5c\x05\x9f[!\xddN\
\xa6\x96ut\xaff\xd0\xdaY\xdb\x03\x12o\x04\xeb-\
\x88$\xbeb\xc5\x0a\x01\x88\x8e=\x22\xda\xdf\x943F\
\xd2\xb1\x1cB\xd4LJ\xd1htS\x0a\xbd|&m\
\x06\x01>%=\x19;\xc9\xf9XrH\xdc\xe9\xdc\x93\
\xc1\xf3(j\xde[\xa0g\xa1\x0f\x01\xccb\xa8\xa9\xcb\
\xc2s#\x8eJ\xa1\x00\xc6\xd3!\x9d\xae+\xf2+\x9f\
\xda\x08\x8f@Z\x0f1D \x00\xa9\xad\xad\x95]w\
\x02\x12\x91!L$\xfb\xc7\x8d\x0d\x04)\xe4\xa5\xabW\
\xaf^F\x86\xdf\x8f\xd2\x02\x06<ON\xde/H\x97\
EN\x1b\xb9\xd8S\x8c\x0c\x02u\xeb\xd6\xed\x22d\x93\
O<d\x10\xdbX\x94%\xb4p3\x8dqo\x83q\
 \x00\x11\x99\xe8\xca\x84\x0d E\xd4\xa2\xd3D6\xdd\
\xc48\xe9p\xc01\x17\xbe\xe5\x14\xc0_\xe1g\xea\xf6\
\xa3[y7\xfct\xd7\xf4M\xf2\xd0\xba\xd5\xd3\xa2\xc9\
\xe2F\xd3\xc7\x9d6\xa5\xe7\xf1\x9f\x9e\xd6\xc3cb\x89\
\xc1\x02\x03\x08\x83\xc3y\x08c\xac\xb6\x86\xb7gG\xa1\
\xbd\x0ep\xb4LMz\x8e\xe8! \x85y \x95\xc1\
\x0b\x04\xed\x0biq\xf0;\x07\xc0\x19\xf9\x00\x0d\x93(\
_\xc2\xff\x22\x04\x95}\xfbx\xc1:d\x91\xaeh`\
B\x04\x06\x10\xd1\x98\x82\x19x+B\x06\xdcE\x13~\
\xa3\xc8\xa3\x9b\x9a\xc1!\xb3l\xbaY\x0b\xbf-\x00\x89\
\x91BL\xe5\xf5\x01-\x89\x8d\xd3\xe5E\x8ft4\x13\
Y\x96\xa4\x0b`\xfaY\xa0\x00\xa1p\x06\x0d\x90\x17\xf3\
\xf3\xf3\x8bM\x18\x99\xc2{4\xfa\x99\x02GL\xe4\xdd\
I\xc7H\x1a\xd5\xd5\xd52\x16\xd1>\x09\x12\x13\xdc\x8b\
\x8f\xfd\x02\xed^\x89\x8c\x81\x02\x84n\x8d\xec\x0f\x99%\
\x82\x04@_\xd0\x9f/\x9e0a\xc2\xb7\xba\xd3f\x96\
\xaa3<\x8d\xb4J\xf0Mt\x03\x01\x89|\xcb$\xf1\
\xbe\xf2o\xf2g4\x85T\x80\xa2\xcc\xcb/\x03\xd2}\
\x8b\xa9]\xf9\xec\x9d\xdf\xa8Z\xc3\x07\x0a\x10\xd1\x84B\
:E|\xdbD\x17\x22B\x06\x18\xf9\x92\x13\xbc\xff\x88\
>FNO\x81o2W\x0a(\xb5\x8dq\xe2\x13h\
ll\x94E\x9aA|O\xf0N@\xb2>^\x96 \
\xae\xbd\x00\xc4\xa8\x5c\x14R\xe9fYmE\x18\xfb\x5c\
O\x17\xc2\xc8\xc1n\x85\x85\x85;\x91\xb1C\x8d\x1a-\
\x09st\xd2\xbedD\x92\xc1N\x7f\x83\xf7\xd5rm\
\x91>hhh\xb8\xcbbz)\x93\x0a\x1c \x22\x19\
5\xeem\xe2[\xa2\xfb\x19\x94\xff\xc1TZ\x8cid\
\xab\xaft\xb1L%\x91\x8a\xafL%\xa7\xdb'\x93*\
^\x9b\xf7\xb1\xd7\x1d\x80\xfe\x8e6\x03\xea\x0bp\x0b\xb3\
i\xeb\xf4\xb1\xcb\x9cS(\x00B-%\xfd\x5c\x1b\xad\
\xc8\x07t\xe9dYE\xe6\x16k;\xa6\x00\xa4\xedP\
fB\x18\x01\x88\x88\xcal\x92\xbc\xc97vP\xb6\xa4\
!Dk\xb5\xaa\xbe\xbe^\x8ei\x92\x9f\x81S(\x00\
\x22V\xa0\xe6\x1d'\xbeI\xa2\x16\xbc\x86.\x9d\xb15\
=\x0c\x96ec\x90\xad/4%3\x951\x80Hb\
\x8cG\xd2n\xab\x950\xaaD\x056.\xd97\x1bU\
\xf9f\x1a?4\x00)//\x97\xcd0&[\x91[\
\xa8\x05\x8dL\x89\xc6\x19_\x00\x12\xf7\xd3\xfa\xe5\xcee\
ee?3\x95*\xdd\x9ee\xf06\xfa\xfd\xc6N\x9d\
:\xddN\x1a\xa1q\x01\x03dC;P{\x5c\xb7\xe1\
\x1dm\xbfV\xd3l\xb7y\xf2\x86\x86\xd4\x82\x06H\x1e\
\xb5\xfc.\x1a\xf4H\xc9\x82\xa9\xdf[h\x89\x8d\xbc\xdd\
\x86\xef\xf81c\xc6\xacJ\x99x\x00\x0fB\x05\x10\xba\
?\xd2\xc7}H\xb7\x1d\x00\xde\x056\x9am\xfa\xcf;\
\xe8\x96=\x03~F\x01\x22\xf2\xd0\x12\x9f\x89\xaf}\xea\
\x97n\xb6\xd1O\xcb!\xb3o\x17*\x80\x88\xf4\xd4\x22\
\xba\xa7\x14\x1f\x02x2\x95,\xec\x8d\x12\xb2\x1b\xeb\xde\
\xf8\x10|;\x1fa3\x0eJ\xa5sl\xc6\x91\x93G\
\xbc\x9b\x97\xb6\xffJ\xfe(\xb8\xbb\xa1\x03\x08\xb5\xb0\xec\
\x8b\xd0i\x91\xd3\xa3\xd1\xa8\xd2\xf7\xf0|\x08\xb3\xa5\x8f\
\xb0\xa6\x82\xfe\xc7\x14\xe3x\xbeL\xcd\xeb>\xef\xb8O\
<\xff\xb0\x5c\x87\x0e \x18F6\x0f\xe1is\x1dV\
\xadZe\xebm\xbd\x1c\xaf\xaaM\xf0L\x18Q\xc1\x18\
\x07\x88,\xc2D\xb6BH\xa7\xfbMQQ\x91|N\
N'Oe^\xa1\x02\x08\xd3\xa4\xc3\xd0H\xcfvW\
\x18\xc5\x1c]\x9f\x8b\xc9T\x1b\x070\xc8\x18*\x96l\
 >]\x1f#\xcb\xe0c\xca\x14\x14\x14\xc8\x892F\
f\x03\x91=\x0c+\x88c\xaa6\xf9\xa1\x02\x08\x12\x95\
AF\x1c \xb9\xb5\xb0\xb0p+#\xcc\x7fd\xfa\xfe\
\x8f\x97\xc1\x5c544\x18\x05i\xc7\x8e\x1de\x8b\xb0\
)\xe5\x0e,--\xd5q\xc8\x836\xf9B\x03\x90\x92\
\x92\x12Yv\xbe\x936\xcdZ3\xda\x9eY\x92\x1bZ\
\xdf\xd6w\x07\x10\xca\xbb\x1c}\x0c\xfdsz\x9bw\x15\
_\xfa\x8f\xe6-\x06-\xbc,7\xf1\xf5\x09\x0ao\x9c\
\x7f\x0c\xc54\xf5\xf0\x1f\x7f\x05\x7f\x15\x1a\x800\xe8\xb3\
\xb1\xc0\xef2\x80x\xa1)\xb3w\xed\xdaU\xf6/\xfc\
\xcd\x14\x7f\x0f|\x17y\x08\x93Q\x10\xc0!\xbb\x0c\xe5\
@\x89\x8c\xe2{\x8dD%\xd3/L\xadH(\x00R\
\x5c\x5c\x5c\x84av\xf5jD\x95p\x0cb\xcb\x8b\x8b\
\x8b{\xab\xf0H\x15\x97\xd9\xb2\x06\xf4\x10\x90\xa4\x0ab\
\xf4>}x#\xd3\xd9tMe\x85r\x95Q\xe1\xe3\
\x98SY\xca\xba\xaf\xb8;\xc1]\x86\x02 \x14*\xe3\
5S\x9c\x89\xb7$\xbd\x89W\x5cqE\xd7\xb8{\xbe\
.\xd3\x05\x06\x802\x80\xfd.]\x18C\xcff\x99z\
\xdf\x03\xf0\xee@/#\xf6Ja\x8b\x93h\xe9\x8d\xec\
oI\x91^\xca\xdb\x81\x03\x84\xa6[f\xae\xf6L)\
\xa1\x99\x07\x07\xaf[\xb7N>\x93\xa0\x9d{UU\xd5\
\x9b05r\x00\x04|S:\x0a\xb1\x91\xa9l\xf2g\
<\x15\xcaQ)\x136\xf4\x00@^`\x88\xb5/\xb6\
\x81\x03\x04im\xb6\x1e$\xd7\xe2.\xa4\xab\xa5\xfb\xad\
}\x8c\xb9\x00\xe4\x8b\xd8\x0f\x0b~\x8d\x89\xd6\x03p\xc8\
\xc1\xdd#-\xc8\x9f,\x89A\xe4\x8f\xa7\xcf\xed%\x8b\
\xac\xeb^\xa0\x00\xc1\x00\xf2n\xc2\xe8\xacH:CQ\
3\xfe\x91B \xeb\x8a\xd2\x05\xf3\xfd\x8cV\xe4c\x22\
]\x0e\xd9psH\xafHwB\x0c\x94\x7f\x03O\x13\
g\xf6\xc2\xd6\x9b#\x7f\x06y\x0bi.T\xa0\x00\xc1\
\x00r\xf2\xb79\xed\xbcq\xae\x02\xa8\xdak*\x0a\xed\
4\xba\x09\xa67O\xcd%\x1d#\xdf\x1eDv\x01\x87\
\xf6\x97\xb6\xde\xb2\xa4%\x94\xb4\x22\x1b|\x07\xa6\xe5\x89\
\xa5\x8b\xc0\x002l\xd80\xf9\x86\xa0\xb4 \x96TM\
\x99Lw\x80*\xa7\x15j\xcf\x88\x89\x13'>\x04o\
?3f)\x85L\xf2`4\xe0\xe8\x97\xe4\xbe\xf2\xad\
H$r;\x00\x09\xc3\xb2\x8fm\xb0_\xa0\xadH`\
\x00\xe1\x8d\xac\xb4\x1e[+\xe7\xa6\x1e\x06\xfb\x91\x11\x0f\
\xe8a\xb5!\x97\xca\xca\xca\xc5\xed\xdb\xb7\x17\xf0\xe9|\
\x03-\xe00rf\x15\xe0\xb8\x09\x0dB3\xcd\x8a,\
\x1b'@P<\x0c\xad\x07b\xb4\xb8\xa3)\x1c\x8f\xb5\
\xfc\xd2x!\xcb\xb8\xbbu\xebv*,\xe58\xa0\xaf\
\xf13uSxG\xb0?-\x87\x11p0\xb5*K\
}L\xef\xd9\xf7\xab\xfb^\xe4\x8b\xd8\xceo<-\xe1\
\x03iA\xe4\x93iLKJ\x0b\xa2\xaa\x84\x8eO(\
\xc4\xcbp*\x9915\xfe\x86\xaeky\x89H\xc1\xbe\
\x16~\x07A\xf2-\x8eO\xf1\xbd89^\xf4\x8f\xcd\
\xc0\xb8\xac\xba\xba\xfa\x0d/\x91\xfc\x86)**\xba\x98\
nU\xe86,5\xeb!\x9f\x90n\xbe\xb4\xeb\x05\x02\
\x90\xc6\xc6\xc6\x93\xc9\x8c\x8e\x1aT5\xb1E\xf7B@\
blj\x13\x90,\x87\x0a \x19\xfb\x1cH\xd7\xae\x14\
[Tb\x8bi\x5c\xcf\xe6Z\xb6\xb3JK3\x18P\
\xecI8\xa1kM\x01\x83t\xf3\x98\xa48\x99\x0a\xeb\
n\xb9\xd6L\xba>\xaaz\xaa\xac\x22\xd6,\x9b'v\
\x81\x00\x04\xc9t\xb4\x1e\xef\xd7\xd7\xd7\xcb!\x0f&\x06\
\x93\xe3\xe9n\x18\x7f\x93\xcb\xf8\xe45\xa8\x92\xc1|)\
@\x18\xcc\xf5\x89\x5c\x9f\xc9\xf5\xb5\xd04@!\xad\x07\
\xe6\xd2\xe1\x92\xf3\xa028\x14`>\x91\xfci\xe6w\
\x01\xfaK\xe8P\x86/G:e\xce\xe8\x87\x98\xdd\x18\
\xc7\x05\xd2\xcd\xb2\x0e\x102d_\x8cv\xcc\x0fzg\
\xfe\x9fL\x9d)\xfb\xcc\xc9\x84\xc7\xe1\xf2{H\xabC\
\xc6\xb9\x80\xe4\x00\xadLC\xc6\xac\xac\xacL\xd6\xbfi\
_\x81L\xde|N\xeb\xd7\xb4%\x17;J%\xa6\xac\
9<\x03\xe9fY\x07\x08\x96\xd228'\x03Z\x16\
\xe6\x01\x12Y\xc6\xfe\x08\xbc\xb5:2w\x11\x85h7\
\xadLC\xc2l\xe8\xd0\xa1[\xd3\xd5]nB\x1c\xba\
k\x03kjj\x9aNFlhhx\x1c;\xaeP\
M\x07\x80\xf4\xa3r\xddG\x95\x8f\xdf\xf8A\x00d\x7f\
\xbfB&\x09\xbf\x80\xae\xc8\xc2\xf8\xfb\x80D>\xe6\xa9\
}\xc3\x12\x85h) \xf9E|Z\xd9~=p\xe0\
\xc0\xfcM7\xdd\xf4\xaf\x86\xf4(k>\xe3\xac\x89=\
\xad\xfc\xe7\x5c\xe8\xfa\x84\x9a\xf5n\x96U\x800\x93#\
\x87'\xc8,\x0e6\xcb\xdcQ\x9bH\xb7\xaa\x15\x83u\
\xeb\xd6\x199Q\x1d\x90|\x0cH\xc2pbI+\x9d\
3\xb9\xd1\xbd{\xf7\x0f\x88gbu\xee\x14*\xaad\
\x03\xf3\xa4\xf9\x85\x0c\xbe\x1c\xf9\xde\xc7W\x04\x0d\x81\xad\
\x02\xa4\xae\xaeN\xde*\xab\x9e\xfc\xb1\x16\xbd\x93\xf6k\
o\xbd\xf5\xd6U4\xefM}_\xc2hu\x80\xe4K\
\x00\xbe\xa9V\xa6\x010c\xc6JV\x1b\xffRk\xd2\
0\xa3\xf0>\x078.\xe3\xb2\x95\xa3\xb5\x7f\x96n\x96\
\xf2X\x07\x1e\x87\xd1\xcd\xea\xd6*\x01\x837\xac\x02\x04\
\x05\x05 \xaa\xea<\xcel\xcf\xdfS1\xa9\xa8\xa8x\
\x8egF6\xff\x03\xf0\xb5tOtLO#\xa2}\
G\xe1z\x91\x82\xdc\xcb@\xca\xb283\xed\xdbw*\
.\x1d\x1b\xc9\xc4\xf6\xba\x8f\x85Jk\x0e\xab\x00A\x12\
\xe5.\x10\x19\xdcfsMM6\x0e0\x1a\xf9\xfe\x07\
\xdd\x93u\x85\x85\x85=\xd0%\xab\x1c\xe0X\x89\xc0F\
\xba(\xd8\xba0]\xa5E\xbay\xe4\x9bL\xa2\xac\x96\
kE:B1\xbe\xaf\xe8V\x01\x82\x91\x0e\xf7%]\
\xeb\xc0\x7fgV\xc4\xd3\x9c=\xcd\xba\xeceX\xda\x9a\
\x85\xfa\x9d\xfc\xfc\xfcO(p\x81-\xd3\xf7\xa3\x01r\
n\x07}C\x9c\xed!\xed\x0ep\x14c\xeb\x96\x19\xc5\
T\x09\xd0\xb2\x7fB\xfe\xebhET\xcbP*\x11\x93\
\xde\xb7\x06\x90\x11#F\xc8\x9c\xbbj&\xbd\x18\x9b>\
L\xaaM\xc2MZ\x12\x93\x9f\x22x\x83\xf7$\xfd\x12\
\x92\x0c\xd5\xcfH$\x22\x87i\xcb\x92\x96\xff3$\xd8\
\x0d\x80\xa3\xda+o\x00\x22\xad\x88\xd7\xe0\xa9\xc2\xed\x8b\
^\xd6\xc6!\xd6\x00\xc2\x9b\xd0CRi\xec\xf5>\xb5\
\x95\x0c0\xbd\x06o\x0aG\x1c\x01f\xd3\xb5\xee\x7f\xf0\
\x9e\xc3\xa0w\xb0n\xbe:\xf8Q\x88d\x15\xac\xf2\xc0\
8\x8d,7S\x01\xf9zA\xcb8d\xf1z\xfe\xd2\
\xf0l\xf5(\xd9\x0d\xf8\x18\xe9*&M+\xd9MC\
\xf7\x94\x9bF\x0c\xf3\x96_\xd9\xa8\xe1\xde'O\xce\xf7\
\x1b\xcfkxj\xc5{)\x8c\xc6\xd6ny\x95#>\
\x1c\xf2\xc8\xf1\xad\xf7\xc5\xdf\xd3|=\x01p\x5c\xed\x97\
\xa7\xacj&\x0f\xdf\xf6\x1b/1</\x89u\xbcK\
Kd\x9b\xf4\xb7\xb5\x16\x84\xd4UgO\xbe\xa3\xef\xef\
\xbb\x05!\xdd<@\x22{=F\xcb\xb5!\x1aO\xa1\
\x1co\x88\xb7/\xb6\xb4h\xf2\x1e\xc2\xc8r\xf8fA\
&\x02\x8e\x8c\xb7\x13SY\xe98\xf9\xd1\xda\xf8\xcf&\
@TOM\x5cL\x0d\xf4ms&\xf9\xf6\xc8T)\
4&A2\x12\x90\x98\xac\xb5\xdb\xd4\x99\xf4\xef\xa2E\
+i3`\x86\x01(\xdc\xf7`\xc7H\x86\xd1\x9b\xa2\
!\x9fr\x0b\x02\xa3\xfd +\xce\x0a@\xc88\xf9f\
\x85\xd2@\x11\xc3\xbe\xaej\x112\xd74H\x06\xa1\xeb\
\xdc\x82\x82\x82\xcdTe\xf5\x1b\x9ftk\x89s\x09d\
\xca=EK\xac\xcc\x1f\x90\xbd\xa6A\xc0\xed\xd1W\xca\
\x94\x06V\xe9YX\x01\x08}F\xd5\xd6#\x0f\xc3.\
N\xaf\x8a\xb7\xa7\x16@\xd2\xb7c\xc7\x8e/3\xc3\xb5\
\xbb7\x89\xd4BIA\x81\x9e\x81\x8b\xf6\xd3Y\xe0\x19\
s\xafa\xb7\x01\xb1\x1f*~\xb7n\xdd\x16\x11\xbfi\
!#~\xc6\x8e\xb1\x8cj+\xe2)m+\x00A\x99\
\x9d=I\x93&Pcc\xa3\xb6\x9dtd\xb6\xe9\x96\
d/\x00\xfd\x1c\x05\xf7\xc44*)?*\xfba\xb9\
\xbal\x13>N\x99Yj\x06\x1fc\xaf\x03S?\xf6\
\xf7$\x1a\x8d~O\x0c\xe5n\x16\x95\xae\x95\x81\xba\x15\
\x80\xd0=RmA\xbe\xe5\xfd\xc72\x0c\xab\xcd\x91\xe9\
\xa6A\x22\x075<\xc9\xa0Y\xfb\x99Ub\x84\xd2\xd2\
\xd2\xfeT\x1a\xb3\xb8\xd6Vx\xe1\x95\xe8\xbe\xc5N\xbf\
J\xbc\xa9\xe1\xb7r7\x8b\x0a\xc8\xf4\xa7,\x9a\xd4\xb4\
\x02\x10\x94Q\x05\x88\xf2\xf8\xa3I\xdb\x84\x7fd\xbei\
\x90\xc8\x12\x8b\x89\xb4$\x93\xa89e%s\x82\x04\x99\
\xfd\x84_\x84\x1aTNIQn\x99\xd3H\xb0\x16\xfb\
\x98\x1aKI7+M\xd2m?\xa2\xd2\xcd\x1d\x80\xa0\
\xaejF\xcab8\xd8\xe8w\x14\x02\xe3 A\xea\xe1\
uuu\xb3\x0b\x0b\x0b\x956_\x01\xb2\x8e\x80c2\
\xfcd\x0f;\x9e1\xb7\x02\xbbt1\xc6=/O\xc7\
\x12\xa0\x9c\x02\x88j\x0b\xf2\x0f\x83\x99\x95Ga\xb0\x01\
\x92\xe3x\x8f3'\x12\x89d\xb4\xe9\xa7\xa8\xa8h\x8f\
\xd5\xabW\xcb\xfen9\xec\xdb\xa49\xde\xc1\x1e\xa6?\
g\xad\xa3\xc2\x0b1@\xfcg\xcf\xe6\xfe\xa3l\x10C\
\x87A7`\x98\xf8\x83Ba\x03$r\x94\xe7c\x80\
dTb\xfa\xe9~\x13\xfet&:\xe4\xc4\x13\xe5\xbd\
\xfc\xe9\xd2\xa1+<\x1f;\xec\x9d.\x8c\x8eg\xa4Q\
\x07\x1f!\xbc\x8c\xdd\xd6\x19\xc7\xf4\x11\xd1\xca\x18\x04y\
T\xa7\xf5\x8c\x03\x04\x19\xf3\xc88\x1b \x91\xa4\xc6F\
\x22\x11\x01JO\xf9\x91\x8a\xa4K\xc5t\xf18\x9e\xcb\
Q@Fku\xc01\x83\xf7\x1cG\x93\x96-\xa7\x9a\
\xa79\xd5\x82\xfc\xcf\x96\xd5U\xd3\xb1\x08\x12\xe9j\xbd\
\x92j\x96\x0b\x00\x1d\xc9\xb8e\x11\x057\xe3e\x1d>\
l1\x05p\x98|\x8f\x92L\x14\xd5\x16$\xe3U\x15\
\xc9\x84Iu\xcfJ\x0bB&\xab\xb6 \xa9\xe47r\
\xbf\x19$\x97\x1aa\xbe!\xd3n\xcc\xc6\xc8,\x97\xbc\
\xcbhy\x02hn\xe6\xc7|\xc8\xc6)\x1e7\xa3o\
\xd2\xad\xb2\xa4\x1ff\x97;\x00\xa1\x10dM\x0b\x12+\
\x11\x14\x9a;\x99J\xb5\xf5\xe5+9\xf2t\x95\xb4\x1a\
\x90l,\xba2&\x87a\xffr\xf4\xf4\xbd*\xd7\xb0\
L\x9e\xd8S\xe9\xe6\x0e@\xd0\xd8s\x0bB\xd8V\x8e\
\x82jr\xca\xb1Uz\xb1\x1br\xb2!\x05HZ\xd9\
\xf7c\xf7\x0c\xfa\xb2\x09HZ\x0d+\xdby\xa9\xb4.\
A\xb7\x09\x06\xf51\xca\x1a\xf9s\x07 (\xa3\xd4\x82\
0=\xba\x8bQk\xa7g\xbe\x9e\x82$\x9b\xae\xeeM\
\x1f,;\x9e\x92\x17\xefA'TVV\xde\x13\xa4\xc4\
\xb4\x00\xaa\xc7\x0e\xe5\x0e@h\x01\x94Z\x10\x8c\x19$\
@\x9a\xca\x11 \xb9\x88\x8b\x02(\x9b\xdd\x13\xd8R\xc0\
\xf1t\xd0J\x00R\xa5s\xc6\xd0c\x95\x0d\x1d\xa4\xfb\
`<\x1d\x8c\xa1\xd4\x82 `\xe0\x00A\x86<@r\
+\xbe\xf5/\xbe\x92\xa6\xb2#\x0f\xc6\x22\xff\xa9\x90\xea\
\xf4\xaa\xb2,\xcd\x0c\xb6l\xf63\xf2\xd0G\xf7\xa7/\
\x92\xcaa\x0b \xaak\xa9\x8e\x1c9r\xa4\xd2~\x92\
\xa4\xdagp\x93\x02\xb6\x80\xdak[\xa2\xa6<\x9b\x8b\
g\xa1r\xb4\xe0\x97\xd0\xa5\xb25\xf0oS\xf7\xa2\xa2\
\x22Y\xaa\xae4\xae\xcc)\x80`1\xe5\xbd\x1c\xdf}\
\xf7\x9d\xea[d\xc4\xd0\xe3xg\xf0\x05@\xd9\x09\xa0\
<\xa8\x87\xa3\x19.\xc8''\x9a\x1c\xc2dC\xa0\xe3\
\x8dD\xed\xda\xb5kwa\xe2=\xbf\xbf\x01}\xee\xb4\
 (\xa3\xbc\x0f\x99\x1a\xc3\xe8\xde\x0a\xbf\x19$\xe1\x01\
\xca\xb9\xc8%\x07$\xc8\xcf\xb0\xd1\xbc\xce\x9d;\xef\x01\
\x90_\x0d\x9b`\xc8s\x02\xa4\xe4\x00Y\xee\x00\x84\x82\
$\xd3\xa4_)Y$/oHs\xd3\xac\xc8Fo\
t\xba.\x7f\x00$g\xeb\xe5\xaa\xc6\x0dy\xaa\x01\xc6\
qc\xc6\x8c\xb12\x90\xf5#m$\x12\x91#JU\
WwK\x92\xd5-\x5c\xc7\x00\x00\x07\xfcIDAT\
V\xba\xb8V\xc6 \xa2\x0d\xa4:\x0e\xc9\xa3\xd6\x10\xe3\
\xc2*\x5c\x0e\x90<LwF\x16\xf9I\x97&P\xe1\
\x90c(\xf2\x14\x07*D\xfa\xc4u\xe4\xe1\x9b\xe8\xb8\
6}2z\x9e\xda\x04\xc8\x12\x0d\x22\x0f)\xe1O\x03\
\x1fm,\x8a\x8b\x8b\x8fC\xa4\x89\x80W\xce\x0cV=\
9RU\xae\x06Z\x8f\xfeRK\x8f\x1a5*hY\
Z\xe9\x82\x5c#\xb9\xb9\x1f\xa4\xe4\xa8\x04\x9eSb\xe0\
#\xb25\x80\xa0\x94\x0e\x80\xc8\xe1\x0d\x15\x18\xda\xca\x89\
\x16\xa9\xecH\xfa=\xa1Q\x00\xe3e\x0a\xe43\xeb\xd7\
\xaf/B?\x13[SS\x89\x90\xea\xbe\xecZ\x94/\
x\xdd^__\xbf\x04\xf0N\x83\xce\x1e2d\x88\xd2\
\x8cQ\xaa\xc4\xfc\xdc\xc7V}\x09\xaf\xe5\xec0*\xa3\
y\xf0\xb2\xe2l\x02D\xbe\x08\xf5\xb5&\xad>%\xe3\
M\xee\xc5n%faa\xe1\xe6\xa5\xa5\xa5\x17\x90\xd1\
\x8f\xf0P\xc0>\x16P(\x1f\xa7\x0a/Sn\x0b\xc0\
{\x01\xf4`\x97.]\x96\x02\xe8I\xd8\xecxS\x89\
\xa5\xe3\x8b\xcd\x0e\xc3V\x93\xd2\x85\xf1\xf1\xec\x8b\x15+\
V\xe4^\x0b\xc2T\xe3?1\xc2tH\x8b#\xe3\xff\
L\xa6GM\xd6\x8e\x80\xa2\x07\x85j \x19\x5c\x93\x9f\
\x9f\xbf\x94\xd9\xb8id\xf4\x19(\x90\x0fe\x93\x93\x0f\
\xe6\x0c\xc7fOc\xb3\xbf@7B\x07G\xa3Q\xe3\
\x15$\xe9\x0c\xc7fR\xa0\x7f\xad\xc9`O\xd5\xd6\xd6\
6j\xe2\xd5&\x1b\xe3\x06\x8a\x97\x80\x0c\xd2\x06\x90f\
\xbe\xd73\x95\xf9\x12\x05\xf8\x9c\xe6\xdfJ^\x0c\x10\x80\
B\xbaq\x8b\x00\x85\xac\xac\x95\x01\xf8\x08\x18[YD\
H:\xa6\xdd^$p\x0d\xf4J]]\xddg\x14\xe0\
'\xa1(:\x1f\x8f\x1d;s_\x8b\xa3\xb5\x1d\x00_\
\xf96\xa1\xb4\x1c\x1d\xb40\x85\x09\xdd\xab?\xe1Ys\
V\x01\xc2\xcc\xc3\x0bh6\x17\xd2\xe6\x00]/j\xa8\
\xe9d\xeer2Y\xfa\xdc\xbfe:x\x0fZ\x96\xb4\
\x992|\xf8\xf0-\x01D/\xe2\x0c&\xee\x14\xfc\xe5\
1@\xc0S\x8e\xef\xcc\xe9O@7g\x80l[\x95\
\xf7K\xd7\xa3\xf3\xd3\xd8\xf1k\x0a\xb5l\xe2\x9a\x80=\
N\xe6ZV\x187\x07m\xdb#\xfc\xbe\xd0H\xe2\xce\
\xa1\xb5\x95#\x89Nj;\x96\xf7\x10\xc8\xf7tEE\
\x85\xacx\xf6\x1eI1\xa4U\x80\x88\xacd\x84\xeeV\
D\xd8\xca\xe0}WxK\x9f\xfbNj\x99%\xf4\xbb\
\xeb\xc9\xac\x0f\xa1\xf9\x09\xb4\x8c\xdf\xdft\xe8\xd0\xe1+\
\x00\xf1&q\xee\xc5\xf0\x97\xe2\xcb\x8a\xdd&^\xa1\xfa\
gW\x18\x19\xe4\x1f\x8c-\xca\xa0'Hz\x15\x85\xfd\
3\xe8Uh:t3\xb6\x8b\xc6\x13\xf7\xe4\xfe\x9b\xdc\
\x93\xd5\xb5r\xb8\xdfx\xe2\xf6#\xae\x09w\xbf\x09\xa6\
\xe9xZ\x07H\xd7\xae]\x05 \x7fM'\x94\xc6g\
;\xc2K\xbei\x17O\xb2\x0f<\x14\xeb\xba\x90-\xf4\
\x8e\xc2\xbe-t\x10t\x0e$\xeb\xb9d\xe5@\x0bq\
O\xee\xcb\xc9\xfd]\x0c+\xf32/\x9c\xadv\xafD\
\x1f\xeb\x00a`XO\xc2\x02\x12<\xe7\x9c\x05\xbcY\
\x80V^\x0e\xaf\xf0\x16Xc(\xeb\x00\x11\xd9\xab\xaa\
\xaa\xa2\xd4<\xb3\xe5\xda\x91\xb3\x80\x07\x0b\xdcM\xeb!\
\x03~\x0fA\xf5\x06\x09\x04 \xa2\x02\x8389J_\
u}\x96\xb0\xca\x15\x92\x8f\x03\xc9^\x93\x97sE!\
Mz|\x15T\xeb!\xf2\x07\x06\x10j\x84/hE\
\x04$\x22\xc7FKd\xfe{\xd0 Z\xd5\xfd\xa0\x05\
\x90|\x7f\xaf?\x06\x91\x01/\x9e9\x97\x0d\x9c\xb1M\
\x01eE\x16\xbb\x06\x22n`\x00\x11m\x99\xf6\x9d\x85\
\x01n\x94\xeb\x8d\x8d\xd0\xfb#h\x14\x99\xdf\x13\xda`\
\xf0\x09H\xe6@\xfb\xf3\xfcB*\x11\xad\xa7\xdag\x93\
\x9d\xd1\xff,lS\x1b\xa4\xcc\x81\x02D\x14\xc7\x00\xd7\
\xe1\xcb\x07`\xf0r\xdf\x91\xe9\x9fB\xd7\xd1\xc5\x14`\
\xa4]\x9b\x84m\xee[\xb1b\x85\xcc\x10\xc9\xe1q+\
r\xdf:?jH\xc50\x0c\xfd\x03\x05\x87H\x138\
@D\x08j\xcb\xe3)47\xc9u\x0e\x93,\xf7/\
\xe1\xfdK/2\xfe\xc6\x9a\x9a\x1aO\x07Y\xd4\xd6\xd6\
\xd6c\x9f\x09\xed\xdb\xb7\x97U\xb0\xf2\x02S\xf8\xe4\xb0\
\x99\xf2\xe4\x93\x11\xa3\xe8]\xdc\x96\x17\x82\xbfP\x00D\
\xec@\xa1\xb9\x06\x90\xe8\xd8+ \xecBC\xd4\x84r\
\xae\xee\x19\x14\xf2\x03\xa0\xaa\x09\x13&\xfc+\x13\xe1$\
\x9e\xc4\x87\xe4\x0d\xff\x19\xcd|3a\x15\xe68\x0d\xe8\
%\xfb\xe7\xd3\xb6\xac6\x15\x08\x0d@Di@r\x07\
 \x91uUVv\x8bI\x9a\x86H& *\xc9\xec\
\xde\xd4\x84gR\xa8\x1f\xd5\x99\x8e\xf0\x13\xbe\xc2\x1f\xaa\
\x84\xf7\x17P\x98\x9coY\xc8\xf7\xb7\xda\xb5k\xd7\x0f\
\xbd\xc2\xb5\x7f\xde\xb7&\x86#\x00\x92\x87\x1a\x1b\x1b\x8f\
 \x99\xdb\xa1lr\xffAXY\x0a!\xcb]v#\
\xa3K!\xe5\xc3*\xe0\x99\xd2\x09\x7f\xa84??\x7f\
\x0f\x02\xc9r\x99'\xf1\xb3\xcd\xadA\xe0\xe8\xda\xb5k\
\xfbTTT\xc8\xaa_~\x86\xc7\x85\xaa\x05\x89\x99\x85\
\xfe\xf9\x0aj\xc9\xa1\xd4*r\xe2x\x98\xfb\xdc\xf1\xa0\
\xf852_\x00\xddO\xa1\x95\xfb1u\x8c\xfb\xe5\xe5\
\xe5_\x91\xee\x9d\xa4{\x12\x83\xff=\xb1\x9bL|\x18\
\x05\xa7\x0e\xa5\x90\xf3AZ\x8d>\xc8>z\xca\x94)\
\x02\x14\x1dl\xb5\xf2\x08%@b\x1a\xd2\x9a\xcc\xc0x\
\x07`\xc8S\xa0\x07\xb8om\x1f\x00i\xa5ro\xf3\
`\x22]\x9b\xb3\xa1\xc0@\x81\x0cI]uu\xf5\xbb\
\xd8\xedF\xec\xd6\x1b\xf9\xe4\xeb\xb7U\x04\x5c\x0c\x85\xc5\
I\x1e\xca\x02\xd1\xbe\xc8y.\xad\xc6[a\x11,\x99\
\x1c\xa1\x06HL`\x0c9\x13:\xbf\xb9+1\x9a\xfb\
\x0b![NZ\x83\xe9\x00T\xdeI\x08 zQ\xf8\
\x22\xd4\xd6\x0fC\xf2\xcc\x96\x1c\xbe\xd3A\xbey\xc8Z\
\x02\xf5&\xb2l\x09\xbe\x18\x7f*d\xe5\xc8\x1c\xd2i\
q\x80U\xde\xe7\xdcL\x1e\xee\x85<\x17\x91\x9f\xcf\xb6\
<\x0c\xf1EV\x00$f?\xba\x12\xefa\xdc(t\
\x04\x05VN7\xbc\x00_\x06u\xef\x10F\xc7)\x17\
\xff\x85\xcf\x022\xb3\x1c\xff<\x9a\xff]HkK\xe8\
<2\xf4>\x0a\xdc\x07\xdc\xcfJ\x87\x0e\x1fCS\xa1\
\x8b!9vG\x00s^\xb3\xae\x0bPJt\xc7\xd3\
\xea\xe4K\xbc#\xb0\xe3>\xd8nw\xd2\xbd\x9a<\x14\
\xa0($b7jV\x01$\xde4\x14X9\xdd\xf0\
~|9\xc6\x7fo\x8c\xdf\x85\xcc\xeeA\x18Y\xcf$\
\x1f\xbf\xb9\x81\xeb\x0aH\x06\xfb2x\x96SG\x9e\x05\
P\xb2Hr*a\xc7s=\x8a\xe7\x17\x93\x81'B\
\x02\x86\xcd\xe1s\x14\x999\x12\x7f:\xcd\xbf\xade\xf9\
\x88a\xd7\xa1\x9f\x00fz\xb3\xaeG\xf1{s\xb1\x01\
R\x9c\x87]\xe4\x9d\xd4\x14\xaee\xf6\xedE\xfc\xe5P\
l\xdd\x9c\xec\xfb\xf8\x17a>\xe2\xde\xbb\xd0\x22h\x0e\
T\x03\x15A\xfd\xb1\xad\xb4\xb4\x9b\xc0s\x00t\x0bv\
T>8\x10\xbe\x81\xb8\xac\x05H2k\x91\xd9+\xc9\
\x10Y\xcft'\xfe\xef\xa12h($\x83\xe7\xd3\xf0\
\xa5\xdf{\x22\xfe\xc5\x84\x95e\x1e\xe3\xb9\x9eJ\x06\xce\
\x86r\x16\x0c\xc9l\x95\xec\x9e\xd8\x00{L\xa7\xd2\xb9\
\x06\xff2H\xde\xdf\x1c\x8e\xbf\x1b\xb4\x15$\x85~3\
\xfcm\x08\xb3#\xfe\x9e\xd0AP\x7f\xa8\x08\xaa\x81\xe6\
`\xdb\xacmi\x13\xed\xd2.\xf1\x86\xfb\xed,\xe0,\
\xf0\xa3\x05\x1c@~\xb4\x85\xbbr\x16he\x01\x07\x90\
V&q76Z\x0b$Q\xdc\x01$\x89Q\xdc-\
g\x81\x98\x05\x1c@b\x96p\xbe\xb3@\x12\x0b8\x80\
$1\x8a\xbb\xe5,\x10\xb3\x80\x03H\xcc\x12\xcew\x16\
Hb\x01\x07\x90$Fq\xb7\x9c\x05b\x16\xd0\x05\x90\
\x18?\xe7;\x0b\xe4\x94\x05\x1c@r*;\x9d2\xba\
-\xe0\x00\xa2\xdb\xa2\x8e_NY\xc0\x01$\xa7\xb2\xd3\
)\xa3\xdb\x02\x0e \xba-\xea\xf8\xe5\x94\x05\xb2\x00 \
9eo\xa7L\x96Y\xc0\x01$\xcb2\xcc\x89k\xd7\
\x02\x0e v\xed\xedR\xcb2\x0b8\x80dY\x869\
q\xedZ\xc0\x01\xc4\xae\xbd]jYf\x81\x8d\x1b \
Y\x96YN\x5c\xfb\x16p\x00\xb1os\x97b\x16Y\
\xc0\x01$\x8b2\xcb\x89j\xdf\x02\x0e \xf6m\xeeR\
\xcc\x22\x0b8\x80dQf9Q\xed[\xc0\x01\xc4\x90\
\xcd\x1d\xdb\xdc\xb0\xc0\xff\x03\x00\x00\xff\xff\xda\x03h\x8e\
\x00\x00\x00\x06IDAT\x03\x00!\x8dTT\xf5\xd0\
&[\x00\x00\x00\x00IEND\xaeB`\x82\
\x00\x00\x12\xb4\
\x89\
PNG\x0d\x0a\x1a\x0a\x00\x00\x00\x0dIHDR\x00\
\x00\x00\xc8\x00\x00\x00\xc8\x08\x06\x00\x00\x00\xadX\xae\x9e\
\x00\x00\x10\x00IDATx\x01\xec\x9d\x07\xf0\x1eE\
\x19\xc6?\xa4\x890\x16D\x11p\xc0\x02\x0c\x0cJ\x13\
P\x11\x876\x0a2\x83`\x01Aj@\x91\xae(]\
\xa9\xa2\xa0\x14)\x096L\x10\x03\x8a\x8c\x8a\x11\xa5\x0c\
`\x00!\x9a\x88\x01A\x14i\x02\x0a\xb6 \x8c\x10\xc3\
@\xc4\xe71\xb9?_\xb9\xefnw\xbf\xdd\xbd\xdd\xef\
\x9e\xcc\xfb\xfe\xf7\xbe\xbbm\xef\xb3\xf7\xcb\xf5\xbb\x97t\
\xf4O\x0aH\x81\xa1\x0a\x08\x90\xa1\xd2h\x81\x14\xe8t\
\x04\x88\xd6\x02)P\xa1\x80\x00\xa9\x10G\x8b\xa4\x80\x00\
\xd1: \x05*\x14\x08\x08HE\xabZ$\x052Q\
@\x80d2P\xeaf3\x0a\x08\x90ftW\xab\x99\
( @2\x19(u\xb3\x19\x05\x04H3\xba\xab\xd5\
L\x14\xc8\x13\x90L\xc4U7\xf3W@\x80\xe4?\x86\
\x8a \xa0\x02\x02$\xa0\xb8\xaa:\x7f\x05\x04H\xfec\
\xa8\x08\x02* @\x02\x8a\xab\xaa\xf3W@\x80\xf4\x8d\
\xa1~J\x81n\x05\x04H\xb7\x1a\x9a\x96\x02}\x0a\x08\
\x90>A\xf4S\x0at+ @\xba\xd5\xd0\xb4\x14\xe8\
S@\x80\xf4\x09\xa2\x9fR\xa0[\x01\x01\xd2\xadF\xd8\
i\xd5\x9e\xa1\x02\x02$\xc3AS\x97\xe3) @\xe2\
i\xad\x962T@\x80d8h\xear<\x05\x04H\
<\xad\xd5R\x86\x0a\x08\x90\x0c\x07m\xb0\xcb\xc9\xcd\xf9\
\x08z4\x19~'\xfc\x09\xf8\xf7\xe0\x87\xc37\x80g\
e\x02$\xab\xe1J\xbe\xb3+\xa3\x87\x97\xc0\x09\xc4!\
H\xd7\x87\xbf\x0aN`\xceCz#\xfc`x6&\
@\xb2\x19\xaa\xe4;\xfa^\xf4\xf0:\xf8^\xf0a\xb6\
\x22\x16L\x81O\x87\xbf\x11\x9e\xbc\x09\x90\xe4\x87(\x8b\
\x0e\xee\x82^^\x0b\xe7\x16\x03I\xad\xed\x81\x1c?\x81\
\xaf\x03O\xda\x04H\xd2\xc3\x93E\xe7\x08\xc7\xf7\x1dz\
\xba\x1e\xca\x5c\x0e_\x13\x9e\xac\xa5\x0a\xc8\xb2Pl+\
\xf8$\xf8\xa9pn\x92oE\xfa\x18\xfc\x85\x16\xfb\xcf\
\x11{\x5c\xabn\xcd\x15\x8e\xa2Vnq\x08I\xb2\xbb\
[)\x01B\xb1\xcf\x81r\xb7\xc1\x17\xc0\xb92LE\
z\x02\x9c\x9b\xe4\xcd\x91\xae\x02\x97\xa5\xa1\x00\xc7\xcbe\
\xcb\xd1\xdf\xfb\x8d1\x83\x90\xac\x8e49K\x01\x10\x1e\
\xb8M\x832\x14\xfb\x08\xa4\xef\x84\xcb\xd2V\xc0\x17\x1c\
E\x94\x9bb\x82g\xbeVC\x9a\x945\x0d\xc8\xb6P\
c\x1e|_\xb8,\x0f\x05|\xc3QD\xcd\xff\x18\x09\
\x09O\x15\x17\xf3\x1aO\x9b\x04\xe4HD\x7f=\x5c\x96\
\x8f\x02\xa1\xe0(\x14\xd8\x02\x13\xdc\xddZ\x09i\x12\xd6\
\x14 {#\xfa3\xe1\xb2|\x14p\x81\xe3o\x08\xef\
l8w\x9d\xef@\xdacC~l\x89\xf9\xdc\x92\xf0\
\x02#&\x9b\xb5&\x00\xe1\xc16/\x165\x1b\xb9Z\
\xb7Q\xc0\x05\x8e\xdf\xa1\x81m\xe0\xdcS8\x17\xe9F\
\xf0+\xe0&\xc6]oB\xf2r\x93\xcc!\xf34\x01\
\xc8\x01\x08h\x05\xb8,\x0f\x05\x5c\xe1\xd8\x15\xe1\xdd\x03\
\xef6\xce3\x85\x84W\xe6\x09\xc9\xcb\xba+\x88=\x1d\
\x1b\x90%\x11\xe0\x0ep\x17[\x88B\xf3\xe1O\xc2\xb9\
\xe9~\x14\xe9\xfdp\xfeO5\x17\xe9/\xe17\xc3g\
\x8e\xb1#\xb4\xa8\xe6\x13\x8e\xa2\xe36\x90\xbc\x0f\x85\x08\
\x09\xaf\x8ba2\xbe\xc5\x06\x84\x9b\xdc\xd7\x18\x86\xc9[\
\x17x\x07\xe8v\xc8\xff:\xf8R\xf0\xe5\xe1\xdc7\xe5\
o\x9e7_\x0b\xbf\xdf\x02\xe7\xb9t\x9e\x05\xe1\xfe\xeb\
\xd6\xf8=\xce\x8e\xf0\xa2X\x088\x8a\x8e\xdb@\xb2#\
\x0a\x11\x12\x8e?&\xe3Zl@v6\x0c\xefc\xc8\
\xb7=\xfc\x028o\x80\xe3\x16\x03\x93\xb2H\x0a\x84\x84\
\xa3\x08\xc1\x06\x12\xae7\x84d\x89\xa2pM\xeamq\
l@\xf8?{]\xe7\xcfB\x86o\xc1e\xcd(\x10\
\x03\x8e\x222\x1bH>\x84B\x17\xc2\xa3ZL@\x96\
Ad\xeb\xc2\xab\xecOXx\x14\x5c\xd6\x8c\x021\xe1\
(\x22\xb4\x81\xe4@\x14\xa2#\x89c1\x01\xe1\x8di\
uQ\xf1\x00\xbb.\x8f\x96\x87Q\xa0\x098\x8aHl\
 \xe1\xf53^*(\xca\x06Mc\x02b\xf2\xb8\xe5\
MA\xa3U\xe5\xc3\x14p\x81\x83u\xfd\x00\x7f\xfaO\
\xe5b\x96\x93\x99B\xc2K\x04<Fuj\xc4\xb6P\
L@L\xb6 <mk\x1b\x83\xf2\x8f\xa6\x80+\x1c\
l\xf5D\xfc9\x03\xee\xcb\x8eFE\xcf\xc2\xeb\xec\xdd\
u\x19|-\x1f\x04\xc4W\xcd\x83\xf5\x98\x00b\x22\xce\
`\xcd\x9a\xe3\xaa\xc0(p\x14m\x1e\x83\x09>\xa6\x80\
dd\xe31\xe8w\x0dj\xe1CVo2\xc87r\
\x96\x98\x80\x98tV\x80\x98\xa8\xe4'\x8f\x0f8\x8a\x9e\
\xf0^+_\xb7\x0fE;\xbe(:_\x95\xa6\x06\x08\
\x1f\x94\xaa\xea\xaf\x96\xf9Q\xc0'\x1cE\x8f\xf8\xb6\x92\
\x8b\x8a\x1f\x8e\xe9\xc9(\xb76\xbc\xce\xb8+\xfe`]\
&\x1f\xcbS\x03D[\x10\x1f\xa3Z]G\x088\x8a\
\x16\xf7\xc7\x04_\xfb\x83\xc4\xda\x08\xc7I\x86\xa5n1\
\xcc7r6\x012\xb2\x84YU\xe0\x02\x07\xefu\xbb\
\xdb\x22J\xbe\xf6\x87\xcft,mQ\xc6\x06\x8e\xa7Q\
\xef\xa8[*TafQ\x011\xe8\x92v\xb1\x0cD\
r\xcc\xe2\x02\xc7]h\x8b\xa7_\xe9|K\x22~\x1a\
\x19\xf3\xf3\xae]\x9e\x92\xad+`\x03\x07\xeb\xe2\x85d\
\xbe\xb7\x80\xd3\xc1=5@\xb4\x8b\x15f\xc8]\xe0 \
\x10\x5c\xd1y\x9d\xe3\xf7\xe8\x16\xa7oGjj;!\
#\xdf3\xf0j\xa4\xc3\xcc\x16\x8e\xaf\xa1\x22:\x928\
&@\xe2\xe8\xdcd+.p\xf0\xe9?\x02\xf1\x87\xae\
\x8e\xff\x11\xd3\x9c7\x1b\xa9\xa9\xf1vuB\xb2jI\
\x01[8\xb8E:\xa8\xa4\x9e\xa0\xb3R\x03\xe4\xbfA\
\xa3m_\xe5.p\xfc\x062\x11\x04\x02\x81\xc9\x1e\xe3\
\x99#\xd69\xabgn\xf5\x0f>\xe2@H\xba\xdf}\
\xe5\x02\x07\xfbT\xddR\x80\xa5\xa9\x01\x12 \xc4\xd6V\
\xc9\x15\x99+\xa6\x8d\x00\xbfFf\xae\x88\xf7!\x1df\
\x8f`\xc1\x87\xe1\xbf\x80\x9b\xda\xbb\x90\x91}\xe1\xcd\xaa\
\xd9\xc0\x81>w\xc6\x05\x10\xc6\x22\x7fQ\x01\x178\xe6\
\xa08\xe1x\x00i\x9d\xf1\x0d\x97\x84\xc4\xe6\xe6\xd2M\
P)!1=\x95\x8b\xec\x1d\xeeV\xb1O\x9cn\xc4\
\x05H#\xb2\x07m\xd4\x05\x8e_\xa1G\x5c\x11\x1fB\
jj|\x88\x8d\x90\xdc`Z\x00\xf9\xf8\xf4'\x12#\
k\x1c\x0e\xf6R\x80P\x85\xf1q\x178x<A8\
x\x1f\x94\xad\x12|\xe9\x1f\x1fd\xe2S\x9f\xb6e\xab\
\xf2'\x01\x07;(@\xa8\xc2x\xb8\x0b\x1c\xbc\x9e@\
8x\x5c\xe1\xaa\xc2S(\xf8A\xf8\xcf\xe0>,\x19\
8\x18\x8c\x00\xa1\x0a\xf9\xbb\x0b\x1c<\xc8&\x1c\x7f\xf6\
\x10\xfe3\xa8\x83[\x12~\xf3\x03\x93\xce\x96\x14\x1c\x8c\
B\x80P\x85JO~\xa1\x0b\x1c|=\x12\xe1\xf8\x8b\
\xc7\xe8x\x17\x04\xb7$?r\xac398\x18\x87\x00\
\xa1\x0a\xf9\xba\x0b\x1c|j\x93p<\x1e \xec\xe7Q\
'!\xe1\xca\x8eIcc~\xf6\xc9\xb8@\xac\x8c\x02\
$\x96\xd2\xfe\xdbq\x81\x83\xdf\x5c\xe1\x8a\xc83P\xfe\
{\xb4\xa8F\xde\xa8\xc8\xbe-\xfaU\xff7Y8\xd8\
u\x01B\x15\xf2s\xae\x80\xbc\xa6`\xd3s\x9e\x8e%\
\x1c\x7f\xb7)d\x99\x97\xef\xaeb\x1b\xa6\xc5\x92\x86\x83\
A\x08\x10\xaa\x90\x97\xbb\xc0\xc1\xcfLp\xc5\xfdg\xc0\
P\xf9\xa8,?\xf7l\xdaD\xf2p0\x10\x01B\x15\
\x9ar\xfbv]\xe0\xe05\x0a\xc2\xf1\x84}s\xc6%\
\x08\xc7n\xc6\xb9;\xcd_!7\xed\xab\x001U\xaa\
\xf9|\xbb\xa0\x0b\xb6\xbbU\xd7\xa0\x0c\xe1\xf8\x17\xd2P\
v\x19*\x1eK8\x10\x97\xee\xc5\xa2\x08\x19\xb8\x0b\x1c\
W#.\xc2\xc1\x0by\x98\x0cb\x97\xa2\xd6\xdd\xe1\xa6\
\x96\xc5nUw0\xda\x82t\xab\x91\xe6\xb4\x0b\x1c?\
E(\x84\xe3\xdfHC\xd9tT\xfcQ\xb8\xa9e\x07\
\x07\x03\x13 T!]w\x81\xe3*\x84C8\xf8\xec\
6&\x83\xd8wP+?\xcd\x8d\xc4\xc8\xb2\x84\x83\x91\
\x09\x10\xaa\x90\xa6\xbb\xc01\x03\xa1\xb0\xdc|\xa4\xa1\x8c\
o-\xd9\xd3\xa2\xf2l\xe1`\x8c\x02\x84*\xa4\xe7\x5c\
\xc9m\x0f\xc8\xafD\x18\xdcr\xf0\x96\x0fL\x061\xc2\
\xc1\xb7\x96\x98V\x9e5\x1c\x0cR\x80P\x85\xb4\xdc\x05\
\x0e\xde\xffD8B\xbe\xf4\xe2\xdb\x90\xa9Up ^\
\x9d\xc5\xa2\x08\x09\xb9\x0b\x1c|\xc3:\xcb=\x170\x8e\
\x8bQ\xf7\xdepS\xcb~\xcbQ\x04\xaa-H\xa1D\
\xf3)Wr\xdb\xdd\xaabE\xe4\x07NCE0\x0d\
\x15\xef\x037\xb5\xa2O\xa6\xf9\x93\xce'@\xd2\x18\x1e\
\x178\x08\x13w\xabB\xbe\x09f*\xe4\xd9\x17\xdem\
U\xd3c\x05\x07\x03\x15 T\xa1Yw\x81\x837\x05\
\xda\xdc\xf7\xe4\x12!\xbf\x139\xc9\xa2\xe0\xd8\xc1\xc1\xd8\
\x05\x08Uh\xce]\xe0\xe0\xad\x1d6W\xaf]\xa2#\
\x1c\xfbY\x14\x1cK8\x18\xbf\x00\xa1\x0a\xcd\xb8\x0b\x1c\
\xbc\xb5\xc3\xe6\x02\x9dKd|1\xb4\xe0X\xac\x9c\x00\
Y,D\xe4\xc4\x05\x0e^\xbd\xb6\xb9@\xe7\x12\xd27\
Q\x88\x9f0@bdc\xbb\xe5(\xa2\x17 \x85\x12\
\xf1R\x178x\x81\xce\xe64\xabK4\xdf@!\x9b\
\x8fc\x06\x80\x03=H\xcc\x04H\xdc\x01q\x81\x83\xd7\
 lN\xb3\xbaD\xf4u\x14\xfa8\xdc\xd4Z\x01\x07\
\xc5\x10 T!\x8e\xbb\xc0\xc1\xd3\xac6g\x92\x5c\x22\
\xe1\xe7\x04\x0e\xb0(\xd8\x1a8\xa8\x89\x00\xa1\x0a\xe1\xdd\
\x05\x0e\x9eI\xb29\x1ep\x89\x82p|\xc2\xa2`\xab\
\xe0\xa0.\x02\x84*\x84u\x178x\xb0ls<\xe0\
\x12\xc1WQHp@\x84*\x13 U\xea\x8c\xbe\xcc\
\x05\x0e\x1e\x0f\xd8\xec\xf2\xb8\xf4\xf2B\x14:\x10nj\
\xf9o9L#\xed\xcb'@\xfa\x04\xf1\xf8\xd3\x05\x0e\
\xee\xf2\xd8\xac\xb8.\xdd\x9d\x82B6_jj-\x1c\
\xd0Iw\xf3R\x84\x00\xee\x02\x07\xffW\xb7Yq]\
\xba=\x19\x85\x0e\x86\x9bZ\xab\xe1\xa0H\xda\x82P\x05\
\xbf\xee\x02\x07\xffW?\xc4o7\x06j#\x1c6m\
\xb4\x1e\x0e*(@\xa8\x82?w\x81\xe3\x024\x7f(\
<\xa4\xb1\x0d\xc1\xe1\xa0\xb0\x00q\x10mH\x11\x178\
\xceC]\x87\xc3C\xda\xf9\xa8\xdc\x06@m9 X\
a&\x80\x14y\x95\x0eW\xc0\x05\x8esQ\xdd\xa7\xe0\
!\x8d\x00\x1ef\xd1\x80\xe0\xe8\x13K\x80\xf4\x09\xe2\xf0\
\xd3\x05\x8es\xd0\xce\x11\xf0\x90F\x00m\xb6N\x82\xa3\
d4\x04H\x89(\x16\xb3\x5c\xe08\x0b\xf5\x7f\x06\x1e\
\xd2\xbe\x82\xca?\x0975\xc11D)\x012D\x18\
\x83\xd9.p\x9c\x89z\x8f\x82\x874\xc2a\xb3\xeb\x96\
\x12\x1c[A\x98:G\x96x&@\xdc\xb4v\x81\xe3\
Kh\xeahxH\xe3\xae[\xaepP\x17~\xe0\xa7\
\xce\x99/\x9a7\x0cH\xb48}6\xe4\x02\xc7\xe9\xe8\
\xc0\xb1\xf0\x90v6*\xb79\xaeIi\xcb\x81\xae\xa7\
i\x02\xc4n\x5c\x5c\xe0\xf8\x22\x9a8\x1e\x1e\xd2x\x5c\
\xf3i\x8b\x06\x04\x87\xa1X\x02\xc4P(ds\x81\xe3\
4\x94\xfb,<\xa4\xf1\xb8\xc6\xe6\xa0_pX\x8c\x86\
\x001\x13\xcb\x05\x8e\xcf\xa3\xea\x13\xe0!\x8dp\x1ci\
\xd1\x80\xe0\xb0\x10\x8bY\x05\x08U\xa8v\x178NA\
\x95'\xc2C\xda\x97Q\xb9\xe0\x80\x08!m|\x01\xf1\
\xa3\xda\x86\xa8\x86/3@be|o\xd5\x06V%\
\xec2\xf3\x8c\x98\xcd\xe9bm9\xec\xf4\x9d\xc8-@\
&\xa4(\x9d8\x09s_\x09\xb7\xb5\xb5Q\xe0\xc7\xf0\
\xcd\xe0\xbe\xed\x0cThs\xbaXp@0W\x13 \
\xc3\x95{?\x16\xed\x0cw\xb55P\x90\xdf\xec\xd8\x02\
\xa9/\xe3\xe9\xe2c,*\x13\x1c\x16b\x95e\x15 \
e\xaa,\x9a\xb7\xd6\xa2d\xa4\xbf\xab\xa04\xb7$\xdb\
\x22\x1d\xd5x\xba\xd8\xe6Z\x8a\xe0\x18Uq\x94\x17 \
\x10a\x88\xf9\x00\x84U\xaf\x88?\x84d\x07\xa4\xaeF\
8\x8e\xb3(,8,\xc4\xaa\xca*@\x86\xab3\x14\
\x90\xe1E\x86.Y\x1eK\xb8\xbb\xf5\x01\xa4\xb6\xf6\x05\
\x14\x10\x1c\x10\xa1\x09\x13 \xc3U\xe7\x81\xf6\xf0\xa5\x8b\
\x96\xf0\xfb\x1c\x8b\xa6\xea\xff.\x8d,?\x84\xf3\x0c\x17\
\x12#\xe3\x85F\x9b\xab\xf0\xdar\x18\xc9j\x9eI\x80\
\x94k\xb5*f\xbf\x1e^es\xb1\xd0e\x85\xe4\xe7\
\x0bL>J\xc3\x0b\x8d6W\xe1]\xfa\x82\x10dU\
\x0a\x08\x90ruLv\xaf\xae_\x5c\xd4e\xc5\xe4g\
\xcd\xaa^\xdav*\xea\xfe\x1c\xdc\xd4\x5c\xfa`Zw\
\xab\xf3\x09\x90\xf2\xe1\xb7\x01\x845\xb8\xac\xa0|\x07V\
\xd9\x13\x7f\x84\xc3\xe6\x16\x15\x97\xb6\xd9g\xb9\x81\x02\x02\
\xa4\x5c\xa4:@\xe6\xa1\xd8\x0d\xf0nsYQ\xf9\xcc\
x\xf7\x15q\xde\xa2\x228\xbaUmxZ\x80\x94\x0f\
\xc0:\xe5\xb3'\xe6\xf2\xa1\x9e\x85\x13\xbf^\x9cp\x81\
\x84\xf7Tqw\xeadTcs\xff\x96K[hB\
f\xa3\x80\x00)Wk\xdd\xf2\xd9\x13sgNL\x0d\
N\xb8\xac\xb8< \xe7m-\x83\xb5\x95\xcfqi\xa3\
\xbc&\xcd\xadT@\x80\x0c\xca\xb3\x02f\xd5\xedb\x15\
\x07\xe8\xc8Zj!W\xe0\x90u\x97\x06\xd3\xe6\x99\x02\
dp\xf4\xeb\xe0\x98\x8d\x22\xf7\xc2\xeb,\xc4\x8a\x1c\xa2\
\xce\xba8Z\xbd\x5c\x80\x0c\x0e\x7f\x1d U\xbbW\xfd\
\xb5\xf9\x5c\xa1G\xac\xab\xbfk\xfam\xa2\x80\x00\x19T\
i\x94\xe3\x8f\xc1\xda:\x1d\x1f+\xb6\x8f:\xca\xfa\xa6\
y5\x0a\x08\x90A\x81\xaa\x00\xf9+\xb2\xf3\x0c\x16\x12\
+\x1be\x05\x1f\xa5\xacU'\x95yP\x01\x012\xa8\
I\x15 \xd7 \xfb\x02\xb8\xa9-\x87\x8c\x9b\xc3\xf9\xf2\
\xe8\xed\x91\xf2\xf6\x14$\xc6&8\x8c\xa5\x0a\x93Q\x80\
\x0c\xeaZu\x0d\xe4\xe1\xc1\xec\xff\x9f\xc3\xfb\xb6v\xc4\
\x14\xef\xba\x9d\x8e\x94 <\x87t>\xfcV8??\
\xb0\x1f\xd2\x8d\xe0\xa6&8L\x95\x0a\x98O\x80\xf4\x8a\
\xfbf\xfc\x5c\x06>\xcc\xde\x81\x05\x17\xc1yQ\x8f\xdf\
/\x9f\x83iB\xf0(\xd2\x19p>\xb7\xb1\x07R>\
\xcb\xbe\x14RW\xcb\x0b\x0e\xd7(3('@z\x07\
\xa9j\xf7\x8a9\xb7\xc3\x9f\xfd\xe1\xbc\xa8\xb7\x0f\xd2M\
\xe0\xdc\x8dB\xe2\xcd\x04\x877)G\xafH\x80\xf4j\
X\x07Hon\xff\xbf\x04\x87\x7fMG\xaaQ\x80\xf4\
\xca\xc7'\xffz\xe7\xc4\xfb%8\xe2im\xdc\x92\x00\
1\x96*hF\xc1\x11T^\xf7\xca\x05H\xafv|\
n\xbcw\x8e\xbf_\xbc\x86\xc2\xdbT\x08\x03\xdf\xc4\xce\
gA\xf8Z!\xbe\xf9\xc4\xe6\xd1]\x7f=\xca\xa0\xa6\
\xa6\xbb(@zG\xe0\x0e\xfc\xe4\x83LH\xac\xecy\
\xe4~\x00\xce\x8b\x88<\xbb\xc5\x87\x9ex0\xff\x1e\xcc\
\xe3\xb3\xed/EJ\x10\xde\x8e\x940\xf0\x95\xa1<\xf5\
\xcb\xb7\x9d\x10\x1c\xcc\x96\xa5\xa8\x80\x00\x19\x1c\x95\x830\
\x8b\xcfh \x99\xb0\xa70\xf5[\xf8U\xf0)p\xbe\
\xbcm7\xa4\xbc\x08\xb8\x1aR\xbe\x90aM\xa4\xdb\xc0\
'\xc1y\x96k*R\xde\xf5{\x1f\xd2g\xe1\xb2\x0c\
\x15\x10 \xe5\x83F\x00\x96\xc0\xa2\xc2\xf9\xfaQ\xbek\
\x97\x17\x03yU\x9c\x00]\x8e\xe5\xb3\xe0\x8f\xc1ec\
\xaa\x80\x00\x19\xd3\x81UX~\x14\x10 ~tT-\
\xf9)`\xd4c\x01b$\x932\xb5U\x01\x01\xd2\xd6\
\x91W\xdcF\x0a\x08\x10#\x99\x94\xa9\xad\x0a\x08\x90\xb6\
\x8e\xbc\xe26R@\x80\x18\xc9\xa4LmU\xc0\x0d\x90\
\xb6\xaa\xa5\xb8[\xa7\x80\x00i\xdd\x90+`\x1b\x05\x04\
\x88\x8dZ\xca\xdb:\x05\x04H\xeb\x86\x5c\x01\xdb( \
@l\xd4R\xde\xd6)\x90\x1c \xad\x1b\x01\x05\x9c\xb4\
\x02\x02$\xe9\xe1Q\xe7\x9aV@\x804=\x02j?\
i\x05\x04H\xd2\xc3\xa3\xce5\xad\x80\x00iz\x04\xd4\
~\xd2\x0a\xb4\x09\x90\xa4\x07B\x9d\xeb,\x99\xa2\x06\x02\
$\xc5Qig\x9f\x96M1\xec\xd4\x00\xa9z/n\
\x8a\xfa\xa9O\xfe\x14\x10 \x06Z&)\x92A\xbf\x95\
et\x05\x92\x1c\xfb\xd4\xb6 |\x7f\xd4\xe8R\xab\x86\
\x1c\x15\x10 \x06\xa3\x96\xa4H\xf5\xfdV\x0e\x0f\x0a$\
9\xf6\xda\x82x\x18YU\xe1E\x01\x01b c\x92\
\x22\x19\xf4[YFW\xc0d\xec\x1f\x1f\xbd\x19\xbb\x1a\
\xb4\x05\xb1\xd3K\xb9\xc3)`\x02\xc8C\xe1\x9a/\xaf\
9& \xcf\x94w\xa1g\xae\x89H=\x05\xf4cl\
\x14\xe0\xeb]\xeb\x82\x19k@\xee\xae\x8b\x1e\xcb_\x0b\
\x97u+\xd0\x9ei\xbe\xfb\xb8.\xda\x07\xeb2\xf8^\
\x1es\x0br\x97A\xe7\xb74\xc8\xa3,\xe3\xa9\xc0Z\
\x06a\xb5~\x0b\xb2\x95\x81H\xca2\x9e\x0a\xbc\xd5 \
\xac\xd6\x03\xb2!D:\x10.k\x97\x02\x87!\xdc\xb7\
\xc1\xabl>\x16\xce\x84G\xb5\x98\xbbX\x0b\x11\xd9=\
\xf0:;\x13\x196\x86\xcb\xda\xa1\x00\xbf\xb6u\xbeA\
\xa8\xfcz\x97A6\xbfYb\x02\xc2\x9e\xdf\xcc?5\
\xbe\x02\x96\xdf\x06?\x1dNPt\x03#\x84\x08a\x0d\
\xd6\xb9>\xda\xde\x0b~\x19j\xec\x949\x00\x00\x02]\
IDAT\x9c\xff!\x22\xa9\xb5\x1bks\x04\xc8\x10\
\x1b\x10~\xc2\xcc$\x0c\x9e\xee=\x16\x19o\x87?\x0d\
\xe7\x96\x87\xff\x83\xc8;\x9d\xd45\xb8\x05\xe35\x1b\xce\
O\xd6\xdd\x8b\xf4a8\xbf\xc3\xf8$\xd2\xff\xc0_\x80\
\xdf\x09\xbf\x04\xbe;\xdc\xd4\x18\xb7i^o\xf9b\x03\
r\x13z\xbe\x00nc\xfc\xfe\xdf\xba(\xc0\x03xy\
\xa7\x93\xba\x06[t:\x9dM\xe1<\xe8\xe6\x07LW\
\xc7\xf4\xca\xf0W\xc0]oF\xe5\x96f.\xcaG\xb7\
\xd8\x80pkpu\xf4(\xd5`\xce\x0a\xf0\x03\xaag\
4\x15@l@\x18\xe7\x95\xfc#\x97\x02\x86\x0a\x10\x0e\
\x93kh\x86\xd5\xd9ek\x02\x10\xee{\xf2S\xcav\
=U\xee\x9c\x14\xf0\xd5\xd7\x8bQ\x11\x01A\xd2\x8c5\
\x01\x08#=\x14\x7f\xae\x80\xcb\xa4\xc00\x05N\xc1\x82\
I\xf0F\xad)@\x18\xf4\xae\xf8s\x02\xfc~\xb8L\
\x0a\x14\x0a\x5c\x87\x89=\xe1'\xc3\x1b\xb7&\x01a\xf0\
\xa7\xe1\xcfFp^I\x9d\x85T\xd6N\x058\xf6\xc7\
#t^\x1f\xd9\x0e\xe9\xa5\xf0$\xaci@(\x02\xcf\
lM\xc6\xc4\xe6p\xde\xcd\xbb\x13R\xeew\xf2\xb6\x82\
9\x98\xe65\x90G\x90\xce\x83\xdb\x9e\x22F\x11Yb\
\x0a\xf0t\xed4\xf4\xe9\x08\xf8\xf6\xf07\xc09\xf6\xbc\
0\xdc\xd8\xc18\xfaPj)\x00\xd2\xdd\xb1\x7f\xe0\xc7\
\x0c\xf8q\xf0\xad\xe1\x9b\xc1\xd7\x83\xaf\x01_\x09\xbe\x1c\
|\x09y'g\x0dxw\xc4~\x18\xc3s\xe1\xd7\xc2\
y!\x11\x89\xa9\xc5\xcd\x97\x1a q\xa3WkR\xa0\
F\x01\x01R#\x90\x16\xb7[\x01\x01\xd2\xee\xf1W\xf4\
5\x0a\x08\x90\x1a\x81\xb4\xb8\xdd\x0a\x08\x90v\x8f\xbf\xa2\
\xefV\xa0dZ\x80\x94\x88\xa2YR\xa0P@\x80\x14\
J(\x95\x02%\x0a\x08\x90\x12Q4K\x0a\x14\x0a\x08\
\x90B\x09\xa5R\xa0D\x01\x01R\x22\x8afI\x81B\
\x01_\x80\x14\xf5)\x95\x02c\xa5\x80\x00\x19\xab\xe1T\
0\xbe\x15\x10 \xbe\x15U}c\xa5\x80\x00\x19\xab\xe1\
T0\xbe\x15\x10 \xbe\x15U}c\xa5@\x06\x80\x8c\
\x95\xde\x0a&3\x05\x04Hf\x03\xa6\xee\xc6U@\x80\
\xc4\xd5[\xade\xa6\x80\x00\xc9l\xc0\xd4\xdd\xb8\x0a\x08\
\x90\xb8z\xab\xb5\xcc\x14h7 \x99\x0d\x96\xba\x1b_\
\x01\x01\x12_s\xb5\x98\x91\x02\x02$\xa3\xc1RW\xe3\
+ @\xe2k\xae\x163R@\x80d4X\xeaj\
|\x05\x04H \xcdU\xedx(\xf0?\x00\x00\x00\xff\
\xff\xf1=\xedx\x00\x00\x00\x06IDAT\x03\x00\xd6\
[?\xbe\xa1\xb3\xf8\xcd\x00\x00\x00\x00IEND\xae\
B`\x82\
\x00\x00\x10!\
\x89\
PNG\x0d\x0a\x1a\x0a\x00\x00\x00\x0dIHDR\x00\
\x00\x00\xc8\x00\x00\x00\xc8\x08\x06\x00\x00\x00\xadX\xae\x9e\
\x00\x00\x0f\xd6IDATx\x01\xec\x9d\x07\xcc-E\
\x19\x86W\xa3\xd8\xc5X\xe2U\x0cF1\xb1\xa3\xc1h\
\x8cFE\x14\x8c\xa8\x09\x16D#\x18,\xb9*\x82%\
*\x8aF\x01\x1b\x88\xc6\x0a*\x1a;\xc4\xde\x1bR\x04\
{W\x10\xecX\xc1\x8er\xed\x22*\xbc\x0f\xdc\x93\xfb\
\x9f\xfb\x9f\xff\x9c\xdd\xd9\x99\xdd\x99\x9d\xf7\xcf\xf7\xfd\xb3\
e\xe6\x9bo\xde\xd9\xf7\xec\xcc\xce\xec\xec\x15\x1b\xff\x19\
\x01#\xb0!\x02&\xc8\x86\xd0\xf8\x84\x11h\x1a\x13\xc4\
W\x81\x11X\x82\x80\x09\xb2\x04\x1c\x9f2\x02&\x88\xaf\
\x01#\xb0\x04\x81\x84\x04Y\x92\xabO\x19\x81B\x100\
A\x0a\xa9(\xbb9\x0e\x02&\xc88\xb8;\xd7B\x10\
0A\x0a\xa9(\xbb9\x0e\x02&\xc88\xb8;\xd7B\
\x10(\x93 \x85\x80k7\xcbG\xc0\x04)\xbf\x0e]\
\x82\x84\x08\x98 \x09\xc1\xb5\xe9\xf2\x110A\xca\xafC\
\x97 !\x02&HBpm\xba|\x04L\x90\xed\xea\
\xd0\xbbF`-\x02&\xc8Z4\xbcm\x04\xb6C\xc0\
\x04\xd9\x0e\x10\xef\x1a\x81\xb5\x08\xa4\x22\xc8\xae\xcad?\
\xe9\xa1\xd2\xc7H\xef#\xb5\x18\x81\xe2\x10HA\x90\xbd\
\x85\xc2\xa7\xa4\xef\x91\xbeL\xfaV\xe9\xa9\xd2#\xa4\x16\
#P\x14\x02\xb1\x09rG\x95\xfeD\xe9N\xd2\xed\xe5\
p\x1d\xd8WZ\xab\xb8\xdc\x05\x22\x10\x9b \x90\xe0:\
Kpx\x9f\xce\xed)\xb5\x18\x81\x22\x10\x88I\x10\x88\
\xb1O\x8bR\xef\xd2\x22\x8e\xa3\x18\x81,\x10\x88I\x10\
\x9aWm\x0a\xb5\xa9M$\xc71\x029 \x10\x93 \
9\x94\xc7>\x18\x81\xa8\x08\x98 Q\xe1\x1c\xcb\x98\xf3\
M\x85\x80\x09\x92\x0aY\xdb\x9d\x04\x02&\xc8$\xaa\xd1\
\x85H\x85\x80\x09\x92\x0aY\xdb\x9d\x04\x02&\xc8$\xaa\
\xd1\x85H\x85\x80\x09\x92\x0a\xd9\xa9\xd8\xad\xbc\x1c&H\
\xe5\x17\x80\x8b\xbf\x1c\x01\x13d9>>[9\x02&\
H\xe5\x17\x80\x8b\xbf\x1c\x01\x13d9>>[9\x02\
&H\xe5\x17@@\xf1\xaf\xae4;J\xaf/\xbd\x91\
\xf4\xa6\xd2[Ho-\xe5E\xb9;)\xbc\xab\xf4\x1e\
\xd2=\xa4\xf7\x93>H\xfa\x10)/\xd1\xed\xaf\x90\x97\
\xe86+|\xb2\xf4i\xd2gI\x9f'\xe5\x9d\xa1\x97\
(<F\xfa*\xe9\xb1\xd2\xe3\xa5\xbcS\xf4.\x85\xef\
\x95~H\xfaq\xe9I\xd2\xd3\xa4\x9f\x97\xbeM\x9aD\
L\x90$\xb0N\xd6\xe8\x0e*\xd9\xe7\xa4[\xa4\x7f\x94\
\xfeF\xfa\x0b\xe9O\xa4\xdf\x97\x9e%\xfd\xa6\xf4+R\
.\x5c.`.\xe4\x8fi\xff\x83R^\xa2\xe3B\xe7\
\x82\xe7\xc2\x87\x00\x10\x01B\xbcX\xe7y]\xe2\xb9\x0a\
!\x0c\xc4\x81@\x9b\xb5\x0f\xa1 \xd6\xc3\xb5\xfd`\xe9\
\x03\xa5\x10\x0f\x02B\xc4/k?\x89\x98 I`\x9d\
\xac\xd1\xff\xa8d\x8f\x96\xfeY\x9a\x93\x98 9\xd5F\
\xe5\xbe\xfc@\xe5\x87$\x0a\xb2\x90?\xc8\x8b\xefI\x93\
\x88\xef I`\x9d\xbc\xd1O\xaa\x84O\x95\xe6 _\
J\xe9\x84\x09\x92\x12\xddi\xdb~\xad\x8a\x87*\x18U\
\x165\xaf\xa29d\x82D\x83\xb2JC\xdcE\xb8\x9b\
\x8cYx\x13dL\xf4\x9d\xf7J\x04\xe8\x8f\xfcpe\
\xac4\x11.\x92Y\x13D X\xf2E\x80'Z\x90\
\xe4\xe2\x11\x5cLJ\x0e\xca\xe3&\x16(X\xfb\x22\xf0\
\x0d\x19\x80$\x0a\x06\x95\xa4\x1dtJb\x82\x80\x825\
\x06\x02\x0c\x022\x1a\x1e\xc3V[\x1b#\xdcA\xda\xba\
\xe6xF`=\x02/\xd5!F\xc9\x15\x0c\x22&\xc8\
 0;\x93\x98\x08<N\xc6\x98\x8e\xa2 \xa9|[\
\xd6\xff\x22M*nb%\x85\xb7Z\xe3\xf4G\xceO\
\x5c\xfa\xe4\xfd\x0f\xfc7A@\xc1\x1a\x1b\x81_\xc9 \
$Q\x90L\x927\xaf\xf0\xdc\x04\x01\x05k\x0a\x04N\
\x97Q\xa6\xa5+H\x22\xd3#H\x12\x98l4G\x04\
\xae+\xa7\xe8\xac\xf3\x1e\x886\xa3\xcbOe\x91\xbb\x94\
\x82\xb4\xe2;H\x1a|y\x91(\x8d\xe5\xfc\xad\xb2\x88\
9\x9f\xb9\xe0\x1d\x8eT\xde\x0er\xf7\xc0y\x13\x04\x14\
\xe2\xe9\x15d\x8a\xafk\xf1\x22\xd1\xd0c\x02\xcazt\
\xe1\x8eA\xf9S\x7fro\x90\x0e:h\x9a \xa0\x10\
G\xf9\xf4\xdc\xffe\xea\xfeR\x847\xe4~\xa6\x8d{\
Kk\x10\xde\xfe\xe3\xcd\xc1!\xee\x9e\xbe\x83\x14vE\
\xbdN\xfe.\x9a\xd5z3\x1d\xff\xac\xf4\x04\xe9U\xa4\
S\x15\xbeE\xc9\xeb\xb3C\x94\xef\x02er\xb6t\x10\
\x99\xca\x1dd\x10\xb0\x16drK\x1d\xa3\xc3x\xb0\xc2\
e\xf2(\x9d\xfc\xb7\xf4 \xe9\x94\xe4\xc6*\x0cSL\
\x0eU8\x94\x0cv\xf7\xa0@&\x08(\x84)\x8b\x0a\
0\xcd\xfb\xe6\x1d\x92\x1f\xa7\xb8,jp\x07\x85\xa5\x0b\
+\x97pwd\xa5\x92!\xcb2X\xff\x83B\x99 \
\xa0\xd0M\xaf\xa4\xe8\x9f\x91\xb2\x1a\x87\x82\xce\xc2\xb28\
g*U\x0eo\xe3\xc9\x8d au\x11V.\xe1\x0e\
\xda\xd5\x00\x8fg\xef\xa2D\x9f\x96\x86\x88\xef !\xa8\
\x0d\x94\x86\xa74\xbc\xf7\xb0W\x84\xfc\x0e\x91\x8d\xbfK\
\x1f!-I\x9e!gY\x9fJAg9Y)X\
;k6=\xfeG\xda\xef\x22`o\x82tAl\xc0\
\xb8\xafW^<\xa5Q\x10M\xae!K\xef\x96r\xe1\
\xec\xac0g\xb9\xb2\x9cc-\xabW(\x0c\x11\x1ed\
\xb0\x96\xd5l\x82!\x9dm\xa6\xa3\xfc\xb7\x831\xc8\xc1\
\x93\xc2\x0eI\xfaEu\x13k%~\xcdm\x14\x85\x8e\
\xf8\x93\x14\xa6\x92=e\xf8\x97RV\x16T\x90\x9d\xd0\
\xcf\xfa\xa2\xbcb\x117\x05\x9d\x85\xbb\xe5S\x16\xa4\xfa\
\xba\x8eA\x12\x05\xad\x04\x82\xb4\x8a\x18+\x92\x09\xb2\x1c\
I\x9a\x13\xac\xb9\xc4\x05\xb2<f\x9c\xb3\xac,x\x9e\
L\xc5h\xc2\xc9L\x14\xd9]Vx\x18A\xbfA\x9b\
\x9d\x84\xbb\x03eY\xf6\x08\x98;\xe8\xf3[Z\x1d\xb4\
\x83\x8eO&\x08(\xacW\xc6,N\xd1\xe1\xd0\xe6\x84\
\x92\x06\xcbM\x94\x92\x87\x00\xb4\xf3\xaf\xa9\xed1\x85_\
w&\x1d\xd2\xbc\xea\xea\xc7w\x94\x805{\xc1Q\x9b\
K\x85A\xd5\xb7/\x8dq\xf9I\xdfA.\xc7a\xd4\
\xff\xfb(w\xc6,\xee\xab0T\x8e\x0cM\xb8&\x1d\
O\x8a\xfe\xa6}\x96\xd6Q0\xb8\xbc\x5c9\xbeC\x1a\
\x22\xac\xbf\xbb\x9b\x12\xd2lT\xd0J\x98\xbb\xf5\x85%\
1y\xf2w\xe1\x92\xf3IN\xf9\x0e2\x0f+\x9d\xd0\
\x0f\xcf\x1f\xea\xb4\xc7\x05}7\xa5\xa0/A\xa7\x9b\xce\
\xb7v{\xc9\xab\x95\x9aE\xa1\xef\xacp\x08\xb9\x962\
\xe1W\xff\x99\x0aC\x84\xe6\x12w\x9e\x90\xb4\xa4c\x1e\
\xdb\xa2\xb4\x83\xdf=p\xc2\x04\x01\x85\xa6\xb9\xbd\x02:\
\xe2\xa1\x9dP%oX\xbd\xfc\xda\xda`|@AC\
_\x82\xa76\x0c\xa4A\x1c\x8e\xcdk\xfb=\x1e\x8d\xd2\
\xa1}C\xfb$A1o\xabT\xcc\x1f\x0b\xbd{r\
\xd7\xa3\xb9$3A\xc2J\xf1\x90dQ\xe2\xc1\xfb\x1f\
8a\x824\x0d\xd3$\xbe+0\xfat\xc4\x9f\xa0\xf4\
\x0f\x93.\x12\xa6~C\x1c\xee\x04\x8b\xcew9\xf6D\
Ef\x85\xf5\x03\x14\xc6\x16\xc6x\xce\x91Q\xbe\xfb\xa1\
\xa0\x93\xb0\x804\xd3\xdc\xdf\xdf)\xd5\xe2\xc8|2a\
\xd1\x0f\x95\xef \x8b\xf1Jv\x94\x0f\xc1\xd0\x94`\xa2\
]h&\x0ct1!\xf1M-\x0c<]q\xb8S\
}Ma\x1f\xa1\xc3\xfcN\x198C\xba\x8b4\x86\xd0\
,\x0a\x1d\xe39U\x0e\xf0\x11\x1d\x9a\x81\xda\x8c\x22o\
\x96\x95\xb5\xf5\xf2s\xedswQ0\xac\xd4z\x07y\
\xa8`\xfe\x874\xb4)\xa1\xa4\x0d\x03_\xb7\xd2F\x97\
\x8a\xe3\x17\x9a9L\x8b~!e\xaa\x93\xdcK\xb1\xcf\
\x95\xb2\xd4\x8e\x82`\xa1i\xf8\xc2\xc0\xd4\xafT:\xc6\
px\xa8\xa1\xcd\xa8\xf2\x1cY\xfb\x80\x14\x19\xe5\xeeA\
\xc65\x12\x84\x8e\xf8\x0cx0\xe8\xaa<I\xa19\xb2\
h\xe0\xab\xad-~!\x99\xd3\xd5\xe6\xd1\xe6*\x9b\x87\
)\xc2\xef\xa4|uIAk\xb9\x81b\xd2\xef\xe2\xd3\
h\xda\xec,\x90\x9cq\xa2\xce\x09;$\xa0?\xc2\xe3\
b\x13\xa4\x03h\xa1Qi#sAP\xb1\xa16\x98\
\xbd\xbaI\x89?!\xed+\xff\x93\x01\x1em\xf2\x091\
\x9aj\xda\x0d\x96\x1b*%\x0b$\xf0\xfd>\xde\x07o\
\xb4\xbfL\xee\xa9\x93\xf4\x1bB\xfb]\x0c\x1eBr\x99\
I*\xff\x92uH2J\x07]y7\xb5\xdcA\x9e\
\xad\xc2\xf2K\x14zA(y\xc3\xb7\xf3x\x95\x94N\
2\xfb\xb1\x94)\x1c4\xd5xX\xd0\xd7&\xdf\xef\xfb\
\x93\x8c,{D\xcb\xb8J\xe8\xc2n|]\x8aw@\
B\xd3\xcb\xb5\xceB\xb34f\xff\xa6\x93\x03S'\x08\
#\xd1t\xc4\x8f\xee\x84\xca|d\xa6\x9a0E\xfd\xa8\
\xf9\xc3\xd1\xf7\x18\x98\xbb\x9e\xac\xf6\x19\x87Q\xf2\xcb\x04\
[\x5c\xcc\x8c\xc9\x5cv`\xeb?\xbe\x06\x1b\xfa4\x8d\
\x91}\xe6\xa5\xfdv\xab\xad*\x82)\x13d_\xd5 \
\xe3\x0f}:\xe2\xbc*{;\xd9a\x99K\x05\xc9\x85\
O\x09\xd0'\xa0?\xf1\xfb\x9e\xb9qW\xa2i\xf2\x96\
\xadv\xb8\x83\x1e\xb8u\xbbk\xc0\x02\x14\xa5M\xcb\xef\
Z\xc6\x85\xf1\xa7J\x10:\xe2\x8c?,,t\x8b\x83\
L\xc5\xe6bJ1\xde\xd0\x22\xfb\x86\xf7\xdb\xe9\xeb\xf4\
}BE^\x8f\xd5\xbfK\xa4\xf4\xc1\x14t\x16\xa6\xde\
\xc4\xf0\xa3s\xc69$\x98\x1aAh\x0a\xf5\xed\x88\xd3\
$c\xe4:t\x1eR\xccz\xe5\x97\x9b\xb1\x0e&\x0c\
\xc6\xb4\xdb\xc6\x16\xefm\xd0\xa4\xfa\xe8v\x91\xab\xda\x9d\
\x12A\xe8\x88\xf3\xbew\x9f\x8e\xf81\xaa}\xa6g\xe7\
\xd4\xcef\xea\xc7\x1e\xf2k\x7fi\x8a\xf1\x06\x99]'\
<8\xe0i\x18\xfd\x98u'k:0\x05\x82\xec\xa8\
\x0a\xe3W\xbfOG\x9c\xa9&\x10\x03\x92\xc9\x5c\x96r\
\xa2\xbc\xba\x9a\x94\x85\x1f\x14$\x13\xde\x9c\xe4\xd1\xf3\xa0\
o\xee%+MO\xc3\xa5\x13\x84\x8e\xf8\x16a\xd0\xa7\
#NS\x8aUF \x99Le/,1\xc4Tr\
:\xdd\xb1\x9de\xae\x17\x0b\xc0\xc5\xb6[\xac\xbd\x92\x09\
\xd2\xb7#\xceS\x22\x96\xee\xa13^Z\x05B\x0eH\
\x02Yb\xf9~w\x19\x02S\x05Q\x84)\xff\xf4\x9d\
V)\x83\x8eQ2La\xa4D\x82\xc4\xe8\x88\x9f$\
0\xb9\xeb\xbcFa\xc9Bs\x8bf\x17\xcd\xaf\xd0r\
0\x11\x90\xf1\x97\x14\xd39\xb8\xf8W\xe9\x1a\xbf\xf3\xdb\
,\x8d \xf4\x11\xfat\xc4y\xdc\xc9#K\xd6\xcfe\
\x846\xbf\x1a\xe9\xee\x11\x1dw:\xf0t\xe4\xe9\xd0w\
\xb1\xc0\x13*\x1ej0\xfe\xd2%]5qK\x22\x08\
\xcf\xf3\xfbt\xc4\x19\xec\xe3\x85\x1e\x1e\x9dN\xb1\x82i\
\xca\xf0H\xb8m\xf9^$\x10\x18\xe3P`\xd9\x08\x81\
\x92\x08\xc2\x07Y\xde\xb8QAV\x1cg4\x99i\xd9\
}f\xf1\xae\xc8\x22\x9b\xd3\xdc!\x19dd\xb0q#\
\xa7\xf8\xa1x\xc1F'}|\x1b\x02%\x11\x04\xaf\xf9\
u\xfc\x16\x1b-\xf5\xd7\x8aGG\xf6\xf1\x0akjF\
\xf0\x00\x82\xe9*L[Y[\xee\x8b\x84\x03SPb\
\xbc\xf9'S\xd3\x97\xd2\x08Be\xb7]1\x84)\xe9\
\xfcR\xd2\x91\x9d~M..!\x13\x1f\xe9\x803y\
\x91\xbe\xdbU\x15\xad\xef\xd4z\x99(P\x02].\x8d\
 \x14\x93\xf7\x1e\xd6\xbe\x8e\xc9\xb1\xb5\xcabe\xb4\xaf\
y\xa9)\xc5\x93\x99\xb5y\x95\xb2\xcdT\xfa\xa1VE\
)\x05\x93V~\x96H\x10\x0a\xc6\xeb\x98\x8b\xdeI`\
Qd\xee\x1an_\x83\x92\xb57\x02\xa5\x12\x84\x82?\
R\xff\xfe)\x9d\x09\x0b'@\x0e\x9a\x15\xb3cC\x85\
\x0c\x8a\xb5Q\xc6\x04\x86\xf2\xc9\xf9D@\xa0d\x820\
\xa1\x90\xd71\xf9\xde\x04\x0bK\xb3\xf4N\x97\x05\x14\x22\
\xc07g\x82uuW\xe9\x5c\x02\xef\xe4\x8f@\xc9\x04\
\x01]V\xe4\xe0\xae\x11\xfa\xf8\x17\x1bV#\xb0!\x02\
m\x08\xb2a\xe2LN\xf4]g*\x93b\xd8\x8d\x1c\
\x11\x98\x02Ar\xc4\xd5>M\x04\x01\x13d\x22\x15\xe9\
b\xa4A\xc0\x04I\x83\xab\xadN\x04\x01\x13d\x22\x15\
\xe9b\xa4A`d\x82\xa4)\x94\xad\x1a\x81X\x08\x98\
 \xb1\x90\xb4\x9dI\x22`\x82L\xb2Z]\xa8X\x08\
\x98 \xb1\x90\xb4\x9dI\x22`\x82L\xb2Z]\xa8X\
\x08L\x97 \xb1\x10\xb2\x9d\xaa\x110A\xaa\xae~\x17\
~\x15\x02\xa5\x13\x84\xe9\xe3mt\x15\x0eS:\xdf\x06\
\x0f\xe2L\xa9\xcc\xc9\xcaR:AX\xc9c\x952\x05\
=\x19\x80\x19\x1a^\x85\x07\xe7k\xc3$\xb8\x9aJ'\
Hp\xc1\x9d\xd0\x08\xb4A\xc0\x04i\x83\xd2vq\xbc\
[\x0f\x02&H=u\xed\x92\x06 `\x82\x04\x80\xe6\
$\xf5 `\x82\xd4S\xd7.i\x00\x02&H\x00h\
NR\x0f\x02&H^umo2C\xc0\x04\xc9\xac\
B\xecN^\x08\x98 y\xd5\x87\xbd\xc9\x0c\x01\x13$\
\xb3\x0a\xb1;y!`\x82\xe4U\x1f\xf6&3\x04L\
\x90\xcc*$\x9d;\xb6\x1c\x82\x80\x09\x12\x82\x9a\xd3T\
\x83\x80\x09RMU\xbb\xa0!\x08\x98 !\xa89M\
5\x08\x98 \xd5T\xb5\x0b\x1a\x82\x80\x09\x12\x82\x9a\xd3\
\xcc#0\xe1=\x13d\xc2\x95\xeb\xa2\xf5G\xc0\x04\xe9\
\x8f\xa1-L\x18\x01\x13d\xc2\x95\xeb\xa2\xf5G\xc0\x04\
\xe9\x8f\xa1-L\x18\x01\x13d\xc2\x95;\x85\xa2\x8d]\
\x06\x13d\xec\x1ap\xfeY#`\x82d]=vn\
l\x04L\x90\xb1k\xc0\xf9g\x8d\x80\x09\x92u\xf5\xd8\
\xb9\xb1\x110A\xc6\xae\x01\xe7?\x16\x02\xad\xf25A\
Z\xc1\xe4H\xb5\x22`\x82\xd4Z\xf3.w+\x04L\
\x90V09R\xad\x08\x98 \xb5\xd6\xbc\xcb\xdd\x0a\x01\
\x13\xa4\x15L\x8eT+\x02a\x04\xa9\x15-\x97\xbb:\
\x04L\x90\xea\xaa\xdc\x05\xee\x82\x80\x09\xd2\x05-\xc7\xad\
\x0e\x01\x13\xa4\xba*w\x81\xbb `\x82tA\xcbq\
\xabC ;\x82TW\x03.p\xd6\x08\x98 YW\
\x8f\x9d\x1b\x1b\x01\x13d\xec\x1ap\xfeY#`\x82d\
]=vnl\x04L\x90\xb1k\xc0\xf9g\x8d@M\
\x04\xc9\xba\x22\xec\x5c\x9e\x08\x98 y\xd6\x8b\xbd\xca\x04\
\x01\x13$\x93\x8a\xb0\x1by\x22`\x82\xe4Y/\xf6*\
\x13\x04L\x90L*\xc2n\xe4\x89\x80\x09\x12\xa5^l\
d\xaa\x08\x98 S\xadY\x97+\x0a\x02\xa5\x13\xe4H\
\xa1\xb0H\x8fXs\xfc\x0cm\x0f!\x8b\xfc\x98\x1d\xc3\
\x1ftL?\xc8\x7f\xe6Om\x98\x04\xe3^:A\xa8\
\xf4E\xca\x850;\xcev0@-\x13\xce\xf2\xda(\
\xc4\x07t\x88\x0bs\x99\x0f\xb3s\xf8\xd2\xb2h\xc1\xd1\
fym\x14\xe2\x03:\x04&\xc1\x85(\x9d \xc1\x05\
wB#\xd0\x06\x01\x13\xa4\x0dJc\xc6q\xde\xa3\x22\
`\x82\x8c\x0a\xbf3\xcf\x1d\x01\x13$\xf7\x1a\xb2\x7f\xa3\
\x22`\x82\x8c\x0a\xbf3\xcf\x1d\x01\x13$\xf7\x1a\xb2\x7f\
\xa3\x22`\x82\x8c\x0a\xff\xb8\x99;\xf7\xd5\x08\x98 \xab\
1r\x8c\x8a\x110A*\xae|\x17}5\x02&\xc8\
j\x8c\x1c\xa3b\x04L\x90\x8a+\xdfE_\x8d\x80\x09\
\xb2\x1a#\xc7\xe8\x8e\xc0dR\x98 \x93\xa9J\x17$\
\x05\x02&H\x0aTms2\x08\x8cE\x90\xdd\x85\xa0\
\xb5i\x8cA\x7f\x0cvm\x12\xfe\x8dA\x90\xc3U\x9e\
\xd3\xad\x8d1h\xa2`p\x96\xae\xa5\xf3\xa5\xc7K\xa3\
\xcb\x18\x04\x89^\x08\x1b\xac\x09\x81\x85e\xddIG7\
K/\x91F\x15\x13$*\x9c6\x96\x01\x02G\xc5\xf4\
!&A\xce\x89\xe9\x98m\x19\x81@\x04\x0e\x0cL\xb7\
0YL\x82\x5c\xa0\x1c~,\xb5\x18\x811\x11\xd8\xa4\
\xccw\x93F\x91\x98\x04\xc1\xa1\xd3\xf8g5\x02##\
pn\xac\xfcc\x13\xe4 9v\xa1\xd4b\x04\xc6B\
\xe0#\xca\xf8\xaf\xd2\xee\xb2 El\x82\x90\xc5\xde\xfc\
\xb3\x1a\x81\x11\x10\xd8\xa2<YJHA\x1cIA\x90\
\xaf\xca\xb5\x1d\xa4\xc7I-F`(\x04\xceSF\xfb\
I\xcf\x94F\x93\x14\x04\xc1\xb9\x8b\xf5\xef`\xe9\xce\xd2\
\xbd\xa4\x87Ha\xb6\xb5i\x8cA\x5c\x0c\x0e\xd3\xb5u\
\x80\xf4\x01\xd2\x93\xa5Q%\x15AfN\xc2\xeaS\xb4\
s\xact\xa3\x15\xf6|\xbci\x8cA8\x06G7M\
s\x82\xf4litIM\x90\xe8\x0e\xdb\xa0\x11\x18\x12\
\x81X\x04\x19\xd2g\xe7e\x04\x06C\xc0\x04\x19\x0cj\
gT\x22\x02&H\x89\xb5f\x9f\x07C\xc0\x04\x19\x0c\
jgT\x22\x02&H\x89\xb5f\x9f\x07C\xa0\x00\x82\
\x0c\x86\x8532\x02\xeb\x100A\xd6A\xe2\x03F`\
\x1b\x02&\xc86,\xbce\x04\xd6!`\x82\xac\x83\xc4\
\x07\x8c\xc06\x04L\x90mXx\xcb\x08\xacC\xa0n\
\x82\xac\x83\xc3\x07\x8c\xc0<\x02&\xc8<\x1e\xde3\x02\
s\x08\x98 spx\xc7\x08\xcc#`\x82\xcc\xe3\xe1\
=#0\x87\x80\x092\x07\x87w\x8c\xc0<\x02&\xc8\
<\x1e\xd1\xf6lh\x1a\x08\x5c\x0a\x00\x00\xff\xff0=\
\x1d\xa7\x00\x00\x00\x06IDAT\x03\x00\xccc\xff\xaf\
\x15%\x0c\xa2\x00\x00\x00\x00IEND\xaeB`\x82\
\
\x00\x00\x17t\
\x89\
PNG\x0d\x0a\x1a\x0a\x00\x00\x00\x0dIHDR\x00\
\x00\x00\xc8\x00\x00\x00\xc8\x08\x06\x00\x00\x00\xadX\xae\x9e\
\x00\x00\x10\x00IDATx\x01\xec\x9d\x0b\x98VU\
\xb9\xc7\x99\x1bs\xac8\xea\xe3\xf3x9u\xbc`\xa6\
V\xc0\xdc\x87\x01\xad\xd4<Y\x92@H\x12r<R\
\xc9\xd14\xc3\x0b\x1e\x91:\xa5\xc7c(G\xc8\xac4\
\x151|\x80\x14\x85R\x145Q\xb3\x06\x9c\xfb\x08\x05\
<&\xc7\x83\x94f\x99\x8a\x1c\x0d\xbe\xe1\x9b\xe9\xf7\xe2\
71\x0c\xdf7\xb3\xd7\xdak\x7f\xdf\xbe\xbc\xf3\xacw\
\xd6\xbe\xac\xf5\xae\xb5\xfe\xeb\xfd\xefw\xed\xb5\xbe\xbdw\
\xf1\x10\xfdS\x04\x14\x81\x9c\x08(ArB\xa3'\x14\
\x81!C\x94 j\x05\x8a\xc0\x00\x08(A\x06\x00G\
O)\x02J\x10\xb5\x01E`\x00\x04\x02$\xc8\x00\xa5\
\xea)E \x22\x08(A\x22\xd2QZ\xcd\xc2 \xa0\
\x04)\x0c\xeeZjD\x10P\x82D\xa4\xa3\xb4\x9a\x85\
A@\x09R\x18\xdc\xb5\xd4\x88 \x10M\x82D\x04\x5c\
\xadf\xf4\x11P\x82\x04\xd8\x87#G\x8e<\xb4\xba\xba\
zBUU\xd5\xf5\xc4\xb7!\xf7#k\x90Nd\x1b\
\xf2.\x92B\xdeB^A\xb6 \x1b\x90&\xe4i\xe4\
:\xe4_\xea\xea\xea\x0e\x09\xb0\x9a\xaaz\x00\x04\x94 \
\x03\x80cz\x0ac>\x012L#\xbe\x05\xe9(+\
+{\x0d\x1d+\x8b\x8a\x8a\xe6\x10_\x88LFNE\
F!\x1fB\x0e@\xca\x90\x03\x91#\x90\xe1\xc8\xc7\x91\
:\xe4S\xc8\xb7\x90\xc7\xd3\xe9\xf4\xeb\xe8kB\xf7\xad\
\xc8\xf9l\x1f\xcbq\x0dy@@\x09\xe2\x13\xe4\xb1c\
\xc7\x0e\xc3h/\xc0h\xd7\xa0j\x13d\xb8\x97\xf8R\
\xa4\x02q\x19\xea\xd0}\x09\xb2\x08\xa5\x9bkjj\x1e\
\xa4\xcc\x7f\x1b1b\xc4\xc1\xeck\x08\x08\x01%\x88%\
\xb0\xb5\xb5\xb5\x15\x18\xe8\xdc\x9d;wn\xc0h\xef@\
\x8dx\x06\xa2\xbc\x84\xd2\x9e\x9e\x9e/P\xd2=C\x87\
\x0e\xddL=\xee\x820g\xb1\xaf\xc11\x02J\x90~\
\x80\x0e\xb6\x8b1\x9e\x84,\xef\xee\xee\xee \xed\x7f \
G!\x85\x0c\x87R\xf8W \xcc\xcf\xf1d\x8d\xc8D\
\xf658B@\x09b\x00$\xc4\xb8\x9c\xe4O\x22g\
#\xa1\x0bx\xb21\xc8\x0a\xea\xf9\x13dD\xe8*\x18\
\xc1\x0a)A<t\x1a\xc3\xa9\xe1\x0ca~J\xd2\x9b\
\x91r$\xec\xe1<*\xd8\x08I\xbe\xd5\xd0\xd0 \x13\
\x01\xecj\xb0A@\x092\x08j\x0cY\xcea8\xf5\
\x0b\x860\xe7\x0c\x924l\xa7\x87Q\xa1\xebR\xa9\x94\
\x0c\xbb\xc6\xb1\xad\xc1\x02\x01%\xc8\x00\xa0\xe15nb\
\xc8\x22\x9eC\xa6_\x07H\x19\xeaS\x95\xb4\xe1a\xbc\
\xc9\x0d\xd4R\xfb\x1b\x10L\x82\x02\x96\x05-\xbc\xc6\x87\
!\xc7Cx\x8dYYN\xdb\x1e*t\xbe\xd9\x90D\
\x16)O*tE\xa2T\xbe\x12\xa4_oA\x8eq\
\x5cqWC\x8e\xcf\xf7;\x15\x87]Y|\x5cC\x1b\
\xe3D\xfc@\xfbE\x09\xd2\x07^1\x1c\xc8\xf10\x87\
>\x8c\xc45\x0c\xa5\x8d7\xe1MV2\xf9\xf0\xb1\xb8\
6\xd2U\xbb\x94  \x89\xb1\x1c\xc8\x90\xean1\x1c\
v\x93\x12&0\xf9 \xde\xe4\x82\xa44\xd8\xa6\x9d\x89\
'\x08^c4\xc0=\xc6\x90j:q\xd2\xc2a\x5c\
\x14\xee\x90\x8b\xc3\xa8Q\xa3>\x98\xb4\xc6{io\xa2\
\x09\x029\xa6c \x8f\x01\x94\x90\x84(\x90\xb0\x0b\xad\
\xcf s)k<R\x0f\x19?Z\x5c\x5c|d:\
\x9d>x\xf8\xf0\xe1\xa5\x9c{\x7fii\xe9\xe1\xec\x7f\
\x84\xedj\xd2\x9cB\x9a\xab\xd8~\x00y\x19\x19$\xf8\
;MY\xd3)\x7f\x0dD\x09\xe5\x02\xa8\xbf\xd6\xf9\xcb\
\x9dX\x82`\x0c2\x85{7\xf0\xc9/i\x89\x9c\x86\
\xd7\xd1v'\x86~&\x86wh[[\xdb)\xc8\xec\
\xd6\xd6\xd6\x87\x90\xe6\xf6\xf6\xf6M---\xdb:;\
;\xdfZ\xbe|y\x9as\xef655\xbd\xc6\xfe\xef\
\xd8n'\xcd3\xa4\x99\xc7\xf6d\xe4(\xf4\xc8\xaa\xf8\
\x15\xe8\xfc5\x12T8\x1e\xa2,\xaf\xaa\xaa\x9a\xcf\x90\
\xf3}A\x15\x125\xbd\x89#\x08\x06\x10\xe4\x14\xee\xa3\
\x18\xd9\x0c\x8c\xe0D\x0c{\x06\x86\xfe(\x86\xff6\xfb\
\xbe\x02z~\x83\xbe\xf9\xc8\xc9(\x12\x99O\xbc\x1dq\
\x1e \xe3e(]\xc3\x0d\xfc\xa7\x89\x13\x1f\x12E\x10\
\xc8\x11\xd4\x14\xee\x1f!\xc6%\x18\xf0\x99\x5c\xf9\xef$\
\x16\x0f\x12\x88q\xa1\xfb\xd7\xc8\x15\x94w\x1a\xb2:\x90\
B\x86\x0c\x19\xcd\x0d\xfc/\xf0$\xf2<J@ED\
Cmb\x08\x029fqut>\x85\x8b\x91\xde[\
RR\xf2I\x88\xf1\xc3|v9\xe5\xb5!\x9f\xa3\xcc\
 \x8d\xf8:\x86\xa2\xab\xc1\xae\x9ar\x12\x19bO\x10\
\xae\x82AM\xe1vA\x8eK0\xd2\xf3\x9a\x9b\x9b_\
(\x94\xf5\xe0M\xae\xa7ly\x16\xa5\x91\xd8y\xe8\xe9\
\xe99\x83\x0b\xcbS\xe0\xf8u\xe7\xca#\xa00\xd6\x04\
\xe1\xca'\xb3SAL\xe1\xae\x87\x1cg@\x8e\xbcz\
\x8d\x5c\xf6\x04I\x9e\xde\xbe}\xfbi\x18\xf2\xbc\x5ci\
|\x1e\xffG\xf2\x7f\x1f<\x97A\x94D=\xee\x1b[\
\x82\xd0\x99\x81L\xe1b\x84\xf7a,B\x8e\xa7\x88C\
\x13^|\xf1\xc5]\xdc\xcc_E\xfd&P\xa9\x0d\x88\
\xf3\x80\xee)(\x95\xe9\xe0\x7f%ND\x88%A\x18\
7\x072\x85\x8b\xd7\xb8\x16#\x9c\xc2\x15\xfb\xd5\xb0Z\
\x07\xf5\xfb97\xd8r\x03\xff\xe3\x80\xeax\x148,\
\xc6\x93\xfc(\x09o[\x89\x15A\xf0\x1aAM\xe1\xbe\
\x82QLaH\xf5\x9d\x80\x8c\xce\xa9\xda\x8e\x8e\x8e?\
S\xd7\x0b\xb9\xe2\xcb\x83S[\x9d*\xdf\xab\xec\x22\x16\
6\xe5\xa7*\xb1~\xd6$6\x04\x81\x1cAM\xe1>\
\x059>\x8b\xc1\xc9\xd0j\xafyD`\x0bor/\
+\xf6r\x03\xbf4\xa0\xea\x8e\x82\x84\xd6\xcf\x9a\x04T\
'\xa7jcA\x10\xc8\x11\xc8\x14.\x9d/7\xe1r\
\xbf\xb1\xde)\xeayT\xc6\x8a\xfd\xff2$<\x17\x92\
_B\xb1o\x22A\x84\xd8>k\x12i\x820\x0e\x0e\
t\x0a\x97+\xb0,\xfeu\x05aQ\xf9\xd6\x89\x07\xfc\
a\xc6\x9b\xac\x0a\xa8\xecX>k\x12Y\x82\xe05\x12\
1\x85\xeb\xd2\x98\xf1&\x9dx\x13y\x10l6zw\
#\xaeC\xec\x9e5\x89$A G\xa2\xa6p][\
1$\x99+3]\x0c!\x9fu\xad;\xa3o\x02\xfa\
\xe5\x06>\xf2\xcf\x9aD\x8e I\x9e\xc2\xcd\x18\x9f\x93\
\x88\x99\xaeg\x8f9\xe6\x18\xb9\x81\xff\xae\x13\x85\xfb+\
)\xe4\xb3&\xfb\xd7\xc6\xf2Hd\x08\x82\xd7\xd0)\x5c\
\xcbN\xce\x95-\xf3S\xfbk\xb8\x81\x97a\x97\xbc)\
2WR\xeb\xe3\xe8\x8e\xf4\xb3&\x91 \x08\xe4\xd0)\
\x5ck\x13\x1d<#7\xf0\xabR\xa9\x94\xfcTEf\
\xed\x06\xcf`\x9e\x22\xb2\xcf\x9a\x84\x9e \x90C\xa7p\
\xcd\x0d\xd28\xc7\x86\x0d\x1b\xde\x94Y;\xeeK\xa6\x92\
y\x0b\xe2<\xa0;r\xcf\x9a\x84\x96 :\x85\xeb\xdc\
>=)\x84$\xcb\xb8\xc1\x96\x9f\xaa\xc8g\x1c<\xe5\
1L\x14\xa9gMBI\x10\xbc\x86N\xe1\x1aZ\x9d\
\xcb\xe4\xdc\xc0oe\xd8u\x1eW|\xf9\xe8\xcf\x9f]\
\xea\xee\xa3+\x12\xcf\x9a\xecO\x90>-(\xc4&\xe4\
\xd0)\xdcB\x00\x9f\xa5L\xbc\xc9\x8f!\x89\xcct\xfd\
,\xcbi\xdf\x87\xb8\x81\x0f\xfd\xb3&\xa1\x22\x88N\xe1\
\xfa\xb69\xe7\x0a \x89<\x0f?\x11c\x96\xb7\xac\xc8\
\x1bZ\x5c\x97\x11\xeagMBA\x10\xbc\x86N\xe1\xba\
6;\xc7\xfa\x18r\xcd\xcb\xfcT%\x90\xe7`\xf0T\
\xa1|\xd6\xa4\xe0\x04\x81\x1c:\x85\xeb\xd8\x98\x83R\xd7\
\xd2\xd2\xb2\x96U\xf8\xd3\xd0\xff_H\x10!t\xcf\x9a\
\x14\x94 \x90C\xa7p\x830\xb3\x80uB\x92\xffd\
\xc8\xf5Y\xae\xfa\xad\x01\x15\x15\x9agM\xf2J\x90^\
0u\x0a\xb7\x17\x89\xe8\xc6\x0c\xb9\x1e+//\x97\x1b\
\xf8[\x02jE(\x9e5\xc9;A\xf0\x1a:\x85\x1b\
\x90E\xe5[mcc\xe3\x0e\xbc\xc9L\xbc\x89|}\
+\xa87\xbb\x14\xf4Y\x93\xbc\x12\x04r\xe8\x14n\xbe\
\xad8\x0f\xe5\xe1M\xee\xdf\xbd{\xf7\xa9\x0c\xb9\x16\x05\
T\x5c\xc1\x9e5\xc9\x1bA\x18V\xdd\x0c\x80\xce\xdf\x85\
\xcb\xd5+\xf4/R\x08\xc8hB\xa5\xf6\xf9\xe7\x9f\xff\
\x03S\xc2_\xa6\x8f\xbfJ\xc5\x82x\xa9E\xef\xb3&\
+jkk\xff\x992\xf2\x12\x02'\x08\xc4x\x1f\xf2\
+Z#\x9fP&r\x16\x22\xf5\x22\x05g\xad\x0e\xb9\
\x22H\xb2\x90\x8b\x96\xfcT\xe5\xc1\x80\xaa:\xb1\xbb\xbb\
{\x1dkf\xa7\x07\xa4\x7f\x1f\xb5\x81\x12\x84FTR\
\xda\x1b\x88\xeb\xef\xe2\xf5\x7f\x91\x02Eh\x08\x0b\x02\x0c\
\xb96!g\xe3M\xe4\xa2\xf8N\x00\xf5\xfa $|\
\x02\xfb\x92\xe7\xec\x03P\xbfWe`\x04\xc1\x0d\x0e\xa7\
\x11\xed\x14U\x8e8\x0b\x80.?\xc9>\x83\x0e\x88\xec\
\x8b\x14\x9c\x81\x11rEx\x93\x05\xf4\x97\xcct=\x11\
DU\xb1\xaf[!\x89\xac\xf0\x07\xa1~\x8f\xce@\x08\
2r\xe4\xc8Cq\x83\x9b\xf7\x94\xe0\xee\xdf\x9ew\xe1\
\x02zl^\xa4\xe0\x0e\x9a\xf0j\xa2\xbf\x9a\x99\xe9\xfa\
\x0c\xc6\x1c\xc8;\xc5\xd0{#Cx\xf9Qe  \
8'HCC\xc3\x01eee\xcb\xa8m\x19\xe2*\
\x84\xea]\xb8\xae\x1a\x95$=x\xfck\x8b\x8b\x8b\xe5\
\xbe\xe1\xb9\x00\xda}\x1b$\xb92\x00\xbdC\x9c\x13$\
\x95J-\xa6\xa2\xe2V\x89\xfc\x07\x5c\xb4\xbc\xb0M\x86\
T\x81\xfc\x06\xc8\x7f\x0dU\x83W\x04ZZZ\x9e$\
\xad\xfcTE>\x00\xc4\xa6\xd30\x8fe\x04\xe7^\xca\
)A\xa8\xe0L\x9a\xec\xec;w\xb8\xcf\x10L\xe1\xd2\
\x22\x0d\xce\x10`\xb8\xf5.\x22\x1f\x00\x9a\x84\xd2\x8d\x88\
\xb3\xc0\xc5\xf4\xdb\xd8\xe0Dg\x0aQ\xe4\x8c \xdc\x94\
WH\x05\xd1\xe9\x22\xe8\x14\xae\x0b\x14C\xac\x83!\xd7\
\x8a\xd2\xd2R\x19i\xdc\xe9\xb2\x9a\xd8\xe0<\x86[\xce\
>\xd1\xe0\x8c \xdc\x94\x7f\x9b\x86\x1e\x84\xf8\x0d:\x85\
\xeb\x17\xc1\x88\xe4ojjz\x0do2\x83\x91\xc2t\
\xaa\xfc{\xc4E\x10r8\xfbN\x8a\x13\x82\xe0\xd6.\
\xa6e\xf2]\x0a\x22\xfb\x00\xfbu\x0a\xd7\x1e\xbe\xc8\xe6\
\xc4\x9b\xdc\x93N\xa7\xe5\xa7*r\xbf\xe9\xa2\x1d\x13\xb1\
I'\xf7#\xbe\x09RYY\xf9O\x18\xb6\x8b\x19\x84\
\xab\x99\x12\xd4)\x5c\x17\xe6\x11A\x1d\xf2\x09l\xfa_\
\x1e\x9a\xba\x94\xea\xfb~-*6y)k$\xc7\xa3\
\xcbW\xf0M\x10*\x22\xe48\xdaO-p\xb13p\
\xb57\xfa\xd1\x11\xc9\xbcZ\xe9\xfd\x10\xc0\x0en\xc5\x1e\
\xe4F\xfb\xf5\xfdN\x9a\x1d8\x18=\xdf0\xcb\xb2\x7f\
j_\x04\xc1\x8d\x9d\x0cA\xe4]G\xfbk\xf6vd\
\x07\x8d\x98\x84\x8buz\xa3\xe6\xadhM\x15V\x04\xb0\
\x87U\xd8\x95\x0c\xd9_\xf4Y\xc7\x8b\xc4F\xfd\xe8\xf0\
E\x10\x0a\x16\xefAd\x15\xb6B\x8e3\x01c\x85U\
n\xcd\x14k\x04\x18n5b\x1fgA\x14\xbfO-\
\xfa\xf2\x22\xd6\x04a*\xad\x8a\xca\x9fe\xd9K\x7fa\
\xd6k<\xe4\x90_\xf9Z\xaa\xd0lqG\x00\xfb\xd8\
TRR2\x0e\xa2\xc8\x02\xa3Us\xb1\xd1Ix\x11\
\xeb\xcf\xc4Y\x13D\x0a\xb6\xaa\xf1{\x99\xbe\xd9\xd1\xd1\
\xf1\xfc{\x9b\xfa_\x11\xc8\x8d\x80L\x05ck\x9f#\
\xc5J\xc4*\x14\x17\x17\xcf\xb0\xcaH&+\x82L\x9e\
<\xb9\x04V\xcbJ(*\x8c\xc3bn\xc4n7\xce\
\xa5\x19\x8c\x10\x88Sb\xecE\xbe\xf2u\x0dm\xfa\x03\
b\x1c\xb0\xd5\xcf\xdbz\x11+\x82l\xd9\xb2E\xc8a\
3\x85\xf6\x02\xab\xa7s\x8c[\xa8\x19\x12\x8f\x00$\xd9\
\x8c'\x11\x92Xaa\xebE\xac\x08BEe\x86\xc1\
\xa6\xa2\xdf\xc4e\xbaZ1\xb5)_\xf3D\x18\x01n\
\xdc\x17c{\xb2\x98l\xdc\x0a\xf1\x22\xac\x8b\xc8P\xcd\
(\xaf1A\xc6\x8e\x1d;\x8c\x12lnz\x96p\x15\
XN^\x0d\x8a\x805\x02\xe5\xe5\xe5\xf2}\xc5fK\
\x05\xe3M\xf3\x19\x13d\xd7\xae]\xb2\x88#$1*\
\x0b\x06\xaf6\xca\xa0\x89\x15\x81,\x08\xc8\xab\x86\x98\x01\
\xb5\x1aja\x83\xe3G\x8c\x18qp\x16\xb59\x0f\x19\
\x13\x84Bl\x86Wo\xec\xdc\xb9S\xbdG\xcen\x88\
\xd4\x89\x82W\x96\x19\xd05T\xc2\xe61\xde\xc3\xca\xca\
\xca\x8c\xbc\x881A\xa8\x98x\x10\x22\xa3\xb0z\xe3\xc6\
\x8d)\xa3\x1c\x9aX\x11\x18\x18\x81\xc7\x07>\x9d\xfd,\
\xf70F\x17x#\x82TWW\x9f\x90\xbd\xd8A\x8f\
\xca#\xb8\x83&\xd2\x04\x8a\x80W\x04X@\xb4]\x17\
\x19_YYy\x94\xd7r\x8c\x08\xc2\xf0\xeaD\xaf\x8a\
\xfb\xa4{\x83\x9b\xf3G\xfa\xec\xeb\xa6\x22\xe0\x1b\x81\xe6\
\xe6\xe6\x97\xf0\x06\xcf\xda(\x82\x5c\x9f\xf0\x9a\xcf\x88 \
T\xc8\xd8\x83@\xaa&\xaf\x95\xd1t\x8a\x80\x09\x02\xd8\
\x96\xd5\xef\xf8\xc8\x17\x0cA\xa8\xbc1AX\xa0\xf9\x0b\
\xf94(\x02\x1e\x100K\xd2\xd5\xd5e;t\xff\xa4\
\xd7\x92L=\xc8q^\x15\xf7\xa6\x83\xadJ\x90^0\
4v\x8a\xc0\xfa\xf5\xeb\xff\x84B\x11\x22\xa3p\x5cE\
E\xc5\xd1^r\x18\x11\x04c\xb7yi\xb0\x12\xc4K\
Oh\x1a[\x04\xb6\xd9d,--\x1d\xe9%\x9f\x11\
AP\xf8!\xc44(AL\x11\xd3\xf4&\x08\xbcl\
\x92\xb87-\x17{O\xb6\xec\x99 \xf5\xf5\xf5\x9e\x14\
\xf6V\xa07\xa6\x22J\x90^04\x0e\x02\x01+\x0f\
BE<\x8d\x86<\x13$\x95JyRH\xc1\xfb\x04\
\xa6\xd4\x94 \xfb \xa2;\x8e\x11\xf0\xe6A\xfa\x15\xca\
\x8c\xac\xa7\x0b\xbeg\x82`\xe8Voi\xc7\x83\xf8~\
CE\xbf\xb6\xe9\xae\x22\xf0w\x04\xb0/+\x0fB>\
\xb7\x04\xf9{\x8dtC\x11\x08\x11\x02,#\xd8\xccb\
yn\x81g\x0f\xe2Y\xa3&T\x04b\x84\x80\x12$\
F\x9d\xa9Mq\x8f\x80\x12\xc4=\xa6\xaa1F\x08x\
!H\x8c\x9a\xabMQ\x04\xcc\x10P\x82\x98\xe1\xa5\xa9\
\x13\x86\x80\x12$a\x1d\xae\xcd5C@\x09b\x86\x97\
\xa6N\x18\x02J\x90\x84u\xb86\xd7\x0c\x81\x02\x13\xc4\
\xac\xb2\x9aZ\x11\xc87\x02J\x90|#\xae\xe5E\x0a\
\x01%H\xa4\xbaK+\x9bo\x04\x94 \xf9F\x5c\xcb\
\x8b\x14\x02J\x90Hu\x97V6\xdf\x08\xc4\x97 \xf9\
FR\xcb\x8b%\x02J\x90Xv\xab6\xca\x15\x02J\
\x10WH\xaa\x9eX\x22\xa0\x04\x89e\xb7j\xa3\x5c!\
\xa0\x04q\x85\xa4\xea\x89%\x02J\x10\x8bn\xd5,\xc9\
A@\x09\x92\x9c\xbe\xd6\x96Z \xa0\x04\xb1\x00M\xb3\
$\x07\x01%Hr\xfaZ[j\x81\x80\x12\xc4\x024\
\xcd\x92\x1c\x04\x94 \xe1\xeak\xadM\xc8\x10P\x82\x84\
\xacC\xb4:\xe1B@\x09\x12\xa2\xfe\xa8\xad\xad\x1dS\
SS\xb3\xa0\xba\xba\xba\x15Y\xca\xf6\x97BT\xbdD\
VE\x09\x12\x82n\xaf\xab\xab\xfb\x08\x84X\xd1\xdd\xdd\
\xdd\xd8\xd3\xd33\x93*U#_b{)\xc7{\x90\
\xc9\xeck(\x00\x02J\x90\x02\x80\xde\xb7H\xbcFE\
:\x9dn\xe7\xd8@\x9f\xd7\xbe\x1f\x92\x5cI\x1a\x0dy\
F@\x09\x92g\xc0\xfb\x17\x87\xd7\x98\xcf\xb1\xf7#\x83\
\x85y\x90\xe9c\x83%\xca}^\xcf\xd8 \xa0\x04\xb1\
A\xcdQ\x9e\xaa\xaa*\xf1\x1a\xa7xU\xc7\x90\xeb\x0a\
\xafi5\x9d\x1b\x04\x94 np\xb4\xd2RTT4\
\xd5$#\x04\x99\xde\xd0\xd0p\x80I\x1eM\xeb\x0f\x01\
%\x88?\xfc\xfc\xe6\xfe\xb4\xa9\x82T*u\xb2i\x1e\
Mo\x8f\x80\x12\xc4\x1e;\x179\x0f\xb2Pr\xa0E\
\x1e\xcdb\x89\x80\x12\xc4\x128\xcd\xd6\x07\x81\x18o*\
Ab\xdc\xb9\xda4\xff\x08(A\xfcc\xa8\x1ab\x8c\
\x80\x12$\xc6\x9d\xabM\xf3\x8f\x80\x12\xc4?\x86\xaa!\
\xc6\x08(Ab\xdc\xb9qhZ\xa1\xdb\xa0\x04)t\
\x0fh\xf9\xa1F@\x09\x12\xea\xee\xd1\xca\x15\x1a\x01%\
H\xa1{@\xcb\x0f5\x02J\x90Pw\x8fV\xae\xd0\
\x08(A\x0a\xdd\x03Z~\xa1\x10\xf0T\xae\x12\xc4\x13\
L\x9a(\xa9\x08(A\x92\xda\xf3\xdanO\x08(A\
<\xc1\xa4\x89\x92\x8a\x80\x12$\xa9=\xaf\xed\xf6\x84\x80\
\x12\xc4\x13L\x9a(\xa9\x08\xd8\x11$\xa9hi\xbb\x13\
\x87\x80\x12$q]\xae\x0d6A@\x09b\x82\x96\xa6\
M\x1c\x02J\x90\xc4u\xb96\xd8\x04\x01%\x88\x09Z\
\x9a6q\x08\x84\x8e \x89\xeb\x01mp\xa8\x11P\x82\
\x84\xba{\xb4r\x85F@\x09R\xe8\x1e\xd0\xf2C\x8d\
\x80\x12$\xd4\xdd\xa3\x95+4\x02J\x90B\xf7\x80\x96\
\x1fj\x04<\x13\xa4\xbb\xbb{\xa7MKzzz\x86\
\xda\xe4\x0b \x8f\xaa\x8c!\x02>\xec\xab\xcb\x0b\x1c\x9e\
\x09RTT\xb4\xd5\x8b\xc2\xfei\x8a\x8a\x8a\x0e\xeb\x7f\
L\xf7\x15\x01W\x08\xd8\xda\x17\xf9^\xf3R\x07\xcf\x04\
ikk{\x15\x85)\xc4(\xc0p%\x88\x11b\x9a\
\xd8\x04\x01[\xfb\x22\xdf\x9f\xbc\x94\xe3\x99 \x19e6\
^D\x09\x92\x01O\xa3@\x10\xb0\xb2/\xe7\x1eD\x9a\
\x06\xeb\x8c\x09B\x1e\xab\x06\xeb\x1aW\x0d\x00\x00\x07\x1d\
IDATHy*\x8a\xc0`\x08\xd8\xda\x17\xf7\xd4\
\xee=\x08\xac3&\x08y\x12@\x90\xc1\xbaQ\xcf\x07\
\x85\x80\xad}\x15\x17\x17\xbb\xbd\x07\xc94\xf0\xe5Ll\
\x12\x8d1I\x9c\xb0\xb4oY\xb4w\xbbE\x9e8g\
\xb1\xb2\xaf@<\x08(\x1b{\x10\xf2|\xa0\xaa\xaaJ\
?\x1b\x06\x10Y\xc2\x93Y\x8e\x0dxh\xe8\xd0\xa1\xbf\
\x1a0A\x82Nf\xec\xea\x036M.++s\xef\
Apg6\x04\x91\xfa\x9f&\xffT\xf6E\x80\xf1\xf3\
\xd2}\x8f\x0c\xbc\x07\xfe\x8b\xd6\xad[\xf7\xd7\x81S%\
\xea\xac\xb5]\xed\xd8\xb1\xc3\xfd=Hkk\xeb3\xc0\
\xbf\x031\x0d\xa7\x9bfHB\xfa\xf6\xf6\xf6\x95\xb4\xf3\
)\xc4S\x80 7{J\x98\x9cDVv\x05\x8e\xcf\
n\xdc\xb8\xd1\xd3\x92\x85\xe94\xaf@\xbfJ\xfe\x99\x08\
\x15\x1aSSSs\xbcI\x9e\xa4\xa4\xe5fQ\xbe}\
\xfeN\xce\xf6\xee=1\xab\xa5\xa5\xe5\xb7{w\x93\xbd\
%\xf6$ve\x83\x02\x9e{\x85\xd7|\xc6\x04A\xf9\
#^\x95\xf7MG\xbes\xfb\xee\xeb\xf6{\x08`\xf4\
\x9d%%%U\xec\x897!\xca\x1a\xbe\xc8B\xed\xff\
d=\x93\xd0\x83\xd8\xd3\xf9\xb6MO\xa7\xd3\x8fz\xcd\
kL\x10nn~\xe9Uy\xbft_\xab\xae\xae>\
\xb6\xdf1\xdd\x05\x81\xe6\xe6\xe6\x17 \xc0\x17\x8a\x8b\x8b\
\xc7rU\xfc\x1e\x87\xda\x90elO\xe5x\x11\xb2\x9c\
}\x0d\x19\x04*++k\xd8\x14\xcfKd\x16 V\
Kgg\xe7\xef\xbc\xe62&HSS\xd3\xefQ.\
\xf7\x22DF\xe1\x10R\x7f\x0d\xd1\x90\x03\x01\xbc\xc9Z\
\xee\xf3.\x83\x105\xc8T\xb6\x97\xe5H\x9a\xe8\xc3\x5c\
8\x84\x1ce6 \x90\xf7!\x93|\xc6\x04\xc9(\x7f\
:\x13\x9bF\xe2EF\x98f\xd2\xf4\x8a@/\x02\xdc\
{L\xc2\xc8\xa7\xf4\xee\x9b\xc6\xac\x7f\xac1\xc9cE\
\x10\x86\x02\xb6\xc3\xac\x7f\xa0r\xeaE\x00!\x0c!\xa2\
u\x10\xefa[\xf5\xdfttt\xac3\xc9lE\x10\
\x86\x02\xbf\x84\xc5\xad&\x05\xf5I{!W\x81\xcb\xfa\
\xec\xeb\xa6\x22\xe0\x09\x01\x16\x06\x17r\x0f\xd1\xe0)q\
\xf6DF\xdeCTX\x11D2\x22\xb7!V\x81F\
\xce\x87$\xd6n\xd2\xaaP\xcd\x14i\x04 \xc7\x8d\x5c\
\x94\xbf\xec\xa3\x11o3\xbc\xba\xc34\xbf5A\xb8\x81\
\xbc\x9b\xc2\x1a\x11\xab\x00I\x16\xd7\xd6\xd6\x1en\x95Y\
3%\x0a\x01\xc8q>\xe4\xb8\xcaO\xa3\xb1\xb7\x05\x0c\
\xaf6\x9a\xea\xb0&\x88\x14D\xa1\xd6^\x84\xfce0\
\xba\x9dX\x83\x22\x90\x13\x81\x8a\x8a\x8a\xa3!\xc7\xa2\x9c\
\x09\xbc\x9d\xf8-\xcb\x13\xf3\xbd%\xdd7\x95/\x82\xb4\
\xb7\xb7/A\x9d\xe7\x9fJ\x90\xb6\x7f8\x82\xb5\x11\xfd\
\xf1]\x7fT\xa2\xbf\xef\xa4\x05\x90\xe3 \x16Q_\xf2\
\xab\x0c\x82-`y\xe2m\x1b=\xbe\x08\x22\x05R\xb8\
\x1f/\x22*N\x82$[\x91#dGE\x11\x10\x04\
\x18~W@\x8e7e\xdb\xa7<\xce\xed\xc0B[\x1d\
\xbe\x09B\xe1\x0f0\xd4Zm[\x81L\xbe#\x89_\
a\xacy*\xb1\x86\x84#\xc0\xc5r\x02\xc3\xef\x0e\x17\
0`\x9b\x0b\xfc\xe8\xf1M\x90L\xe1~\xbd\xc8\x1e5\
x\xa35\x90\xe4\xe2=;\xfa/\x91\x08\xd0\xff3i\
\xf8@\xbfK\xe3\xb4\xe7\xb0\x90\xdb\x80\xc7=\xa7\xce\x92\
\xd0\x09A\xa8\xc4\xc30\xd5\xc9\xda\x06$\xf9\x01 =\
PYY\xf9\x89,\xf5\xd5C1E\x00\xafQ\x8f\xdc\
G\xff\xfb\xba\xe2\xf7\x81\xa7\xb3\xab\xab\xeb\x9a>\xfbV\
\x9bN\x08\x22%C\x92\xefA\x12'\x8d\x03\xa4I\xb2\
Z\x0fQn\x87(\x1f\x15\xfd*\xf1D\xa0\xbe\xbe\xfe\
0\xd6\xc4n\xa2u\xb2d\xf0E\xe2A\x82\xa7\xd3\xbb\
\x19\xa2]\xb9~\xfdzO\x0fE\x0d\xa4\xd1\x19A\xa4\
\x10Hr9$yP\xb6]\x08D\xf9w\x88\xf2\x1c\
D\xb9\x9e\xab\xcb\x09.t\xaa\x8ep  \xc4\xa0_\
/\xde\xbd{\xf7Zlf\x16\xb5*A\x5c\x85+Y\
\xf30^5\xcfV\xb8S\x82H\x01\x90\xe4l\x1a\xdc\
\x22\xdb\x8ed\x18D\x99\x83\xaeM\x90d\x1d\xf2]\xbc\
\x8a\x9f\x9f\x1b\xa0JC!\x10\xa8\xa8\xa88\x0eR\xcc\
\xc2c\xac\x86\x18\xffG\xbf\xfe\x80z\x0cG\x5c\x86\xbb\
\xda\xda\xdanq\xa5\xd09A\xa4b\x90\xa4\x8e\xd8\xd3\
C\xf1\xa43\x09\xa3I|5^e-Dy\x15Y\
\x85\xdc\x05\xe0\xffM|)\xe0\x9f\xc3\xf6\xa7Tj\x0a\
\x89\xc1\xe9\xf4\xc5T\xfab&\xfd \xfdr\x07\xfb+\
\x91\x0dL\xdb\xbe\x00)n\xe2\x02z\x06\xfd(?\x5c\
%r\x1a\x9a \xc7\x05.5\x06B\x10\xa9 \x15\x95\
\x9f\x91\xfc\xbfl\x07$\xa2\xffLt\x7f\x05\xc0\xe5f\
\xec\x16\xc0\xff)\xdbO\xab\xf4\x14\x12\x83'\xe8\x93%\
\xf4\xc5\x82\x9e\x9e\x1e\xe9\x171\xd8\x09\x1c\xfb8\x12d\
x\x07\x9b\x93\x0b\xa8\xd32\x02#\x88\xd4\x92\x0a\x0f\x03\
\xa4\xb5\xb2\xad\xa2\x08\x04\x85\x00dl\xc5\xd6\xac^\xff\
\xb3O\x9d\xb2\xec\x04J\x10)\x8f\xe1\xd6X\xe2\xdb\x11\
\x0d\x8a\x80s\x04 \xc7\x0d,V\xd7:W\x9cQ\x18\
8A\xa4\x1c\xd8}\x11\xf1lD\x83\x22\xe0\x0c\x01F\
'\xe7@\x0e\x99\xc0q\xa6\xb3\xbf\xa2\xbc\x10D\x0a\x85\
$s\x89u\x95\x1c\x104\xf8F`\x13\xeb\x1cc\x18\
\x9d\xdc\xef[\xd3 \x0a\xf2F\x10\xa9\x07$\xf9\x11\xac\
\x9f\xc6\xb6\xef\x05\x1cthH&\x02\x8f0\x8b\xf9\x19\
\xd69\x8c\x1e\x9d\xb5\x85*\xaf\x04\x91J\xc2\xfa%L\
\xf7\x8df\xec(\xaf\xb7\xe9\x96c*\x8a\x80\x07\x046\
c3_\xe7\x22;\xae\xa5\xa5e\x9b\x87\xf4N\x92\xb8\
\x22\x88Qe\x9a\x9b\x9b_b\xecx\x19W\x02\x99\x96\
\x93gJ\x8c\xf2k\xe2D!\xf0*\xa3\x8e9\xa5\xa5\
\xa5\xf5\xd8\x8c,,\xe6\xb5\xf1\x05!Ho\x0b\xb9\x12\
\xb4pE\x98\xc6\x95A\xd63|\xfd\xea\xb2W\xa7\xc6\
\xb1A@^\xc7z#\x17\xd1zF\x1d7\xd8>\xf0\
\xe4\x17\x8d\x82\x12\xa4\xb7\xf2\x5c\x19\x1e\x85(\xb2\xba*\
\xaf\x93l\xea=\xaeq\x22\x11x\x83V\xdf.\xc4\xc0\
&\xae\xe6\x22\x9a\xb7\xe1\x14\xe5\xee\x17BA\x90\xdeZ\
\x01\xc8O\x10\x19v\x8d\xc6\xad^\xcbq%\x0b $\
 \x08)\x96\xd0\xe7\xd3\xd2\xe9\xf4\xb1\xd8\xc0E\x10#\
\x14/\xea\x0e\x15Az\x0d\x01\x80\x9ap\xab\xdf!\x16\
\xb2\x9c\xc8qYCy\x8eXC|\x10\x10R\xdcC\
s&\xd2\xcf\x87 \xd3\xe8\xf3%\x9d\x9d\x9d6_\xdd\
BM0!\x94\x04\xe9\xdb\xd4\xb6\xb6\xb6\xcd\x807\x17\
i\xc0\xed\xcas\xeb\xe3\xb8\xd2\xc8\xfb\x91f\x13\xcb\xf3\
'K\x89\xe5KM\x1b\xc8\x17\xc4\x0f$Q\xab\xc1\x10\
\x01\xf9\xf6\xc66\xee-\xe5\xe5\x82\xf25\x80\x85l\xdf\
\x80\x8eo\xd0WS\xd8>\x85\xfe\x14RL'\xfe\x19\
\xc7C\x1bBO\x90\xbe\xc8\xe1v\xff\x08\xa0\x8fp\xa5\
YD<\x97\xf8r\xe2s\x89O'\x1e\x89\x1c\x8e\xc8\
\xdb\xd0U\xda\xda\x0a\x89A9\xfdp$\xf7\x96\xb5\xc4\
\xe3\x90\xaf\xb2=\x87\xf8\xfb\xf4\xd5}l\xdb\xbc\xfc\xbc\
\xaf)\xe4m;R\x04\xc9\x1b*Z\x90\x22\x90A@\
\x09\x92\x01B#E \x1b\x02J\x90l\xa8\xe81E\
 \x83@\xb2\x09\x92\x01A#E \x17\x02J\x90\x5c\
\xc8\xe8qE\x00\x04\x94 \x80\xa0A\x11\xc8\x85\x80\x12\
$\x172z\x5c\x11\x00\x01%\x08 hP\x04r!\
\xa0\x04\xc9\x85\x8c\xcf\xe3\x9a=\x1e\x08\xfc\x0d\x00\x00\xff\
\xff\xb6\x22\x1f\x9b\x00\x00\x00\x06IDAT\x03\x00-\
\xc6C'\x0fF_\xd2\x00\x00\x00\x00IEND\xae\
B`\x82\
\x00\x000\xca\
\x89\
PNG\x0d\x0a\x1a\x0a\x00\x00\x00\x0dIHDR\x00\
\x00\x00\xc8\x00\x00\x00\xc8\x08\x06\x00\x00\x00\xadX\xae\x9e\
\x00\x00\x10\x00IDATx\x01\xec}\x09\x98\x1dU\
\x95\xf09\xf5\xbac \x80\x83\xa3\x032\xa3\xe0\x8c\xfc\
?\xf8\x8f\x0a\xa3l*\x8a\x80BX\x5c@\xa2l\xe9\
W\xdd@K^\xbd\xad\x11\x13\x10$\x0a\x021\xd2o\
\x0fF\xe8W\x9d\xb0iPP\x91\xc5\x05A@\x11\xa2\
\x03.\xbf\xf0\xff:\x8a\xcb 8\xa8#\x12\xc0t\xbf\
:s\xce\xeb\xee\xd0\xcb[\xaan\xdd\xaaz/\xbc\xfa\
\xee}\xaf\xea.g?u\xb7\xaa[\x06\xf4\x8e\x9e\x04\
z\x12h*\x81\x9e\x834\x15M/\xa3'\x01\x80\x9e\
\x83\xf4\xac\xa0'\x81\x16\x12\xe89H\x0b\xe1\xf4\xb2z\
\x12\xe89H\xcf\x06z\x12h!\x81\x00\x1d\xa4\x05\xd6\
^VO\x02]\x22\x81\x9e\x83t\x89\xa2zdF#\
\x81\x9e\x83D#\xf7\x1e\xd6.\x91@\xcfA\xbaDQ\
=2\xa3\x91@\xcfA\xa2\x91{\x0fk\x97H\xa0;\
\x1d\xa4K\x84\xdb#\xb3\xfb%\xd0s\x90\xee\xd7a\x8f\
\x83\x00%\xd0s\x90\x00\x85\xdb\x03\xdd\xfd\x12\xe89H\
\xf7\xeb\xb0\xc7A\x80\x12\xe89H\x80\xc2\xed\x81\xee~\
\x09\xf4\x1cd\x9e\x0e{\x97=\x09\xcc\x96@\xcfAf\
K\xa3w\xde\x93\xc0<\x09\xf4\x1cd\x9e@z\x97=\
\x09\xcc\x96@\xcfAfK\xa3w\xde\x93\xc0<\x09\xf4\
\x1cd\x9e@z\x97=\x09\xcc\x96@W;\xc8\xda\xb5\
\x1b\x97\xe4r\xf6^\xf9\x8a}\xc0h\xf1\xea\x03K\xa5\
\x8d\xafY\xb3fl\xe7\xd9\x0cv\xd0\xf9vO\x8a\xc8\
^t \xba\x10\x9d\x88nDG\xdd\xccxW8H\
.w\xcd+\x8b\x95\xf1S\x0b\xe5\xf1j\xa1l?\xc8\
\xf1W\x1c\x9fY\xb4C\xed\x19\xa3\x1f~\x85\x04\x0f\xc6\
\x8c\xd8\x03\x0e\xd6~\xb9x\x89\xf1t\xb1b?\xc7e\
\x7f\x9b/\xdb\x0fq\xb9[\x8b\xe5\xeagJ\x95\xf1\xa1\
\x5ci\xfc\xad\xa3\xa3W\xbf\xac\x9b\x15\x16%\xed\x22;\
\x91\xa1\xc8Rd*\xb2\x9d\x92\xf1\xf8oE\xe6\x22{\
\xd1\x81\xe8Bt\x22\xba\x11\x1dq\xb9g8\x8a\xce\x1e\
d\xbd\x5c\xc5eO\xb8\xf2\xca\x8d\xff\x10%/nq\
w\xac\x83\x14*\xf6\xd1\x1c/\xe3x\xbf\xd1?\xf98\
\x11]\x0b@&3v\x00\xc7\xbd8.\xe1\xd80\x10\
\xc1b.\xfbO\x08\xb0\x1f\x00\x1cC\x80\xe78DW\
\x1bH\xf7\xc5\x16\xc5\xfe\xc8\xcaz\xa2X\xb6\xef*\x94\
\xaa\x1f\xcb\x95\xc7\x0e\xe12\xbd\xd0@\x02\xb9\x92}X\
\xae4\xb6\xba.\xab\xb2\xfd\x84\xc8Nd(\xb2\x14\x99\
r\x95c\xa6dL\xff4%sNi\x1cDW\xa2\
3\xd6\x1d\x9d\xc1e\xbf\xb4\xb5V{\xb2\x0e\xb7d\x7f\
2_\xaa\x1e\xd5\xb8Z\xf4\xa9\x1d\xe7 \xf9\xf2\x86\xe3\
\xd8)\xbe\x0a\x04\xb7s\x5c\xc5\xf1\xe0\x00\xc4\xb4\x1b\x01\
\x1c\x06\x88\x97\x18`|\x8f\x15\xf5\xdf\xec4_\xccW\
\xc6\xb3/f\x87\x19-\xda\x87\x16\xca\xd5\xf3\xd8`o\
+\x94\xed\xa7\x0d\x84\xbb\x0c4.\xaa\xcb\x0a`7\xd0\
|\xd4\xe1\x22\x5c\x88\x88w\x88\xceE\xf7\x9aQ\xf8\x06\
\xd71\x0e\x22\xc2\x11!!8\xb7\xb0S\x1c\xef\x9b3\
\x0f\x00XQ/\xe5\xe2'\x22\xd1\xa88\x0c\x1b\xc7#\
L\xcbe\xc5\xa2\x1d\x84s2\xaa\xce\x09\xc2\xa3\xf0*\
<\xc7\x0c\xb8\x07\x00/e\x83]\x0a\x00\xe1\x8e\xe5\x08\
\x8e\x17\xdd3-_\x15[`\xfc\x1d\x11\x22w\x90+\
*\xd5W\xf1\x80\xeeK\x22\x9c\xb0\x1d\xa3\x85\x06\xf6a\
ZV\x91\x01\xf7s\xebrW\xaelgd\xc0\xd9\xa2\
|\xc4Y\xde\xd0\x0b/\xc2\x93\xf0&<\x0a\xaf\x0ca\
\x1f\x8e\xd1\x87iG\xe1q\xca\xcd\xa5\x92\xfd\xfa\xa8\x09\
\x8a\xd4A\x0a\xe5\xf1#\xfa\x08\xefA\x82\x13\xa2\x16D\
3\xfc\xdc\xba\x1c\xc6B\xca\xf1\x80\xf3\x11\xbe\xcb\xdeP\
(W\xdf\xdb\xacl\xa7\xa7\x0b\xed\x85\xb2}\x83\xf0\x22\
<\x09o\x9dJ3\x8fS\xde\xe7 ~\xbbX\xae\x9e\
\x1d%\x8d,\xa7h\xd0\xcb\x1d\x8c\x07\xd2\xdfb\xec{\
q\xec\x86\xc0\x03\x7f\xf8\x10\x00~\x99gn\xee\xcc\xaf\
\xdbp\x1at\xc9!\xb4\x0a\xcd\xc0\xb4\x03\x08\x0f \xbc\
\xf0i\xa7\x07z9\x01\xaec\xa7\xbe.*J#q\
\x10f\xf8!F\x9c\x8b\x8ai\xbfxy\xe6\xe6pt\
\x9ck\x98\x8f\x07\xf3%{\xc5\xe8\xe8\xe8\x0e~a\xea\
\xae/4\x09mB\xa3\xd0*4\xeb\xc6\x11\x22\xbcS\
\x98\x8f_\x87\x88o\x1b*\xb6\xd3m\xe7\xa1\x9cL3\
\xba_(\xc8\x82Gr\x00\x22Tb\x8bv\xfdw\xbe\
C\xaf\x5c{e\xf4s\xfbB\x83\xd0\x224\x09m,\
\x02\x9eZ\xe5\xdf\xee\x0f\xaff\xdby(l6Bu\
\x10fP\x9a\xcaW\x87\xcdd\x08\xf8\xf6\xe1;\xf4\xe5\
\x8bj\xb5\x87\x0a\x95\xea%\xc5\xe2\xf8\xbf\x84\x80s\x0e\
\x0a\xc1)\xb8\x85\x06\xa1\x853\xf5\x0c\xba\x19P\x07\x85\
\xfd\xa6\xba\xe6\xe1Q\x14\x9a\x83L\x0f\xb6N\x09\x8f\xb5\
H0\xed\x01\x84\x1fs\x0cz(_\xae\x16r\x15;\
\xf0\x96Rp\x08.\xc1)\xb8\x99\xeb=8n\xb7\x81\
\x0d6'\x93;a1\xc8\xf8\x82G%\xd3u\x04\xc6\
'\x83\xc7\xd4\x19\x18\xf8\x0e\xbe3\x02\xa6\x0c\x82\x87\x8a\
e;'\xd3\xaa\xba)\xcb\xe5\xd6\xbf\xb2X\xae~F\
p\x08.\x0c{\xddB7C\x9e\xe0\xd1\xd5\xb2<\xe0\
\xa9\x8ab\xe1P\x1c\x84\xe7\xda\xd99\xe8\xe5\x8a4v\
u5\x02\xc8\xf0\xb4\xea\xfd<`^\xa5\x8b\x11\xbe\x83\
&b\xfd\x8b\xee'\xc0st\xc1\xec28{\xc5\x00\
\xf3a\xd0\x1c\xb8\x83\xe4\xcb\x1b\x8e\x939\xed\x00\x98y\
\x9ea>\xca\xf1\x0e@\xf8,\x02^\xc2\xb1\x88\x00\xe3\
<}|3\x00\xdc\x09DO\xf2\x7f'\x84\xddy\xc0\
|\x19\x8f\xc1\x1e\xca\x15\xed\xb8*A\x5c\xff\x98B\xc9\
\xbe\x87\xf9+\x13\xc0\x9e\xaap4\xd7{\x9c\xe1\xdd\xc9\
4\xdd,\xb2G@\xd6\x01^\x22:\xe1\xf4;8\x8a\
\x8eDW|\xaa/\xc8\xda\x99\xd8\x96>\x88\x8d!\x05\
\xee \x88\xceY\x8dQ{N\x9d\x00\xc4/\xb2a\xac\
2(v@\xda2w\xe0\xb8/\xc7\xa5\xe9\x84yv\
\xca\x8a_\xc81\x9d\xb2L3m\x0d\x9e\xc0\xe9G\xa6\
\x93\x83\xbbS\xbf\xb1'\x22\x9d\xc4\xf5\xd6\x22\xc0\xdd\x10\
\xed\xb1\x9fa\x80\xcd\x86~{\xbeb\xbb\x9e]\xcaU\
6\xee[\xa8\x8c_\xc3\xa4\xdf\x0a\x08\x87\xf2\x7fT\xe1\
Y\xc6\x7f\x8bC\xce'\xb8\xcb|\xbc\xd3\xdf\xb7\x07\xcb\
\xf9\x1f9\x1e)2O\xb1\xecSV\x9cu\x10\xbfP\
t\xc2\xe9K9\x8a\x8ev \xc3x#\x00Z|\xa3\
\xf8\x02\x00Lp\x04\xbf\x11\xf5\xd9VSR\x02u\x90\
\xba\x87\x13\x1c\xdf\x14\xbb\x8b\x0c6\xea'\x80\xe8\xd3\xd8\
G\xfb\xa5\x13\xf1\x932\x96\xb9&\x99\x5c\xfe\x03\x17U\
\xebE2\xc3\x03\xbfI%\x06\xbf\xc8\xf5>\x9a\xb2\xcc\
w\xee\xb2\x04v`%/e\x87Y\xc3\x056s\x8c\
\x22\x1c\xcdw\xc0\x07\x8be\xdb^\xbbv\xe3\x92f\x04\
\xd8\xb6\xbd8_\xb6?eP\xedg,\x83\xa8\x16&\
\x7f\xc8\xb2\xca#\xe2Ql\xecK\xd2\x09\xf3=\xd9\xe4\
\xd0\xea\x8c5\xf0\xb5\xec\xf0\xe9\xbfoF\xfb\xfc\xf4\xcc\
\x8a\x81\x1f\xa7\xadx%\x950?$\xbad~>]\
\xd7\xed\xfc\x82^\xae\xd9\xb6\xea6\xe6\xa5\x8e\xc7\xb2\x81\
:\x88_\x0fg\xa5lt\xfa\x8d\x83\xb8%X\x99\xfa\
\xf0\xe0\xcf<\xf2\xd6\xb0\xb8i\x9a\xcf\xb3\x92\xef`\x87\
Y\x95\xb6\xcc\x03\x0d\x82}\x81 \xc5\xb8noX!\
\xc0D6\xbc\xf8\xa2\x1djO\xb1\x13\x9c;\x1f\x0d\x8f\
3\xcezz\x0b\xfc\x91\x8d\xe8\xfc\xf9yA_\xd7e\
\xc12qp\xf2u,\xa37\xb3\xac\xb2\xa9D\xfc\x1b\
\xba\xf0\x8a.E\xa7\x8e\xe1\x1c\xc67\xab{\xfd\xc0\xf5\
kc\xedp\x1b\xed\x0a\xa8\xe6\xe7\xe5\x19\x7f\xf6p\xd5\
\xfa,\xb8\xd5\xac\x94\x81\x0c\xb7\x00\xca0\x5cTL&\
\xcdG\xd3I\xb3\xc4\xb8\x8e\xe9\xc3\xbe\xbd#p\x96\xc5\
\xec\x04\x9f\xe6n\x97\xbcPtL\xa9\xb4\xf1(v\x0e\
\xbe\x19\xd0z&\x7fG\x8e\xa1\x04D\xbc]x\x17\x19\
\x88,D&\xd9\xc4\x99\x8f\x04\x89<\xb3b\xe8\xff\xf1\
\xcd\xea\xed\x0ew\xd9\x94\xf1\xb0\x8d\x15*\xf6\xd1\xca\xf5\
\xdbT\x0c\xccA\x10\xf0\xadmp7\xcfF\xb8\x97\x05\
\xf7\x89\xe6\x05\x82\xc9I$N\xff\x85\x18\x86\x18\x88\x18\
\x0a\x00\x9eO@\x81\x1a\x09\xbcp\xc83i\xb7:X\
\xe3\x81-\xed\xfbBrpg\x08\xf0\xff\x81\xf0\x02\xe1\
Ux\x16\xdeE\x06\xc1al\x0cY\xbal\xec\xa0\x1b\
\x1b\xe7\xbaJ}\x87\xabR\x0a\x85\x82s\x10\xc5\xc1$\
+\xed\x09B\xe7L\x05^\xb4V\x11CI[\xf1\xcb\
v\xe8\x9fx#\xf7\x97\x07\xb9;\xf4m\xad\x08\x22\x04\
\x86\x80\xf7\x03\xc1\xd9\x93[\x97\xec\x97N\xc6?%\xbc\
FHN\x1d\xb5\xd3\x87\x17\x22\xc0\x13\xf5\x0b\xef?\x87\
\xcd\xab\xa2\xed2\x10\x07\x91\xf7\x8d\xd9\xa0\x94\x88&\xa2\
\x8d\xd2\xf4j\xe3\xd0'\xa0\xe1\xe1\xe1\x09\xee/\xdb\xdc\
\x0f?\x82\xbb}K\x19\xdcu\x1c\xbb4\xe0\xd7x\xca\
}Y\xca\x8a\xbf%\x9d4?;2\xb2\xec\xb9Na\
D\xba\xd2\xa2{%z\x08\x0e\x96}\x0b\x94\xea\xb6\xa9\
\x14\x88\x83L8\xb5\xb7\xb5\xc1\xdb,{\x02\xfbaC\
\xb3\xcc\xa8\xd3\xb9\xdbwG\xda2Os\x10\xf6\xe7\xae\
\xd7\x15LO\xa7\xac\xb30)\xcd\x83\x18\x9eAtD\
\xda\x8a\x1f\x9fI\x9a76/\x19m\xce\xb4\xee\x95\xa6\
\x80c\x8bj\x87\x07A} \x0eB\x84r\xa7\xf5L\
/\x22\xdc$3\x1c\x9e+\x86\x5c!\x9b0\x1f\xceX\
\x83\x1f\x99D:\x00\x10\x0a!\xa3\xf7\x82\xeezv\xe4\
\x833\xc9\xc1\x81dr\xb0\xe3\xbb\x88u\xdd#~\xc5\
\x0b\x833e\x89\xe0\x88\x99s\x9d\xff\x818\x08\xaf\xaa\
\xbeQ\x85H\x22\xf45\xe5\xa7\x82\xd3O\x9ds\x12\x83\
\xbf\xe5V%CP{\x07\x02}\xd5\x0f,\xcduy\
e\x1b\x8eM[\xe6\xa9\xec\xc8\x0fh\x86\x1d(8n\
\xed\x5c\xafq\xcd%\x84\xfeu\xee\xb5\x9e\xab\x80\x1c\x04\
^\xa1B\x1e\x19\xdd\xe5 3<f\xac3\xeeIY\
\x83\xefe\xe5\x9e\xcei?\xe1\x18I\xe0\xd6\xe2\x17\xe4\
8\x03i\xcb\xe4\x95m\xf3\xb6H\x88\xf0\x894F1\
qn\x15(J6\xd7\x0e\xd1B\x07iW\xc3]\xbe\
\x0a\xb1\xcf\xcbj\xab;\xf0\x9dY\x8a\xbb2\xd7\xb2q\
\xbe\x81'(>\xc6\xad\xe83\xa1QI\xb0\x15xJ\
z\x8f\x7f\xd8i\x9fLj\xc8\xcft)D}L?\
%\xa1\xf2\xec\x96\x8a\xcd\xb5eW\xbb\x83L?:\xd1\
\xf4\xf1\x89\x16\x14=\xd6\x22\xaf\xab\xb2x\xc6\xeb\xd2>\
\xc4\xbd\xd9Qd\xb1/P\xda\x05G\x9f\x01{\xa6\xad\
\xf8e\xcb\x96-\xab\x05\x8a,<\xe0*\xb6\xb0d\xda\
\xf6\xb4R\xa9\xddA\xfa\xfaj\xaa\x9e\xac\x22\x14\xad\xc2\
\xd0\x09l\xc2\xc1\xb7\x22\xa1\xfab\xa9Kbx\xec\xf3\
\xf6I\xc2\xb7\xbb,\xde-\xc5\x94l\xc1\x87\xed5\x95\
\x8bv\x07\xc1Ej\xe3\x0f@P\x12\x0at\xe0\x91/\
WSh\x90\x0d\x18\xcc\xc0q.\xcb\xc8\xab\xeeT\xcd\
\x97\xed\x05\xcfs\xcd-\xd7EW\x8a\xb6\xa0l{-\
D\xa3\xddA\x9cZ\x8d\x17D[`l\x92\xc5w\xdb\
\xa7\x9aduM\xf2\xf4\xd3\xb7\x97#`\x81W\xaaw\
\x0e\x91\xf0%\x08\xf0\xe9|i\xbc\xb4~\xfd\xfa\xd0\x9e\
\xdf\x0a\x8a?U[P\xb5\xbdV|hw\x90~\x5c\
\xf4_\xcd\x10\xb6I\xdf\xa5M~Gg\xcb\xa6\x09O\
o\x8116\xd4\x95Q\x11\x8aH\xd6\xdf&\xfao\xc8\
U\xae\xe2V%**\xb4\xe0U\xb2\x05\x1f\xb6\xd7\x94\
h\xed\x0e\xf2\xec\xb3\x13\x8a-\x01)\x09\xa5)g!\
f\x14\x8b\xf6\xa1d\x90<\x82rJ\x88h\x1b\xa2\x22\
\xc0\xf7\x18\xd4w\xbd<\x15\xdc\xb0@W$\xaa\xd9\x82\
\xba\xed5\x17\x8av\x07Y\xb9r\xe8\xaf\x88\xe0y\x9a\
\x8e\xe7\xf0_\xda\x9c\xcc\xce\xcd)\x94\xed\x0f9\x06\xdd\
\xc4\x14\x1e\xc4\xb1S\xc2~\x0e\xd6\xae/\x94\xc7u\xbd\
\xcd\x19*_*\xb6 6'\xb6\xa7\x9bP\xed\x0e\x22\
\x04\x12\xa1B+\x82]\xd7\x82\x14JU^\xef\x80\x1b\
\x10\xb0\x137\xa4x\x19\xaf\xc5\xac/\x96\xedO\x89N\
\xba+z\xb7\x055\x9bk/\x95`\x1c\x04\xc8\xbb\x83\
\x10\x05\xf2\xa8@{\x11x/Q\xa9l\xda\x89\x0do\
\x0c\x10/\xf1^\xbbe\x8d?q\xee\x9f9j\x0b\x04\
p>\xb7r\xd7\x16\x8b\xd7v\xcf\x0dH\xc1\x16\xb8\xd5\
\xf1ns.\xa4\x1c\x88\x83 \xc0\xe3.p\xcf-\x82\
\xb8[~\xfd\x06\xd5]\x17\xe7\xc2\x0a\xf0j\xb4<\xfe\
\x7f&a\xcb\xd7\xd8\xf0\x065\xa3\xd9\x0c\x80\xcb\xd0\xa1\
e\x00\xf0C\x8e:\xc3\xa9dl\xbd\xb5P\xb8\xba\xe3\
oBu\x1b`[\xf0\xca\xbc\x92\xcd\xb9@\x12\x90\x83\
\xa8\xbd\x85gL\xd6\x0etAsdE\x8a\xc5\xb17\
\xc6\x00n\x04\x02\xado\xb0!\xe2\x0d\xce\x04,\xe3\xd5\
\xf0;S\xa9\xc1o\xf1\x98f\x19\x22\xe3\xd1\xca)\xbe\
\x0d\x8c\xd8M\xc5u\xf6\xc1Z\xc1j\x06\xa6j\x03\xbc\
`\x1a\xc8\x9b\x9f\xc18\x08\x1aJ\xc4:\x84\x1d\xeb \
\x85u\xe3o\xa2\x98q#\xf7\xeb\xb5N\xa1\x22\xe0%\
\xa9D\xfc\x94l\xd6|l\xc6\xd6\xb2+\x06\x7f\x99J\
\x98\xcb\xb8\x95\x92\x9dWf\x92\xfd\xff#\xecM\x0e\xdc\
\xcc\x8b\x8a\xef\xf2\x0f,\x18\x08\xaa6\x80\x8a6\xd7\x8e\
\x8b@\x1cd\xd2\x01\xd9,\xac\x1d\xee\x05\xf9L\xcc\x01\
\x0b\x12; !_\xdex\x108\xf4\x0d \xd8[\x1b\
9\x04\x7fr\x1c0SV\xfc\xc2f03\x96\xb9\x0a\
\x00\x87\x01@\xe7\xb8dwv\xca\x9bxj\xfa\x04\x86\
\xdbqA\xd5\x06Tm\xae\x9d\x00\x98\x9evE\xbc\xe7\
\xd3\xc4\xa4R\x0b\xc2w\xcc\xc3d5\xda;\xc6\xe0j\
\xe4+coC\xa8}\x9f1\xf0\xac\x10\xff\xea\x09\x0f\
\x90a\xbc7\x9b2\xc7\xdb\x81\xe3n\xd7\xe7\x00\x9d\x13\
\xb9\x9c\xc6q\x09\xedD\x06|\xa9P\xb2#_\xb7a\
\xbe\xb6\x85\xd1\xd1M;\x88\x0dlK\xf0p\xa2js\
\xedP\x04\xe2 ##g\xc8l\x8c\xd2\xeb\xa8O?\
\x0bJ\xef\xb2C\x00G\xaed\x1f\x86d\xdc\xab\x19\xf4\
u\xce\xc4\xd6\xf7g\x12\x03\xf7\xb9\x85\x9bN\x0c\xddU\
\xdbj\xbc\x17Q\xf3\xb8\x04\xe1\xbab\xc5\x8e\xbb\xa5#\
\xe8r}/\xd9\xb2T\x11\xc7\x93\xd36\xa7X\xbdy\
\xb5@\x1cD\xd0!\x80Z+B\xd0\x11\x0eR,V\
\x8f4\x10\xee\x02\x8d\x87\xec\xff\x94\xb6\xcc\xd3\xb2\xd9a\
\xd7;\x12\xce\xa0\x1f\x19\x19\xf8\xcf\x14\x8fKX\xae\x97\
\xce\xa4\xe9\xf8'\x02\xbb\xd0!\x0b\x8aDt\xa4\x0aO\
,\x13%[s\x83+0\x07af\xe5\xfb\x83nh\
\x98S\x86\x99\x0d\xe4\xe5\xfb9H\xda\x5c\x14*\xf6\xd1\
d\xe07\xdb\x14s\x9f\xcd\xe3\x0dD<-\x9b\x1cZ\
\xed\xbeR\xe3\x92)\xcb\xe4\xc5I\x92\xbb\xbe\xc6q\x09\
\xad\xe7\xeeV\xb21\xc6\xf0R\x11\xf0-*\xd8j\xe4\
|G\xa5\x9e\x9b:\x819\x88\x83\xa4\xbaI\xc0\x01\xa5\
\x92\x1d\xd9\xd7\x91r\x95\xea\xc9@\xa0s\x1b\xd2\x07\x08\
\xe9\x98T\x22.\xcfj\xb9\xd1I\xdb2ikp\x83\
\x03\xc6\xb1\x5c\x90\xd7N\xf8WG@(\xe6+\xe3\xe7\
\xe8\x00\xa5\x02\x83[\xec\xd7\x11\xc0\x1bU\xea\x02\x18\x81\
mJn\xa8\x11\xd4\xbeV\xd6\x1a\xba\x1f\x01\xfe\xd2\xbe\
\xe4\xc2\x12\x0e@$\xd3\x90\xf9J\xd52\x08\xaf_H\
\x91r\xca\xe7k\x8bk\xc7d\xacA\xed\x1b'd\xad\
\x81\xfbc`p\x9f\x9d6)S7\xaf\x22\x12}\x86\
\xbb[\xe7\xcdK\x0e\xe5\x92\x10Uw%\xf9k6i\
v\x9f\x83\x88T\xf9\x8e\xa0\xd6\xcd2\x90\x15/\x10\xc2\
\x8b\xb9\xd2\xd8j$,i\xc4X\xe1\xf1\xc6\xc9#g\
\xd4',\x1a\x83\xf5\x99jY\x03\x7fL[\x83\x1f\xe4\
\xee\x9b\xc6\xf7\xd0\xe9R\x91\x85O\xd2<WGE\x9d\
sW\xde\xf5d\x87g\xa2\xb8\x82\xc11\xb0@\x88\xdf\
U\x01\xceL/\xadT\xaey\xadJ]\x95:r\xd7\
4\xd0\xb8H\xa5n\xa3:\x08\xf8Iv\x0e\xabQ^\
\x10i\xdc}\x1b\xe0\xc1\xf6U\xba`\x8b,\xa45\xd5\
\x05\xaf\x1d\x1c\xd1\xb5\xe8\xbc]\xb9F\xf9\x88\xa0{\x96\
q\x0e\x9a`\x1d\x84\xea\xeb\x07s\x10\xba\xbd\x98t&\
CiE\xa6\xfa\xdd\xa4of\x88 \x93\xb2\xe2\xda\x9c\
\xcd\xad\xbc2I\xf3,.\xab\xad\x05\x94\xd64'\xe3\
1\x06\x1at\xf0\xa3\xeb\x9a\x83\xdd\xdb\x82\xc88\x84\x85\
\xfb(G\xcfA\xb5\xc9\xf5\x82Hfn\xa4\xdf\xed\xa5\
N\xab\xb2|\x17<=\x9d4#\xdbi\x91[\xad\x14\
 ~\xa6\x15\x8d^\xf2\x0c\x1e\x8f\xc9\x8c\x9e\x97:*\
e}\xe8\xfa\xd1\x91\x94\xd9\xbd-H]X\x08_\x06\
\x85\x83\x8d-\xd0n\x16w\xab\xce\x02\x9e\xb9Q \xad\
a\x15\x83\x8cc2\xc9\xc1k\x1bf\x86\x98\x98N\xc4\
\xcf\xe5.\x9e\xbe\xc7\xf0\x09m\xb8_\x1a\x00\x00\x10\x00\
IDATn\xe7\x19&\xa5\xf5\x097l\xfb\xe9^\
\xb1\xfe\x94l\xcb\x0d]3e\x02\xedb\x09\x12\xac\x81\
\xd2^\xabRw\x92j'\xc9\xbf\xee8\xb5zL\xda\
\xf6\xac\xc2\x98qP29\xa0sj\xd8\x17\xcb\xdc\xc5\
\xbb\x10\x88\xb4\xedr\x22kB\xf2T\x81/\xa2\x9aT\
\xf6\xa3c\xf4a[M\xc8Y\x90\x1c\xb8\x83\xa4R\xe6\
\xf7\x11@i\x1a\x8e\xc09}\xfd\xfa\xf5\xfd\xa0\xf1\xe0\
n\xd5)<\xa0\xb55\x81\xac\xd5\xb0\xb6w\xea\xec\x81\
\x075\xc1\xd3\x06&\x9d\x1c\x94\xae\xd6r]\x00\xe5\xa9\
\x82|eLu\xd7\xfe\x86d\x88nE\xc7\x0d3\xdb\
$\x8aM\x89m\xb5)\xe6;;p\x07\x11\x0ak\xa0\
\xd6\x8a \xe0\xbe\xcfo\xed\xd7\xf6\xf1\xcab\xd1>\x01\
\x10\xae\x13\x9a|G\xc4\xa7\xfa\x8dE\xaf\x18I\x9c\xf1\
\x0b\xdf\xb0\x02\x02\xc0c\x92k\xd0q\x8e\xd2\x05\x1e\xc9\
\xb87/O6k\x02(\xba\x15\x1d\xab\x80S\xb5)\
\xaf\xb8Bq\x10\x98\x00\xe9+z\xde\xc8\x01\xf8\xe0\xa9\
b-\x0e\x22\xef@pWA\xcb\xb7G\x08\xe8\x17\xdc\
\xd7\x7f\xc5\x8a\x15\xa7j|\xdc\x83\x99\x0d \xa4RC\
\xdf \xc3P\x5c\xa1^H\x10B\xed6y7fa\
\x8e\xf7\x14\x1f\xba}~\xda\xa6\xbc#\xf5X#\x14\x07\
\xc9fMy\x19H\x9c\xc4#y\xc07|8\xbcP\
\xb1\x8f\x06\x1f\x87\xbcE\x87\x00\xbc\x98F;\xf9\x003\
Su3\xaf\x8c\xeb{/d\x06j\x80\xff\x99\x15\x03\
?\xa6\xc9\xc9\xdd5\xa1x\x19\x8fon\x90\xb7+\xfd\
\xc0\x13\x9d\xb2NT\x9f\xbb\xfb\xf2\xb4M\xf9!\xc1U\
\xddP\x1cd\x8a\x12G\xfd\x91\x08\x02\xe5VD\xde\xc3\
\xa6\x9a8\x07\xe80\x90\xcd\xdcm\xe9\xd8\xb7\x1e\xa7\xe4\
\xdc\xf87\x939\xf3I\xa6\x9dm\xb2q\xbe\x87T\x00\
\x82\xbd\xc9\x88\xdd \xef\xe7{\xaa7\xbb\xb0\x0f\x9d2\
\x01\x9f\x9f\x0d*\xc8\xf3\xd0\x1c$m\x0d\xdd\xcc\xdaQ\
ZYg\x01\x9c\x9a\xab\xd8\xfb\xf1\xbf\xa7P\xdf\xc9#\
f\x5c\xc9\xcd\x90\x8e;\xfe\xe3l`]\xe9\x1c\xb3\x85\
\xb6\xb8\x7f\xeb\xdf\xcd\xbeV?\xa7}cH\x95Je\
\x93\xe7V97\xa5\xcbSUp\x13\xc0\xb7\xd3\xd6\xa0\
\xf2\xcc\xa8W\x9c\xa19H\x9d0\xa4k\xea\xff\x0a?\
\xbc\xa0\xe7\xb9\x15!cb\x1d\x00\xfa\x9eya\xa5\xfc\
\x85\x9d\xe3\x1fa;8\x86\x87\x87\xffB\xfd\xc6\x9eZ\
X!xG\x8d\xb6x^\x18E\x22\xcf\xba\xdcF\xaf\
a\xd8\xdb\xceC8\x09\xd5A^\xd27q\x0d\xdf\xcd\
\x7f\xae\xc2\x17\x02\x9evE\xa5\xfa*\xb7u\x8bS\x1b\
\xa6)\xdd\xa5\xe6\xe2\xc0I\xc3!\x1d-\xd0\x5c\xb0\x11\
^e\x86\x07~C\xc6\xa4\x96\x81;\xdf<\x06\x0bS\
\x1b\xe8\xb9\xe2\x88[\xf5\x7f\x12]\xba*\xbc\xb0\xd0f\
\x1eO]\xbb09\xb8\x94P\x1d\x84\xef^\xcf2+\
\xd7pT\x09\xbb\xf5\x01\xbaz_\xa1P\x1e?\x8b\x15\
w\xbe\x0a\x92\xf9u\x1cp\x0eJ\xa5\x06U7\xe4\x9e\
\x0f\xaec\xae3+\xce\xfc1:\xa0\xe7\xbb\x22\x88\x97\
\x14\xca\xf6\x87\xdc0\xc7\xadz\x96\xcb\xed\xc6\xd1s\xe0\
\xf5\xab\xb6\xef\xf0{\x06\xda\xa6B\xa8\x0e\x22\xb48\x06\
\x88\x83<-\xe7\x9e#A:_\xbe\xba\xa5R\xa76\
m\xa6\xcb<\xc3nX\x81\xde\x97\xb5\x06\xff\xbda\xd6\
v\x90\xc8\x0bm\xf7\xf2\x94\xf5\xf1:Xa8%^\
g:\xb4\x15\xac|\xb9z\x10\xe7\x8fpl\x12Z&\
?\xeaL\xfc9\xd4\xee\x95P\x13\xba\x83d\xcf6\x1f\
CD\x9er\x15\xf4\xde\xa3\x01F\xd3V$W\xb9j\
_\x07k\x973T\xdf;\x90 \x1a\xc90\x07\x83L\
s$\x81\xa7\xac\xbf\xc6\xfaP\x1f\x13LS\xcd\xdd\xa6\
\x97\x93\x01k\x8b\xc5\xf1\x7f\x99NZ\xf0g J\xeb\
\xb1 \xddM\x02\xf7\x08\xc6GFF\x9esSVg\
\x99\xd0\x1d\xa4N\xbc\x81\xd2\x8a\xd4O\xbd\xfe\x10\xe0{\
\xf2\xa5\xea\x02\x85\xae_\xbf~\xc7\x18\xc5\xc49<\xcf\
v-\xa0\x81\xf0\x82Tb\xa0\xbc };MH\xd5\
_\x07vt\xbc\xbfr\x10\x19\xf4I\xdb\xb6\x17\xcf\x17\
U\xa1\xbc\xe1\xfd\xdcE\xfa\xe0\xfct\x97\xd7\x8fO\xc4\
b\xa1\xb7\x1eB[$\x0e\x92:{\xe0A\x16\xd6\x8d\
B\x80JD\xc4\x8f\xce\xaf\xf7\xdc\xd6\x97\xac\x11\xe7\x99\
\x9f\xee\xfd\x1a/K'\xe3\x9f\xf2^\xcf{\x8db\xb1\
\xf8\x92b\xb1zd\xbe2\x9e\xcd\x97\xed\x1c\x0fv\xab\
\x12\xe5\x5c\xd2$O\xcax\x87\xec\xbdF\xda\x1a\xaa\x10\
\xc0\xc7\xbc\xd7\x5cP\xe3\x94\xbfl\x81\xd50\xef@p\
.\x98\x97\xe4\xfe\x12\xc9>\xf7\xec\xe5\x7fp_A_\
\xc9H\x1c\xa4N>\x1a\xca\xdd,\xae\xffz6\xa2m\
\x83p>?W\xbe\xae\xc4\xe9\xbe\x02w\x13\x8ai+\
\xbe\x0d\xae/`-*\xcb*r\xa1<\xfe\x052v\
y\x86\x0c\xfc&O{\x8e\x22@\x06\x10M\x89r.\
i\x92'e\xa4\xac\xd4\x81\x80\x8f\x8ce^\x0aH\x9f\
\xf6\x8b\x86\xe9_\x99/WS3p\x0ae{\x84\x9d\
\xef\xdff\xae\xbd\xfcs\xbd\xbfb\xcd\x88\xa4\xf5\x10:\
#s\x90\x8c5\xf05^\x91U\xde\xae\x05\x81\xce\xab\
T\xec\xdd\xd9x\x96\xb1B.\x12f|\xc6j\xca\x8a\
\xa7}\xc2hY}\xb44\xf6\xe6|\xd9\xbe\x83\xf9\xbe\
\x1d\x80\x96q\xeckY\xa1\x9eI\x5c\x86\xcb\x12\xdc.\
u\x05F=9\xa0\x9ftbp%\xcb\xd3\xf7\xab\x00\
\xc83[\xf9\xd2\xf8\x89\xf9\xfcU2cu\x91:\xb9\
d\xa7R\xf1\xff\x00\xbf\x87b\xfd\xc8\x1cD\xe8%P\
\x1f\x8b\x00\xe0N\x13\x04\xdc\x94;\x1ca\x09\xf88\x10\
\xe1\x0bi\xcb\x1c\xf2\x01\xa2mU^\x97\xc9\xc4\xd0\xd8\
\xcc\xc6wT\xdb\xc2M\x0aH]\x81!\xb0\x9a\x14\xd1\
\x92\x9c\xb2\xcc\x0f3 \x7f\x8fs\x10\xec\xcc\xf4\xae\xc6\
\xbe~q\x8e]\x18\x9eR \xc4\xc8Z\x0f!8R\
\x07\xc9$\xe3c\x00t\x97\x10\xa2\x12Y\x01\xc3\x00\xe8\
w\xb7\xf5\xcd\x06\x19\x09\x08\xf0\xe0.\xc6\x15\x04\x90\xd3\
\x85B`\x09L]\xf0\x1a\xc1\xa9-\xae\x89L\xfcm\
W\x84\xf4\xaf\xac\xdf\xb3\x1b\xc1w\x93\x86@Wd\x13\
\xe6\xc3n\xca\x06U&R\x07\x11\xa6\xd00\xae\x90\xff\
\x88\xe2\x9f\x1d0\xd2\xb2}NP\xf8\xa7\x0dYu\xee\
\xbf\x15Y#\xd3\xb0[\x95Q\xce\x93\xed\x8a\x08(\x0d\
\x04\xb2\xcf\xb22\x1c\xd5\x8a|\xf3\xfbumb\x22J\
\xdb\xa8\x93\x1e\xb9\x83\xa4V\xc4o\x05\x88\xaa\x19\xa5l\
\xd6\x1a\xb8\x1f\x02:\xa6\xbbBA8\xc7\x0c\xc5#\xd3\
8f\xae\xb5\xfe\xf3\x1a\xc9\x03h\xe0\xb6\xc1\xb6V\xe0\
m\x80\x11\xe0Z\x95=\x8c\xdb\x80\xf5\x9c\x1d\xb9\x83\x08\
\xc5\xe8\x80L\xab\xaa\xad\xae\x0b\x00\x85\xc8w\xa8K\xd3\
\xd6\xa0\x96\x17\xa8\x1a\xa1\x1f\xe5\x019i\xecV5\xc2\
!i\x82Cp\xc9y\x101%k$\x08\xab!\xcc\
\x83\xe0\xde\xb4\x15\xaf\x84\x89\xb2\x19.7\x0e\xd2\xac\xae\
\xb6\xf4\xfa,\x05\xc1\xa86\x80m\x00\xf1\xa0\xfc\xc6\x94\
%\x9b@\xb7)\xe8#\xdb@C\xdf\xce\x22m\xe8\x08\
\x1aW:a~\x82I\xd0\xf3\xaa2\x03j\x1b\x10.\
o[&\xa4\x02\x1d\xe1 \xc2k:YW\xc2O\xe4\
<\xe0\xf8\xc3\xc9\xbf\x19\xca\x8f<\xb8\xa1M\xd6,\xb8\
\x85:\xcaMY\x1de\x04\x97\xe0\xd4\x01\xab\x19\x0cg\
b\xab\xec\x92\xe2o\xd0\xde\x0c\xf8\xect\xc4k\xd3\x96\
y\xdb\xec\xa4(\xcf;\xc6AD\x08|g\x0f\xba)\
\xff3\xa0s\xae|kC\xf0\x05\x16\x09\xcd\xc0`7\
\x03\x1c0N\x19\x0f\x10\x1a\x1f\x09z\xd0\xee\x80qi\
3\x16\xa3H\xef(\x07I%\xcc\x9bX\x08\xb7p\x0c\
(\xe0\xaatbHyZ\xd9\x0dQ\xd3\x8f\x86\x9c\xe0\
\xa6\xac\xe62'L\xe3\xd6\x0c\xf6\x05p\x99\xc4\xc0}\
\x0eA\xd3\x87E_(\xa9vF\x00\x97f\x13\xcb\x03\
\xfb\x18\x8e\x0aU\x1d\xe5 \xc2@\x1f\x92\xcc\xbf\xcb\xa9\
\xd6\xc8\xc2_\x93\xb6\xe2\x9f\xd3\x0a\xb4!\xb0\x9d\x0e\xe5\
\xb9\x7f^\xfdn\x98\x19`\xa2\xac\xb8\x0b\xee\x00Q0\
h\xf9\xae\x22\x02\x061\xbez\xf6\xa5K\xe0bF\xd1\
Q!b\x07Y(\x8bDb\xf0\xb7\x80z\x05\x85\x08\
7f,s\xd5Bl\xfaS\x9c\x98\xf1z\xfdP\xdd\
A\x0c\x0bw\xca\x8a_\x88\x887\xb8\xa3\xcam)\xcc\
\x9a\xa6\xa9\xb45\x94[\x0c*\xe5:\xceA\x84\x89t\
\xc2\xfc8\xff?\xceQG\xf8a\x0d)\x14\xe7\xa8\x13\
K\xf4\xea\xfa\x7f\x14?!\xe2\xaem%y\xa8s\xb3\
\x1e6\xf1\x91pZw\xef\xd4v\xa4\x83\x08\x1b\x88 \
\xcf\x03\xc9\xa9\x9f\xf8gthUv\xc5\xe0/\xfd\x00\
\xf1R\x17\x89^\xea\xa5\xbc\xce\xb2a\xe2\xcef\xcd\xc7\
\x00P\xbeF\xe5{\xa5\xdd\xa0`g\x15\xc1\xc7\xd1\xb1\
\x0e\xe2\x83\xa7^\xd5\x9e\x04\xb4I\xa0c\x1d\x84\x08>\
\xab\x81\xcb]\xc9\xc0\xcbs\xeb\xaa\xff\xac\x01\x96+\x10\
\x84\xa8\xf4]FW\xc0\xdb\x14\x0a\x13w.g\xef\xc5\
\x93\x11\xf2\xee\xbf\xef\xd7\x9b\x1dt\xb4=\xc8\xd9FD\
\x9e\xb3;\xd2Ax\xd1\xeb\x93\xcc\xc9\x1e\x1c\xd5\xc3\x0b\
5\xdf\x14#\x0coe\x16\xf17/\xa0\x0e\xf9,D\
\xdc\xb1E(\xeb\x15\x07\xe8\xe1\x90\xf6-\x94\xc7\xcf\xd2\
\x03K/\x94\x8es\x90\x8a\xec}Ep\xa1N6\xb9\
5:)_\xb6Cq\x12\xa3\xe6\x84\xf14@C\xf1\
\x84\x85\xbbX\x1e\xbf\x98\x88NnH\x84r\x22\xe5\xec\
\x06\xef\xb2+\x83\xd3T\xb1\xe3\x1cd\x920\x90\x87\xd4\
\x10`e8w\xa9g\xee\x05\xc0I\x08\xfd\x10\x9c\x82\
;X\xc4\xb9\xa2\x1d' \xf5\xf7\xcb\x9b\x93\xb7\xe3_\
\xb6\xe8\xbd16G\xe5>\xa7\xa3\x1c\xa4X\xb1O`\
\xd2\xb5\xec\xd3\xc4p\x1a\x04\xba\xbcP\x19{g\x83\x0c\
mI\xa9T\xeao\x0cL\x9e\x08\xe0\xbfP\xc3M\xd3\
\xb8\x03C\x9a\xaflx\x9b\x81\x10\xd8;\x1a|\x13;\
?W\xd9\xe8\xf7\x058\xad\xfcw\x94\x83pWh\xb5\
V\xee\x16\x02\xdb\x15\xc8X;:\xba\xe1\x1f\x17fi\
LA\xb25Bs\x07*`\x9c\xb9\xdc\xfaW\x229\
\x9f\xe1E\x5c\xdf\x83\xf2V\x0c\x19\xe0\xc8\xfaJ\xab\x22\
\xa1\xe6u\x8c\x83\x14J\xf6E\xccy\x18\xab\xd0o\xea\
{\x89\xbfY\x13\xa6\xb3e\xe0\x85\xce;\x08\xe0\xeb-\
\x0bi\xcc\x14\x5c\x82S#\xc8\x05\xa0\x8c\xfeEk9\
QvF\xe4\xbf\x00\x03\xd1i\x85\xb2}L\x80\x18<\
\x81\xee\x08\x07\xa9\xef\xc6\x87\x10\xe4\x9bws\x84B\x04\
'\x15\xa76\xb7\x9e\x93\xae\xf3\xc2!'\x88~zC\
\x12\x83\xc6\x95+\x8dI\xcb~jC\xe4A$\x12\x84\
\xf7\xe4C\x1b\xfa;\xc2A\xc8\x00\xd9\xb0Ly\xe7\x8b\
6<6\xcc\xe6\xbb\xee\xf9\x85ru\xa0a\xa6\x86\xc4\
\x91\xe4\xd0\x0f\xb8O\x1d\xe8{'B\xa6\xe0\x10\x5cr\
\x1eD,V\xc6O5\xd0\x90\xd6=\x08\xf0\x8da\x22\
\x1c\xca\x13*\x81<\xb4\xda\x18a\xf3\xd4\xc8\x1d\xa4\xb8\
n\xfcX\x002\x9b\x93\x18d\x0e\xe6r\xe5\x0d\x87\x04\
\x85!e\x99y\x86\x1d\xe4\x9b\x92\xa3\xd38\x18\x8d\xfe\
\x90/W\x0f\x22\x87\x8a\xfa!\xb7\x87\x88@\xe7\xca\xb8\
\xa7}\xc9`KD\xee \xe48\x81\xbd_\xe0Bt\
\xbb\xf2\xa0\xb0P.o\xf8{\x17e\x95\x8a\xa4-S\
\xf8\x0b\xc2IF\xa7a+\xd1\xd5\xae\xd2\xe8\xd5W\xbf\
\x0c\x01\x0bA\x0f\xca\x9b\xd1\xc1-\xfc\x9e\xb1\xfe~\x91\
]\xb3\x22\xa1\xa4G\xea \xf9\xd2\xf8\x10\x00*O\xbb\
\xb2\x10\xd7s\xeb\xe3\xf7\x05\x9b\x03\x1ct\x02Y{\x81\
\xe9C\x0c\x19\x01\xdct\xb7\xa6k\xb4\xfe\x13X\x02\xb3\
u)\x7f\xb9\xb1\xe7c\x22\x13\x7f\x83r\xc2\x9f\x02\xe0\
\x95\xa0x\x10\xe09\xb9\x8a\xbd\x9fbu-\xd5\x22u\
\x10nFOW\xe7\x82\x9e\xe9G\xe0\xc1\xa3\xc1\x11\xb6\
\x80\x8f\x83\x07\xed\x1f,\x94\xed1\x1f \xdaV\x95\xae\
P\x8d\x9c\x03\xc8\xc7\xec\x96\xd4\x15\x18\x02\xab-B\x1f\
\x05x\x02C\x9e\x83s\xf5A\x9c\xa6h\x10\xfe\xca\xf4\
\xae\xa6\xc9\x09\xd9\xf0Ay\xc7\x1a\xa4\xa8\xba\xdfS\x9c\
\x19S\x7f\xe1\xff\xe6\xcb\x1b\x8e\x03\x84w\xa8b&\xc0\
\xcb\x12\x09\xf3\x89\xb4\x15\xdfD\x00\xa2\x04UP3\xf5\
\x06\xd9I\x02\xedo\xcb`:c\x99G\x03\xc2R\x00\
\xdc\xc4\xd1\xc5\x8a\xbb\xac\x90sY\xae#u\x05\x06\x04\
x\x14*\xd55,\xcfa\xbf(\x88\xe8\x82L2\xfe\
\xa5L\xe6\xcc'\x19\x96\x0f\xfd\xa0Y\x9f\xe5d Q\
\x84\xc8\x1c\x04\xc8Y\xee\x83\xe1\x9f\xb0\xb1\xc8\xc3ru\
\x10|\xbe\x96\x08u|\xcf#\xc9\xeb1\xf2\x84j\x1d\
nP?\xb2f\xc1\x8e\xfdAt\x9e\xde\x09\x1dz\x17\
!\xca\xee\xe7y \xb2%\xb2\x81\xe6%M\xf2\xa4\x8c\
\x94\x95:A\xd13\x037_\xb6\xcf\x07\xc2\x05\x9f\x96\
\x98\xc9w\xfb\xcf\xf4\xaf\xc9X\x83\xdbn6i\xcb\x94\
\xdd\xeb\x95\xbe\xd4\xc5\xdd\xc9\x9d)\xe6\x98nq\xeb.\
\x17\x89\x83\x14\xaf\xdcp \x22\x9c\xa4\xca\x0c\xdf\x9d\x16\
l\xd1\xbf\xc3\xa2\xbf\xad\xe4.\xdbWUan\xab\x87\
\xb0*_\xae\x86\xb2\x86!\x8f\x86\xa4R\x83\xdf\xca$\
\xe29v\xf2l:98(Q\xce%M\xf2\xa4\xcc\
6\xda\x02<)\x94\xc7\x12l\x8c\xb2\x81\x9f_,\xd7\
\xbft\x09H\xb7\x17f\x1f\x04\x86\xfa{\xec\x84\xe6\xda\
+7\xfe\xc3lxa\x9dG\xe2 \xe0\x90\xf2\xd8C\
\x9c \x93\x1c\xbcv\xbe\x80\xe4\x03\xa15\xac\xad\xe2t\
\xdf\x9b\x1d#\xe0\xc5\xdc\x0f\xcf0\xac\xed(4gE\
\xd6:\x00\x0c\x1d-\xf0\x03\xe8\xe0\xc7\x1b\xbd[\x9e\xb6\
\x06n\xe6\x9b\xe2\x17\x9aS\xd12g\x8f\xfeZ-\x92\
V$t\x07\xc9]i\xef\xc5-\x80r\xf7\xca\x01\xa7\
\xe9\xc3r\xd9\xc4\x99\x8f\x18\x14\x13'\xf1\xfd\x1a(w\
\x13r<\xcbvbK\xb5m\x07\x99\xf9r\xf58\xd6\
\xc7\x82\x1b\x8eW\xd6\x08\xe8)t\xe0\xdc\xfa.\x99M\
*;D\xca/F!@|ttt\x87&\xa0\x03\
K\x0e\xddA\x0c\x07\xa4\xf5P[5G(d\xac3\
\xeei%\x8ddr\xf9\xd7a\xea]i\xf0{ \xd2\
\x17\xa5;\xe8\x17N\xa7\xd6/\x16\xedC\x11\xf0\x16\x1d\
\xf41\x9cd*e\xde\xdb\x0a\x16\x8fKdgF\xd5\
5\xa1}\x8c\xfe]CoEBu\x10\xf9\xd0&\x0b\
P\x1c\x84\xff<\x87''\x81\x9a\xb6\x1e\xb3\xa1\xa5\xad\
\xf8\xe7\x10`\xdb ~v\x9e\xd7s\xaa9\xf7\x97J\
c\xba\xden\xf4\x8a>\xb0\xf2\xf9uW\xbd\x81\x0ch\
y\xb3q\x8d\x9cg\xac\xd2\x96\xe9\xea\x83;\xe8\xf4K\
+\x223[\xae\xc1\xcf\x14\xe4.Z|\xe6<\xac\xff\
P\x1d\xe4o\x93\xfd\xa7\x03\xc1\xde*\xccq\x13~\xed\
9\xb2g\x96\xcb\xca\xbcV \xcfw\xe9\xd8p\xd9p\
\xd0x\xd4%\xda\xae(\x96_\xbf\xe1\xd5\xe8\xf4\xfdH\
\x07\xb1|#\xaa\xf2\xc4\x82\xeb\xc1}*u\xda\xefD\
\x97\x8a\xb8\x0f\xc8\xaf\xdbp\x9ab]\xa5j\xa1:\x08\
\x10\xaa\xb6\x1e\x5c\x15=\xf7\x93\xd1\xe9_\xc1+\xed\xf7\
)Ifn\xa5\x9dy\x8d\xe4\xf7s\x93\xba\xf3\x8a[\
\xf1\x97\xe2\x84\xf3k-\xd4#|'\x86K\xd2\xe0\x11\
\x18\xa1w]nC\xe18\xe6\xb6\xf3\x10NBs\x90\
By\xec\xfd<\xf0}\xab\x22O\xd7\xa9|\x8a\x8b\xef\
VOC\xcd9\x1b\x08~\xae\x88wv\xb5\xdd\xd9I\
\xb4\xdcug\x03\x0d\xfb\xfc\xf9\x89E\xff\xad\x07'>\
R#L$\x12\xcb\x9e\xf1\x0aoZ\x97J\xad;\xb7\
X\x87\x17\xca\xd5\xf7z\xc5\xa9Z>4\x07\x010\x96\
\xa9\x12\xc9+\xcf\x9e[\x8f\x19\x5c\xe9\xf4\x19?\xc5\x18\
\xc8\xac\xd9\x133i>\xfe\xdf\x90/W\xbf\xe7\xa3~\
dU\xf3\xf9\xabv+\x94m\xbeGi \x01\xe1\xe7\
\xe8\xd4N\x1e\xb1\xe2\xffW\x19\x1a\x82\xb2N\x01\xd0\xdf\
c0\xe0\xfe\x08\xc5Ar9{/&\xe9}\x1c=\
\x07\xd6\xe8\xb7\xfd\xae\x22\xa7V\x98\xdfg8\xec$\xe8\
\xf9n7\x9f`\x04<\x84\x0d\xcd\xef\x03\x92\xf3\xc1\x06\
z\xcd\xfd\xf67`_\x9f\x8e\x1b\x84\xd0\xf9'@<\
9\x95\x1a\xf2\xd5\x9a\x8aNY'\xdf\x16\x80\x0a\xf1}\
\xd36\xa5P\xd5[\x95P\x1c\x04\xfaA\x9cc1(\
\x1cH\xe4\xe3N\xf3\x02\xc2\x8ce~\x13\x1d\xd2\xf5\x82\
\xd4>\xec$O\x8c\x8d\x8d\xed\xfc\x02\x86\xce<+\x16\
\xc7\xde\x8d\x8e\xe3\xcb\x98gsF\x10;&\xbd\x22\xfe\
\xc3\xd9i\xaa\xe7>t\xbbx\xda\xa6TQ\xbb\xae\x17\
\x8a\x83\xc4\x00\x94\xfa\x8c<\xdb\xf1\xc8\xe2E\x13Z\x1c\
D$\xc2\xf3\xf47\x01\x81\xaeWGw{\xe69\xe3\
\xa9R\xe9\xaa\xd7\x08\xecN\x8c\xec\xc4\xa7\x93a\xf0\xba\
\x90\x1e\xea\x08\x9dC3\xd6rY\xcb\xd0\x02Pt+\
:n\x05\xacY\x9e\xaaM5\x83\xd7,=p\x07\xe1\
\xc5\xa8\x83\xb9:\x14\xf7\xcb\x00\x00\x10\x00IDAT\
)=\xac\x19\x01\xad\xd2\x11\x8ck\x86\x87\x87'@\xe3\
\x91N\x9a\xd7#\x82\xae\x99\x90E\x0e\xf6\xfdr\xb44\
\xf6f\x8d$j\x01U(U?\xc2\x806r\xd4\x12\
\x1c\x82wf\x12C:f\x04\xb7\xd1#\xbaE\xd61\
(\x1cbSb[\x0aU=U\x09\xdcA(\x06J\
\xad\x87p\xd1\x87\xb1\x1b\xe5_wL%\xccq\x00\xf4\
\xfdH7L\x1f146\xe7K\xd5\xa3\xa6/#\xff\
\x93\x9d\x0f\x01Qv!\xd1B\x0b:\xf4\xael\xd2\xbc\
[\x0b\xb0y@\xfc\xe8\xd8\x8fm\xcd#\xa3\xe9e\xe0\
\x0e\x02\x042\xfe\x00\xaf\x07\x22\xde\x9eH\x9c\xfe\x0b\xaf\
\xf5\xdc\x96O[\xf1\xcf1m)\xb7\xe5\xdb\x95cz\
\xef(\x94\xecS\xda\x95\x0b:\xbfP\x19_\xcb\xdd\x16\
}O##,M\xa5\x06\xbf\x15\x14\xdd\xa2c\x96\xdd\
\xedJ\xf0\x15m\xcb\x0b\xae@\x1d$W\x1e;\x84\x89\
\xd9\x87\xa3\xe7@\x0e\xa9\x09\xcd\x03&\xeen\x95x\xd1\
\xea#\x1e\xaa\xb4.\x8ap\x1d;I\xb2u\xa1\xe0r\
y\xccQ\x04\x22m\xfc8H\xa7\xc8lSp\x14O\
A\xf6\xa1\xeb}F\x8b\xf6\xa1SP\x82\xf9\x0d\xd4A\
\x10c\x07\xab\x92\xddg\xf4\x05\xee B[&\x11\xbf\
\x02\x00\xf5\xed\xe6\x87P,T\xec\xd5\x10\xf2\x91/\xd9\
\xf2\xfdEm\xceIH\xc9lb\xf0\x860\xd8\xf0\xa3\
\xeb\x98AoS\xa4\xd1U\xb5`\x1d\x84Hi\xe5\x5c\
\x9a\x5ciz]q\xa0\xa1\x10w\xb7.s\xc8\xf9\x84\
\x06PS \x08.\xe2\xbb\xb9\x8e\xf7+\xa6\xe0\xb5\xf9\
-V\xc67 \xc2\x99m\x8a\xb9\xce\x16Yd\x12\x83\
\xa1\xd1/\xbaF\xeeR\xbb&pVA\x22\xe8\xe2\x16\
\x04\xe0\xc8Y\xbc\xb8>\xf5\xd1\xe4\xba\xc61\xbf`6\
9\xb4Z\xee\x9a\xf3\xd3}\x5c'\xd8In\x90\xeds\
|\xc0hYU\xb6+*\x94\xab_ \x22^\x04m\
Y\xd4C&\x9e/\xb2\xf0PAKQU\x9d\xb3c\
ug\x0b\x22\xe3\x0f\x9e\x8aS\xfa^\x1f7k\xdf\xd4\
\x22u\x8f@\xe4\xae)\xfdn\x8f\xd5Z\x15\xffP\xec\
\xf9\xd8m\xf9r\xd5\xdf\xf69\x0d0\xe4\xca\x1b\x0e\xa9\
\x81\xc3\xddPT\x7f\x84g\x1e\x5c\x19\x8fIk:/\
9\x94K^4\xbcS\x11\xd1\xce\xb9\x92\xad\xb4\x8c\xe0\
\x06\x1f\xdb\xa2\x9bb\xde\xcb\x18\x84\x87{\xafU\xaf\xb1\
9\x994#{\xbc\xbc\xde\xef\xe6\x99\x9b:%z~\
\x0eB\xc2\xdb\xb8\x1b\xa4k\x81\x12\xb8\xd5\x180\xc0\xb9\
\x95\xc9\xd3\xf4\x85'\x86D\x90\xca\xd4\xc7c|\x1eA\
\xe0\x99\xb2\x9f!\xc0\x8f\xd4P;\xdd\xe7 \x88\xa8\xd6\
\xbd\x02P}>GM\xb6\x0dj\xc9\xcc\x0d\xf2\xdc\x7f\
\x83,\xb5$\x84\x97q7\xe8\xda\x5ci\xcc\xf7\xe0\xbd\
X\xb6?\x05\x80\xbc\x8e\x03\xbb\x82\xb6\x03\x87eFO\
\x1b8E@\x04\xa4\xf4 (\xafC)o\x1f\xd5\x8e\
T\xb5\x16\xa4\x1dT\xce\xe7\xee\x95\xd2\x87P\x10\xe1n\
\xe8\x80\x83\xefh\xdf\x92\xd5c\x9d\xa4\xc8&\xd0\x85\xb2\
}\xad\xca\x9e\xb3\xf2M\x93b\xc5\x96=\xc0\xf4\xcd\xb8\
1s,o\x93\xbbU2\x03\xc6W\xd1\x06DTZ\
oQ\xb557\xdc\x06\xe2 \xa3\xa3W\xcbGVv\
sC\xc0\xfc2\xbb\xec\x08\x1d\xe1 \xc0\x87\xac\x1e\x13\
:\xbagIN5\xfa\x17\xdd\x9c\xaflp=\xb8\x94\
\xafb\xc5\x169_\xe1\x19\x1b\xe5\xad\x92\x98\x9d\x85\x81\
\xe0\xd4\xa9\xa7\x0a\x16fE\x912\xf9\xb7%<\xa6R\
\xc2\xbc\xdb\xb4\xcd)UnU)\x10\x07\xc1\xfe>\xb5\
\xd6\x03\xe0\xeeF[\xc6\xb4b \xe8\xbcLb\xe8>\
\x82\xfaz\xce\x9f4\xe2:\x08\x1d\xe7+\xf2\xbd\xbfv\
0\x0b\xe5\xf1\xb3\x80\x8c/q\xb97q\xd4\x14\xf0\x19\
t\xe0D\xeeV]\xaf\x09\xa0\x160##\xcb\x9eC\
\xb6\x01\x15`\xaa6\xd7\x0eW \x0e\xd2g\x80\xd2\xea\
\xb9\x03\xb0\xb9\x1d\xc1Q\xe4g\xe4\x09V\x03\xdf\x0d\x08\
:\xdeL\x9cb\x81\xc7%\x86\x01v\xfd\xb9\xa9\xa9\x94\
\x05\xbf\xf9\xb2|\x99\x97\xd6s\x86\xc6\xf1\x06<\xc1}\
\xfd\x13R)3\x8a\xef(2+\xad\x83\xaa\x0d\xa8\xda\
\x5ckj\x00\x02q\x10\x22G\xa9\x051\x90\x1elG\
pT\xf9\xf2\x0e\x04\xd6\x1c\xee\xe2\xe0#:i`c\
\xbd\x80g\xb8\xae\xcfM\xbdTV\x07\x9d[W\xfdg\
\x19o \xc0\xcaz\x82\xae\x1f\x82\x9f\xa3\x01\xef\x97w\
ct\x81\xd4\x0dG\xd5\x06Tm\xae\x1d\xfd\xc18\x08\
\xa0\x92\x838}\xb1\x07\xdb\x11\x1ce~*5\xf4\xa3\
\x1a\xc0I\xdc\x92|G'\x1dDt\xb2\xd1\x0f\x9b\xb8\
;uD\xb1X=\xd2pp\x93\xf6\xf1\x06\xd0}\xe0\
\xd4N\x90\xb7+u\xd2\xae\x1b\x96\xd3\x17S\xbaI\x92\
\xa2\xcd\xb5\xa3? \x07\x01\xef\xfbH\x11=\x99\x19\x1e\
\xf8M;\x82\xa3\xce\x97\xf7\xb0\xfb`\xc9q\x08P\xd5\
L\x0b\xafi\xd0&2p\x13\xc3\xd58\xde`h\x00\
\xd7\xa1\xb3\xe8Xy?\xbf~\xd5\xc1?u\x1b`[\
\xf0J\x22\x81\x82\xcd\xb9@\x12\x88\x83 \xe0\xcb]\xe0\
\x9e[\x04\xf1\xa7s\x13:\xf7*\x91X\xf6L\xca2\
\x87\x80H\xdfc\xe5S\xec\xca\xec\x9f\xce\xf1\x067v\
pi\xda2O\xab\xef\xf02\x85\xa3\xf3\x7f\x15lA\
\xc9\xe6\x5cH\x22\x18\x07A\xf2\xee @\xca\x1fYq\
\xc1g E\xa67L;\x99\xc7\x11O\x05\x82\xc0\x1f\
P\x9eu\xc3avd\xd9@\xcf\x1f\xa4\xd0k{\xb7\
\x05T\xb2\xb9\xf6\x8ciw\x905k\xc6v\xe6\xfe\xf3\
\xe2\xf6\xa8\xe7\x96\xe0;\xc0_\xe6\xa6t\xc7\x15\xdf\x9d\
?o8x\x02S\xab\xed]m\x86\xe57<lP\
\xec\x94\xb4\xbc\x14\xe6\x17R\x04\xf5UlAlNl\
O7\xb9\xda\x1dd\xc7\x1d\xfb\x15Z\x0fa\x0b\x83n\
A\x04I \x91\xa7L\xefE\x07Oe\xe0\x91\xaf+\
 \xd0W\x1d\x9c<ej\x13o\xa6\xa8+\x83\x9a-\
\xa8\xdb^s!iw\x90\x09\xda\xfa\x8a\xe6\xe8Z\xe6\
t\xad\x83\x08W\xa9T\xfc?vY\x02C<X\x5c\
\x03\x11\x1dDX~I\xff\xc4\xc9\xf2\x19\x88\x88H\xd0\
\x85V\xc9\x16|\xd8^S\xba\xb5;\x88\x11\x8b\xb1\x8d\
4\xc5\xd74\x83\x02\xeaC6E\x18@\x86<\x05\xc0\
k\x0c\xabxL\x92\xe6\xd1\xf1_\x03@\xd1\x0c\xe4\x16\
\x16\xfaG3\xc9xrxx\xf8\xd9f\x85\xba%]\
\xd5\x16Tm\xaf\x95\x5c\xb4;\x08m\x85\xffj\x85\xb0\
i\x1e\x81\xec\xbe\x08\xdb\xc3\x91\xb1\x06\x8b\xe4\xa0\x09\xf5\
\xcf \x07\xcd\x11\xf1\xc2%\x0e\xb2cj\xdb\xc5$h\
\x8a\xdb\xc2W\xb4\x05e\xdbkA\x90v\x07\x99\x9c\x8c\
\xa99\x08\xc0v\xe3 \xc0G\x0cj\xf7sKr?\
\x9f\x06\x1a\x08\xf0\x9e>$=\xdf\xf9\x08\x94RO\xc0\
\x95l\xc1\x87\xed5%N\xbb\x83\x9c{\xeer\xf9f\
\xb9\xc4\xa6H\x9bd(\x09\xa5\x09\xac\x90\x93_@\xb7\
z\xf5\xea\xbeby\xfcb\x07\x8d\xc7\x10\xe1\xcc\x17r\
\x829C\x80\xe1I\x07~\xcd\xab\xf0\xe7m\xda\xb4)\
\x16\x0c\x96\xd0\xa1\xaa\xd8\xc2\x96i\xdb\xd3J\xac\xa1\x15\
\xda\x0b\xc0TZ\x91\xc5\xf9u\x1b\xde\xf0\x02\x88\xee;\
\x93-\x7fv}\xf9\x9e?\xe7\x96C\x16\x10\xfbC\xe3\
\x00a\x11\x00]\xfa\xf8\x1f\x9ey4_\x1c\xd3\xf8~\
zh\x1clCT*m\x94]*=/\x130\x00\
\x15\x9b\xe3j\xad\x83\xd1:[9W\x89XtH\xf7\
\xbb\x17\xca\x0cx\xa9\x98/\x8d\x9f\x98/\xdb\xf7\xf1\xc0\
\xbc\xc8\xf5T\xee~\x5c\xcd\x7f@\xc0\xd7\xa2al(\
\x94\xedoq<\xc6?\xc4\xf0!\xd4\xb0v\x84\x22V\
%\x9bk\x87+ \x07A\xa5w\x8by5\xb4\xab\x1c\
\xa4\xb8\xce>\xb8P\xae~\x81\xe9\xfe\x22\x02\xbc\xb5\x9d\
\xb0C\xcc\x17#\xbb\xb5P\xb6\xaf\xcb\x07\xb0aD\x90\
| \xa2\xb4 \x0a(0\x90G\x95\x02q\x106\x18\
\xa57\xc3\x88\xe0\x84\xe2g\xab\xafS\x90N\xa8UJ\
\xa5\xea\xe1\xf9Ru\x039\xc0\x83p\xd4\xb6\xabH\x00\
L\x9c\x82\x80\xdf\x17Z\x85\xe6\x00\xe0k\x05Y\xd7=\
\xd1{U\x80\x22\x82\xea\xae(-\xd1\x05\xe2 \xfdF\
\xec\xbe\x96X\x9bg\xf6\xd3\x04\x0c4\xcf\x8e6'_\
\xb2O\xe2\xc1\xf0-\x0e\xe2\x9d\x88\x18N__\x03\xcb\
B\xab\xd0,\xb4\x0b\x0f\x1a@\x06\x02bZ\xf7Jc\
\xb7\xda\xd6X \x9b}\x04\xe2 g\x9f\xbd\xfc\x0f\xa8\
\xfa\xea$\x1b^~\xdd\xd8\xff\x0eD\x03\x0a@GG\
7\xed\xc0\x83\xef\x0f\xf3\xcc\xd4\xf7\x10a\x13\x0f\x86\x8f\
S\x00\xd3!U\xe88\xe1Ax\x11\x9e\x84\xb7\x0e!\
\x0c\xf2\xeb7\xbc\x1aY\xf7J\xf4 |?\x9b=\xfd\
\xf7Ju\xdbT\x0a\xc4A\x04'\x11\xdc+\xff^#\
\x01\xec\x8ed\x5c\xe5\xb5\x9e\xee\xf2\x95\xca5\xaf-\x94\
\xc6?\xd6\xb7h\xcb\xc3<\xf8\xbe\x92g\xa6d#n\
\xddh\x22\x81W\xe7\x05\xe1J\xe1Mx\x14^#!\
d\x16Rc\x92.\x16\xdd\xcfJ\xf2rz\xb7\x97\xc2\
^\xca\x06\xe7 @\xdf\xf5B\xc8\x9c\xb2\x04\x87\xe64\
\xec!5\x07\xa6\x8b\x0b1\x14\xbe\xb3&\x8b\x95\xf1\xdb\
&i\xf2\xe7\x80t\x09+\xed\x7f\xb9\xa8\xaa\xa3\xc8c\
\x0c\xe4X\x83bG\x03\xe8}\xad\x17\x9a\x1cu\xde\x98\
G\xe1Ux\x16\xdeE\x06M\x8a\x07\x96\x5c\xa8\xd8\x17\
\x11\x91\x9f.\xab\xd67<g3\x1a\x98\x83d\x92\x83\
_\xe7;\xef-\xb3\x91y9\x97=\xa4Xi\x1b\xa4\
\xe9\xf5R\xcfk\xd9R\xc9\xdeG\x0c\x83qM;\x05\
\x14YYK\xbd\xc2\xf1Q\xfey6\xd4\x8f\xa6-\xf3\
5\x1co\x93\xa7p\xd3V\x9c'*p\x98a\x86\xf6\
\x5cU\x9dg\x84\xe2lg\xc9U\xaeRzu\x9a\xe9\
v\x15\xf2\xdc\x95f\xe7\xb8\x07\x08V\x83\xea\x81p\x8b\
l\xf4\xa7Z\xbd]\xbd\xc0\x1cD\x10\x13\x19\xbe6$\
c\xa5-7&\x9c\x07\x0a\xa5\xea\x9a\xfa\x0c\x87\x00\xf5\
\x19m\xdb^\xccJ9:_\xb6/\xe7i\xd0\x07\x1d\
\x84G\xd8\x91\xc3v\x8a:\x17<N\x1b\xdf\xfa\x5c\xec\
\xe5\x8d\x9e\xa3b'\xf9\xdc.K\xe0\xef\xd9y.\xad\
\x17\x0e\xe0\xa7\x19H\x96\xfbR\x91\x89A}?c\x19\
\xfd\x80e\x95+V\xc6\xdf\xdd\xac\xbc\xd7t\xd1\xa5\xe8\
\xd4p\x8c\xbb\x81{\x0b^\xeb\xcf.\xef\xd7\xc6f\xc3\
jtn4J\xd4\x95\x96\xb1\x06\xbe\xc6\x82VnE\
\x84\x0e6\x90\xdd\x01\xf1\xa34\x89\x0f\x17*\xe37\xb2\
\xb2VN\xaf\xb6Jv\xdb(-P\xb1R\xfd\x00\xd7\
\xfbt\xb1l\xdf\xf5\xf4\x16x\x8e\x95r;\x1b\xa7\xec\
\x18r@[\x00\xc1\x14\xb8\x83\x10\x0eLY\xa6\xd9\xea\
\xf1\x88\xe9\xa7\x83?\xe6`\xecu,\x83k\x83!\xa5\
-\xd47\xb1\xac2\xec4_gg\xd9\xc27\x97\xaf\
J\xf77_\xdep\x5cn\xfd5\xafl[{\xba\x80\
<%\xc1\xb3h\x89b\xc5\xfe\xbc\xe8\x92\xf9\xf9h]\
\xb7\xd3\xf9J\x7f\xdcz\xd4mL\xa9\xb2\xbbJ\x81:\
\x88\x90\xa0\xd1\xc3\xfb\x81\xe8\x03\xac\xac\xcb\x1d\xacmf\
e=\xc7\xf1\x11\x8e\xb7\xb3\xd2\xae\xe4\x99\x99\x8b9\x16\
\xd8\x09\xecB\xb9zSAV\x93K\xd5'p\xc2\xf9\
5\x11\xde\xc8\xf5\xcee\x85\x1c&4E\x18\x1fv\x1c\
0\xd3\x96\xb94\x930]\xef\x01\x96M,\x7f$\x9d\
\x88\x9f\xcet\x1f\x0b\x8a\x93\x1f\x5cWG\xd8\x91\xf1\x1f\
/\xdd_\x04\xe7\x16cb\xf2q\x96\xf3\x7fr\xe4\x95\
\xfb\xeaM\x22\xfb)\x1d\x8c_,:\xe1\xf4\xdb9\x8a\
\x8e\x9eC\xc7\xe1\xc5c*\x13\xc1\x07\x99\x10\xa5\xa9\x5c\
\xae7'h\xb4\xad9pg_\x04\xee \x19nE\
\x10\xe1\xcb\xa0\xff\x90\xe7ud\x83\xba\xa3Yi\x1f&\
\xa0\x0b8\xa6\xd8\x09\xe2\x00\xf8~\x008\x82\xefRJ\
\xdb\x9fr]\xdd\xe1\x096\x8c\xf3\xd2\x96\xb9\x7f6e\
\xca\xc6\xd3J\xf0\xb9\xfem\xe9\xa4\xf9v\x00\xb4\xd8\xe1\
\x7f\x0d\x9dq\xec\xc1d\x1c\x01,s\x91\xfd\x94\x0e\xe8\
\x02\xd1\x09\x00\x1c\xcdQt$\xba\xe2S}\x81\x10n\
\xca\xb0m\xe9\x83\xd8\x18R\xe0\x0e\x22h\xd1\x81\x8f\x03\
`'nl\x00A\x1fl\xc8yg\x02\x0e\xc9$\xcd\
\xcbu\xe1J[\xf1Jmb\xeb!\x08t\x85.\x98\
]\x06\xe7\xb1\x1aP&\x0c\x9aCq\x90d\xd2\xfc\x09\
\x82\xf3\xf10\x18\xea\x04\x1c\x04\xf0W\xbe\x93\x16\x1d\x84\
\xfdy\x9c\x91\xcdfM\x99\xc2\xd5JZ6;\xfc\xfb\
\x945\xf8\x11\xc1!\xb8\x04\xa7V\x04\xfe\x80\x05\x5c\x1b\
\xcf8'1\xf8\xdb\x80\x91\xd4\xc1\x87\xe2 \x82\x89\x95\
y%\xffG\xbe\xa9\x01\xd3\x10dx\x9c\xd7N>e\
8\xb8\x7f\xc6\x1aLg\x13\xe6\xc3A\x22\x13\xd8\x82C\
p\x09N\xc1\xcdi\x8fs\xdcn\x83\x03\x90M[\xf1\
;\xc3b04\x07\x11\x86\xd2\x96y*\xffw\xfc\xee\
\x89L\xa3\xd7\xf0(\xdf\xc1Wm\x8d\xc5\xf6O'\x06\
/\x90\x0d\x1c\xbc\x02\xf0[^p\x0an\xa1Aha\
x\x91}\xa5\x8bq\x07\x15\x1e\xceZf>(\xe0\x8d\
\xe0\x86\xea B\x00;\xc9\x9e\xfc\x1f\xf8\x9d\x95q\x84\
\x116\xf3\xe0;Q\xdb\xfa\xe7\x7f\xe3\xb5\x8c5\xe7\x9e\
\xbd\xfc\x0fa m\x85Ch\x10Z\x84&\xa1\x8d\xcb\
\xba\x9e-\xe3\xb2\x9d\x1c~\xc3\xb6\xb3\x7f\xd8\x04\x86\xee\
 \xc2\xa00*M\xa5\x9cwc\xe4;\xf4\xb7\xc90\
Ng>\x0e\xe4\xc1\xf7\xba\x91\x91\x91\xe7\xa0\xc3\x0e\xa1\
Ih\x13\x1a\x85V\xa1\xb9\xc3H\xf4B\xce\xf5\xcc\x87\
\xdcX\xbd\xd4\xd1R6\x12\x07\x11\xca\xa7\x9aJ\x94\xef\
\x18j\x1f\xc0\x0a\xfc\x00\xe2\xf3\x0c\xf3\xf3\x00\xf4>\xbe\
C\x1f\x91Y1\x10\xd5\xc2\x1d\x93\xe1-\x08\xadB\xb3\
\xd0\xce5\x99\x07\x10^\xf8\xb4\xd3\x03>\x85@+\xd8\
9\xa4k>Ml\xb8\x7f\x919\x88\xb0\x99\xe6\xc1\xd6\
$\xd2\xdbeN[\xae;1\xf24\xed\xdd\xd2\xda\xf1\
T\xed\xbei\xcb<9m\x0d~\xa5\x13\xe9tC\x93\
\xd0.<\x08/\xc2\x93\xf0\xe6\xa6^\x14e\x90\xd7\xce\
\x0c\xa2\xc3S\xd6\xa0L\xeeDAB\x1dg\xa4\x0e\x22\
\x14\xc8t\x1d\xaf*\x9fH`\x1c\x0f\x08\xbe\x1eK\x11\
x\x9a\xe2\xa3L\xcb\xe5\xbc~sH\xca2\xdf)\xad\
]6kvKK\xd7V\x04\xc2\x8b\xf0$\xbc\x09\x8f\
\xc2+Wz\x94c\xf4\x81m@l!\x950\xdf/\
\xcb\x03Q\x13\x14\xb9\x83\xcc\x08 \xc3\xab\xa2\xe9\x84\xf9\
\x1e\x11\x0e+,TG\xe1;\xa9l\x9c\xfd%B\x1c\
q\xc0yK\xda2\xf7eZ\xceK\xa5\xcc\xef\xcf\xd0\
\xb7\xbd\xfe\x0b\x8f\xc2\xab\xf0\x5cs\x80W\xe9\xe9|\x22\
\x92W\xa6\xc3\xdc\x19\x12D\xe7\xa2{\xa6\xe5=\x19\xb6\
\x05\xe8\x90\xa3c\x1cdF\x1e\x22\x1c\x11\x12\x0bl)\
\xc7\xcb9\x06a\xa4O\xb2S\xdc\x0dD\x17\x88C\xf0\
\x9d\xf4\xef\xd2\x96\xf9\x81L\x22\x9e\xcbZC\xf7\xcf\xd0\
\xf2b\xfb\x1fI\x99\xf7\xa6\xad\xc1\xcb2\xc9\xc1cX\
\x1e\xbb8\x04\xeft\xc8\xf9D]V\x00O\xea\x96G\
\x1d.\xc1\xc5\xec\x90G\x8b\xce3\x1d\xe4\x183\xbcv\
\x9c\x83\xcc\x10\xc6\x02\xbb\x83\xe3y\x1c\x0fq&\xfa\xf6\
@\xc4\xd3\x00\xd0\x06\x00\x99\xb6\x94\xee\xce\x16>o\x18\
\x10e\x10\x8a\xbf\xe3\x99\x1b\x99N\xbe\x8d\x07zW\x18\
\x88g8\x84o\xabm\xad\xfd}\xda2wOY\xe6\
;\xe5\xfb\x1e/f\x87h(\xbcY\x89\xd9\xa4yw\
69\xb4\xba.+\x96\x99\xc8Nd(\xb2\x14\x99r\
\xd1\xdb\xa6d\x8c\xbf\x9b\x929\xa74\x0e\xa2+\xd1\x19\
\xeb\x0e\xaf\xe6\xb2'.\x8a\xc5v\xab\xc3M\x9a\x1f\xcf\
\xc8\xbbC\x8d\xeb\x85\x9b\xda\x00[\xc7:\xc8lZ\xe5\
}\xe3T\x22~]\xda\x8a\x0f\xa6-\xf3@\x8e\xf2r\
\xd1N[\x9f\x8b\xed\xc4\x03\xce\xd7\x10\xc2\x815\xa7v\
\x90A\xb1\x7f~~\x8b\xb3K*a\xee\x90\xb6\xe2\xaf\
\xcaX\xe6\xfei\xcb<6e\x0d~$\x99\x88\x8fe\
\x93\xf1\xef\x8e\x8c\x9c\xf1\xa7\xd9\xb0{\xe7\xee% \xb2\
\x13\x19\x8a,E\xa6i\x96\xed\x94\x8c\xe3\xaf\x12\x99\x8b\
\xecE\x07\xa2\x0b\xd1\x89\xe8Ft\xc4\xe5v\xe2(:\
c\xdd\xc5\xcf\xe4\xb27\xc9\xbe\x05\xee1GW\xb2+\
\x1c\xa4\x99x\xe4]\x0a\x19pf\x12\xe6\xe6\x91\xd4\x19\
\x0f&\x93\xcb\x7f\xb5r\xe5P\xb8}\xe7f\xc4\xbd\x08\
\xd3E\xf6\xa2\x03\xd1\x85\xe8Dt#:\xeafQt\
\xb5\x83t\xb3\xe0{\xb4w\x87\x04z\x0e\xd2\x1dz\xea\
Q\x19\x91\x04z\x0e\x12\x91\xe0{h\xbbC\x02\xba\x1c\
\xa4;\xb8\xedQ\xd9\x93\x80G\x09\xf4\x1c\xc4\xa3\xc0z\
\xc5_\x5c\x12\xe89\xc8\x8bK\xdf=n=J\xa0\xe7\
 \x1e\x05\xd6+\xfe\xe2\x92@\xcfA^\x5c\xfa\xeeq\
\xebQ\x02]\xe0 \x1e9\xea\x15\xefI@\xa3\x04z\
\x0e\xa2Q\x98=P\xdb\x9f\x04z\x0e\xb2\xfd\xe9\xb4\xc7\
\xc1VL$\x00\x00\x00[IDAT\x91F\x09\xf4\
\x1cD\xa30{\xa0\xb6?\x09\xf4\x1cd\xfb\xd3i\x8f\
#\x8d\x12xq;\x88FA\xf6@m\x9f\x12\xe89\
\xc8\xf6\xa9\xd7\x1eW\x9a$\xd0s\x10M\x82\xec\x81\xd9\
>%\xd0s\x90\xedS\xaf=\xae4I\xa0\xe7 \x9a\
\x04\xd9\x03\xb3}J\xa0\xe7 \x01\xe9\xb5\x07v\xfb\x90\
\xc0\xff\x00\x00\x00\xff\xfft\xc1_P\x00\x00\x00\x06I\
DAT\x03\x00d`V\x81<\xaf\x89~\x00\x00\x00\
\x00IEND\xaeB`\x82\
\x00\x00\x0b\xfa\
\x89\
PNG\x0d\x0a\x1a\x0a\x00\x00\x00\x0dIHDR\x00\
\x00\x00\xfb\x00\x00\x00\xc9\x08\x03\x00\x00\x00\xd2\x1e\xb42\
\x00\x00\x00\x8dPLTE%%%\xf5\xf5\xf5\xf8\xf8\
\xf8\x22\x22\x22\x1d\x1d\x1d\xfa\xfa\xfa\x1b\x1b\x1b\x17\x17\x17\
\xfd\xfd\xfd\x1a\x1a\x1a\x00\x00\x00\x15\x15\x15jjj\x12\
\x12\x12(((\xff\xff\xff555000UU\
UFFF\x93\x93\x93\x84\x84\x84@@@aaa\
\xa2\xa2\xa2rrr222\xcc\xcc\xcc\xdc\xdc\xdc\xb6\
\xb6\xb6\xe4\xe4\xe4\x0c\x0c\x0c\x81\x81\x81\xb9\xb9\xb9\x95\x95\
\x95\xc6\xc6\xc6\x8c\x8c\x8c\xde\xde\xdeoooxxx\
\xa5\xa5\xa5\xed\xed\xedWWW\xcb\xcb\xcbMMM;\
;;EEE\x1d;\xc8a\x00\x00\x0b(IDA\
Tx\x9c\xed]\xd9\x9a\xa2\xbc\x16\x15v\x98DT\x1c\
\x00\x07P\x01E-\xed\xf7\x7f\xbc\x93\x89!\x94xu\
\xfe\xb6\x13\xb3.\xba-\xd4\xfaXdg\xcf;5\x1a\
ihhhhhhhhhhhhhhh\
hhhhhh|!\xe0\xd37\xf01@8\xff\
V\xf2\x10\xe6\xd7\xe7\x97\x92\xf7\xab\x22\xd9\x8d?}\x17\
\x1f\x01\x0agid\xac\xbcO\xdf\xc7\x07\x00aa\xac\
l#\x9b\xd8\x9f\xbe\x93\xbf\x0fge\xdc.\xe3\xcc\xdd\
}\x9f\xbeC\xf1\xcd\xca\x96\xe3\x93e\xe5\x87O\xdf\xcb\
_\x06\xa0\x9de\xeeQ\xb0\xb2\x8c\xd9\x03}\xfan\xfe\
.\x82\xf5\xcc\xb0N\x074\x99\x19f\xf1].\x0e\x84\
g\xd3\xb0V>D\x96a\x18\xe5WI\xbdw\xc2\x9c\
\xdd\x18A\xb87\x0ds\xffMRoO2\xd30f\
!\xc0\x94>\x84\xe4{\x8c<cl\xdc\x02\xfc2!\
\xaf\x8c\xed\xd7\xecx;v1_\xab\xc0\xdc\xbd5\xe1\
\x8e\xb5\xde\xa7\xef\xe9o\xe1\x8079&\x9c8\xc4\xcc\
gd\xddo\xf1\x97\xecx\xefB\xa8\x1b\xee\x11\xefr\
x\xd0\xe7`\xa6\xdf\xc1\x1d\xbc\x82r7\xc8Z\xc3\xbc\
 Bo~\x89[\xef\x1co\x849\xb6lD\xc19\
)UvV\xfa\x0d\x0e\x0e\x84'\xc6\xb6\xa0AL\x90\
S\x190n\xdf`\xe3Q\xcc\xc8\xe2\x95&\xf06T\
\x0a\xb0\x8d\xff\x02U\x7f`Bn\x18\xb9O~\x84e\
\xc6v\xbf\x01\xca\x0b=\x8c\x5cF5\xdb0g\xce\xde\
3\xeef\x1e|\xf8\xd6\xfes\x049\xe3n\x9e\x17l\
\x83\x8f\x0b&\x07\xe6n\xaa\xf8\xc2\x03\xd4\xcb\xbc\x0f\x19\
U?\xe7{\xe0vt>|s\xff1\xb8\x81\xc3\xdc\
\x0b\xae\xdbP\xec\xd6\xcaO\xf1\x85\x87Z\xd35\xdb\x1b\
\xe63~%S\xdb\xcc\xa1;\x17y\xc3\xb8\xd4\x8e\x5c\
\xc0%\xc1\xb0\x8eJ\x87\xb2v\xc9\x05\xdc0\xa2Z\xc0\
\x83\xa2\x16\x85\xbd\xca&\x1e\xa65O\xe3\xd6\xf0t\x92\
\xfa\xdaL\xe5t5D\xb5\xc4\x9bm1\xca;\xd6\xb2\
`\xad\x146\xf1\xfe\xba\xa1\x9944k'\x97\x08\xbd\
\xff\xc9\xbb\xfboqh4\x9d\xbbi\xf4\x1a\x0f\xe1\xa9\
\xaf\xa7n\x0a\x03\xa2Z\xa5\x1b\xd6\xbda\xc9Cx\x8a\
DY\xa1\xf7\xcbF\xba\xb3\xa8\xa3\xd6j\x9b\x8f\xe3\xda\
PUm\xe7\x15-\xc9Nf\xd6\xcf\xdbG\xa2\xaa\xd0\
w6\xb6u\xed\x5c\xf7\xaaf+\x98GESWN\
\xcb\xd1\xea\xb6\x1c\xa0\xc5\xb9}&\x8a\xca<j\x9c\x18\
\xe3\xb6\xe9p\xa7\x85)\xbe\xeeg57|G\x9f\x9b\
\xfb{w_\x1f\x8a\x9a\xbb\xe1\xaa\x19\xcf\xc0\xa3\xdd\xd6\
;\xa1\xbf*\xc8[\xeek%\x83x{\xd2\xc41V\
!\xac\xae\xb71\x9aw\xd4\xacN\x05\xedv7\xc4\xa4\
,<\x9b7\x8c\x9b\x92\xeb>\xde5\x92\xddOO\x1d\
n-w%7\xfc\xb8\xb3\xb8\x0b\x91`\xe7\xb1\x18*\
nx\xb4hD\xde\xccz\xb9\xf8\xcev0S\x057\
\xbc\xb3n\xf9\xf5;I\xbd\xaaU\x83?\x0af,\x0f\
i#\xd7\xd6\xb5\xb7\xb6\xe8\xde>\x97\xfdR=\xee\xce\
\xbe5\xe2U/)\x09Q\xd6xv\xd9D9e\x07\
Q\xcb}\xb6\xec\xd1\x83m\x1b\xc2+\xa8\xecP\x9c\xb5\
&\xee\xf7\x96\xbe6\xdc\xadD\xb9uo\x0a2D\xd5\
\xfd*\xb9\xday\xab\xecR\xe5\xc2\x19?\xe9\xa8\xba_\
+[W\xe1\xc9\x93\xf9Qn\x96\xa2)FaUW\
\xfe\xe2\x8e\xee\xe76\x8c\xfd\xa3\x18w\xd8\x9eZm\xb6\
\xf9\x95\x9c\x81\xa8\xe3\xd9-\x14\xdb\xf0\x1drM\xe5\xbd\
\x0b\xd4>\x1aW\xb5\x96\xabN^\xca\xfc\x89~\x0b\xf5\
!i\x96\xddU\xad\x0e\x8f\xe26Wwz\xe1\xb5v\
\xcc\x80\xa5Z\x92\xde\xaeZ\x03~}QyB\x8b\xce\
\xb3Q,\x9a\xb1\x9bJ\xdc\xeb\xde\x12\x98f/\xca\x94\
j\x00\xe5M\x9e\xf2u\xfd\xa1\x0d\xe1\xcdL5\xee\x8d\
\xd3j\x9e_\xfa.A\xeb\xd5\x1a\x8a\xc9|k\xc3\xcc\
\xddKj\xdd\x10^1\xa7\x16\xb5\xa5\xb8~\xf0\xce?\
\xf0\x985\xdc\x15\x8b\xe0Q\xb3\x9d\xad\xd7\xe6\x1b\xc2F\
\xe4\xad\xbbZ\x8e\x1dj\xd4\xb8;\xb0\xaa\xd0>\x1d\xb5\
\xb2\x17\x00\xad\xf9\x1e\xd0d\xad6\xb4\xfai\x1d\xb9\x01\
a[\x8a\x1b\xb0`\xa8i?\xb3\xd4\xca\xdc\xc0\xb3\xd6\
d\xd6P\x0e\xdan\x0aSV\xaeT\xcb\x11,k\xee\
n9@\xac\x0d\xe1\x15s\xe8[\x0bf\x0du\x95@\
\xf4Ss\x7fm\x05e\x05\xba\xd7\xdc\x07\xebm|X\
\xd2P\xae4\xd34\x8a\xf7*\xef]\xf8W\xbe\xee\xa6\
Z\x81\x5c\xa7I~\xd0am[\xeb\x15\xe3^\xf7\x1d\
\xbc\xc9\xbe7\x19\xfcf\xac@\x0d4\xdc\xdfT]\xe0\
yV\x9a\xfb\xdbj[\xb0\xab\xb9\xabe\xe3j\xee\xfb\
7\xc9\xf7\x03\xf7jU]\xf7\xdd\x9b\xb1W\xafR\x93\
;\xd7\xf3oM7,]\x95\xb9\x1b\xebw\xae\xbao\
)i\xe3j\xeeo\xfb\xa4\xc7L\xd1\xab\xc6\x9d\xfb\xb4\
\xb7\xb7\xa98>&\xac\x9aO\xcbb\x19\xf3\xdc\x0b\xde\
E)\xe0\xe34\xaa\xc52[\xca\xbd_r\x81\xa3p\
\xb8\x0b\xef:5\xafc\x85\x92\x956OH\xf5\x82w\
x\xee\x85\xfd_\x17\xa6n\x09(\x93\xb1C\xf7=S\
u3Q\xd5y\x95!l\xed\xa6P\xed\xee\x22ER\
v\xf6b_g\xeb\xc4\xea3\x5c\xdd\x1b\xea\x5c\x81\xb0\
n\xce\xb0v\xfdV,9\x01PS7\xf7\xc2\xf6\x86\
ga\x89F\xaf\x9d\xac0O*\xcc\x87B\xa7$#\
N\xb8\xa3\x85\xd1\x9b\x88s\xd6F\x0d%&g\xd0\xaa\
\xe5\x93\x0b\x82\xec\x1c]\xc3\xfa\x11\x9e\x06\x0b\xe1\xe9\xa6\
\x9fm\xa4\xcfT\xa3\x07w\xd6\x08\xf7\xb5\xa0\xc1H\xdc\
&\xb6\xcf\xc2\x924_fT\xe3\x99gG\xf6\x95?\
\xf0-L\x9e@/x'%w1\xa0\x87\xe9\x8e~\
\x8cmy\xd9\x0f\xf1\x84)sj\xd25^\xe3\x9dX\
\x8a;\xfcN\xe4\xd0f\xeb\x1b\xd0\xb9),\x12r\xeb\
z\xbe\xec\xee\xe6\xe2\xf6\xa7]!\xa2\xa7\xd8\x09\x09<\
\xa2\xec\xcc\xfd\x98'1\xe4>\xb3\x98\x9e\xc9I\xb8?\
6.\x8eQ\x04\xed\x85b\x8b\xe9~\xe1\x1a\xe9A\x1b\
\xaf\xa9\x7f\xc7O\xbc\x92\x15\x0eca\xee\xb6\xe4\xcc\xba\
\x95/\xbe\xc7\x8e,\xdc\x0a\xde\xcd\x0d?\x8d\xf1\x92\xf5\
\x9bK^\x8c\xe6g\x96]Q|3o\x22\x156$\
c\xee\x04_o\x9c\x99V\x1ex\xcc\xb7\x95\xba0W\
O>\x9be\x80\xfd\xdaL\xf4h\x0f'f\xca\x04\x05\
\x88Cx\xf7\xe8\x04\xac\xe9Z\xea\x8e+>\xf0\x88\x0d\
\x99\x13\xfdXg1_\xc5S\xd2b\x81\xce/]w\
b\xa3\x98\xc543\x89\xdb\xc9\x11\x1b\x09\xc0r\x8d\xb6\
'\xb7\x97\x8e\xa9O\xb6\x12\xbakP<\xc3\x17\x00\x98\
#(ukm}D!\xc0(\x9d\xf5\x82\xf7)\xe3\
\xee\x0a\xd1\x0cDf\x867\xc1\x98+;y\xb3W\xb5\
\x85#\x01\x8b\x7f\xed\x05\xef\xf5\xd4\xbb\xd82\x0e\xdb3\
\xa9\xd4\xf22\x85\xc4\x87\xbe@\xc43\x94\x17{\xe4\xaf\
fb\x9e\x12\xe6\x9c\xfbE\xe0>=\x91\xa30x\xa7\
\xa1\x99I;CA6/\xe5\x8e\x15\xbc\xb36\xc55\
\x84'\xe7\xbe\x11\xbc7H\xc89\x96\xe8\xce\x04F\xde\
\xb3?\x9cz\xf5\x02\xd2D\xbe\x13=\xd4\x01\xee\xa8L\
\x80H\x0c\xdb-7i\xdb\xcd\x02\xd6<M\xb3\xb3\xe8\
\xde\x9b\x10jd^\x9c\x9eA\xf1\x06:\xe35C\x9d\
I\xff<x\xad\x81\x9d\xe3\xb0\xedM\x8a\xc0\xf6\xd5~\
\xc7\x9f{\xd2wy\xe8+\xadgw`\x8b\xc7\x15|\
Ok\xb5z\xbe? J\xfe\xf1Jn\xe4d5\xf0\
\xfc\x08R\xf3\xe5\xe9\xf20\xe26\xfc\xa5:c\xa7\xf3\
c\xee\xb2\xea:6\x0ba\xee_\xd7\xdc\xeb\xc1\xe8\x97\
\xe3p\xb0\xdc1\xee\xb2\xda8\xc6}(\xe3\xcaN\xb5\
1\xb3\xc7K\xa9`'\x1cJ\xcc\x9dvJ\xbe\x18\x01\
\xa5`\x9ap\xa8\x0b%H%\x97y\xb6\xdf/\xaf\xe7\
\x1c\xfd\x15]\xd9\xe2u\xac\xc6R\xf5V*\xeb\x8c$\
\xd5\xf3\xe6~`\xbe\xd5\xbe0\xa9~]\x92G\xf4\x14\
$\xf3*\xab\x9e\xa7\x11\xc9`\xd6\x8d\x1d|2X\x7f\
\xf1\xa8\xa2\x97\xf6\x80n\xbf$\xdc\x87\x96\x8e\x9dHn\
\xae\x06\xde\xa6\x1b\xe6&\xed\x18\x81\xb7q\xdf\xdd\xfe\x98\
\xac\xec\xa0\xc7N\x9b0n\x1bY\xfdy\xb4\x98a\x1b\
68\xceN\xd4A\xef4\xb7\xee\x97\x1f\xe4\xcb\xd2\x8e\
L\xc1\xd34\xcc\xf3\xe0\xdf\x13\xf0W\xaea\x0e\xfe\xe9\
<2!k\x9e\xa5\xcd\xd0\x93\xf2\xda\x9b\xc6!R\x9c\
x\xd3S\x05\xa9%\xf5Xpj\xb9\xc3\xd9\x07\xf8\x83\
\xbd\xda\xe1\x00\x1d\xad-\x99\x13\xf4\xa8t\xad\xe1\xbb\xa7\
-&\xc3Yh\x14g3\x89\x8f\x7f@\x93[\xf1F\
j\x9d\xd2z#\xd4\xf0,fH\xd6\xedN\x0frz\
g\xa0\xd1#{\x97\x93\x0a\xd2~+\xa2T\x98\xe6\x8b\
w+7\xbd\xbe8\xf6\xa3\x81w\xcce\xf5l(\xc2\
\xe9\xbbwa\xfe\xf6\xcb\xd3\xf0\xffz/\xff\x18\xe4\xdd\
\xce\x1a\x1a\x1a\x1a\x1a\x1a\x1a\x1a\x1a\x1a\x1a\x1a\x1a\xaa\x00\
\x10\x860\x09\xe3y\xbdv\x1b\xe4\xd9\xbf\x22Xh\xbe\
\xcb\xbe\xcd_\xf6~\xd7\xbf\x0d\x88&\x93I<o\x06\
^l/>\x1e'AK\x16\xf9\xcfj}\x5c\xf8\xf4\
yLy~\x03\x01i\xb5\x81\xe5\x84\xe2\x0f\x8c`~\
\xc1/\x161\xfeG\x9e<\xfd\xe1\xb4.\xcb\xf2Z\xf2\
\x910\xa8\xd2\xbc\xaa\xf2\xf4X\x97\x5c\xe1\x9e$\xebM\
\x95_/\xf8\x07T\xb1?\x22\x85\x1eE\x84\xf9.\xd2\
UI\xb0\xc0\xaf\x9f\xf8\xff\xd5O^\x96\xebw\xb9\xad\
\x7f\x0b\xcej\xec8\xfe6a\xad\xc0\x87U\xfa\xf0m\
;x\x5cs\xc6\xc0\x8b\xd3\x0a9\xc8s\xee\xeb\x10s\
\xdeT\x84;Z\xa4$#\x0d\xf7\xe3\xc8\xc1\xf0\xa8\xcc\
{\x8e?]?}\xf6\x93\x1cph\x92\x11\xa6\xf4\xaf\
\x85y\x974\xa4\xb2\x8d\xc2\x94\x96\x16\xe1Y<X\x12\
\x92nct!\xdc\xd1\xbc\xa0\x0dW\xb0X\x8b\xc3\x93\
\xf3\x5c\xae#\x1c\x19\xf7\xd1\x81\xdc6\xcc\xd3-Ws\
(<\x11\x1a^r\xeff\xa6)w\xb4,\x16T\xf2\
\x7fs_\xc9\xc8\x1d\xaf\xfb\x94\xd4'\xca\xe6z\x90W\
\x08\xb3K\x84\x0f\x13\xee\xe8\x91\xc6L\x14`\x81\xb5\x02\
\x01\x7fW>\xee\xe5\xd8s\x82\xe9\x95\x14&Pui\
\xd5\xfbe\xe5\x08\x0f\x83]\xac\x82?\xbbz\x02\x14\x16\
\xe5#\xc2\xa8\xb3\xd7\xd2q?\xa4X\xcf\xe7iE\x8c\
\x17\xaa\xe2\x96{L\xb9\x1f\x85\x0fc]7-\xca\xc6\
&<\xd2$\xc7\xa8\x1f\x98t\xdc\x83\xeb\xe4r)\xd3\
\x8a\xbcF\x9bMs\xefvUb\xeeq.|\x18M\
\xd6\xa7\xc58)Y\xd1\x12\xcb<\xf8\x18\xb5'$\x1d\
w\xa7< \x14l\x93\x0b\x1a\x09T\x0fI\x8c\xf7\xfb\
\xf3*\xb4V\xa1\xcd.\xc6^\xcf\xf5B[\xa6\x15\xd1\
uh\x99\xf8t\x12\x22\xe2\x8bh/OD\xc1{\xc7\
\xbc>\xcc\x83\xda\xb8\x0d\x19\x8fFQ\xfaxm\xe3\xa4\
\xe4\x0e[:\xc9\x8c\x1e\xbb'\xf1f\xc1\x8e~X\xfb\
\xcc\x01{|\x08\xabr4\x8a\xa6\xb5}\x1f\xd9\xf1\x95\
\xd4\xe21\xf7Pj\xee~\xc2\xe4\xf7Jo;\xa8N\
\x9b\xad\xefL7\xa75\x13\x00\x98&y\x1c\x85\xf3E\
\x99\x87\xd4\xa7\xa5\xe6\xde^\x93\x89\x09t/\x9f!\x01\
w\xf2a\x9e\xbcl\xb8\xfdg\xe1\xb1!\x7f\xbc\xa2\xcc\
\xa1\x8b\x93\x04\xeb\xfddR[m\x08'\xe5\x0a\xe3\xf8\
 ?\xc4\xac\x83\x1e\xa6\xd4\x15Z&\xd4\x9f_\xdd\xf9\
g\xb7Gy|y\x8az\xd1x\x11\x19\x85O\x8c\xb0\
\x8db\x01\x85\xf3\xf9<d\xcf\xa2\x8e\xe3\x80\xbd\xd8\xce\
)\xc2\xde\xef\x92\x17]W\xad\xb9\xf2\xe6\xa3\x83\x8di\
\x1a\x1a\x1a\x1a\x1a\x1a\x1a\x1a\x1a\x1a\x1a\x1a\x1a\x1a\x1a\x1a\
\x1a\x1aJ\xe3\x7f\x7fL\xb5\xf16\xf6j\xa3\x00\x00\x00\
\x00IEND\xaeB`\x82\
\x00\x00!\x88\
\x89\
PNG\x0d\x0a\x1a\x0a\x00\x00\x00\x0dIHDR\x00\
\x00\x00\xc8\x00\x00\x00\xc8\x08\x06\x00\x00\x00\xadX\xae\x9e\
\x00\x00\x10\x00IDATx\x01\xec\x9d\x09\xbc-G\
Q\xc6\x0f\x22*\x10\x111\x80\x02\x0a\xb2\x18!*\xa0\
\x80\x91-\x22\x22\xa0\x22\x12\x10\x90\x04\x09KL\x0c\x88\
@\x00\x91%\x02\xc1 \x22\x12\x81\x84@\xd8\xc2\x12L\
\x80\x00\xae\x98\x80,\x915B\x14d\x15\xc5 \x91\xa0\
\x88\x08B0\xc8\xf2\xfd\xef\xbb\xf3\xde\xbcsg\xce\xf4\
LWu\xf7\xcc\xed\xfb\xeb\xba=\xd3\xd3]]]s\
jz\xab\xaa\xfe\x96U\xfd\xab\x1c\xa8\x1c\xe8\xe5@\x15\
\x90^\xd6\xd4\x07\x95\x03\xabU\x15\x90\xfa+\xa8\x1c\xd8\
\xc0\x81* \x1b\x98S\x1fU\x0eT\x01\xa9\xbf\x81\xca\
\x81\x0d\x1cp\x14\x90\x0d\xb5\xd6G\x95\x033\xe1@\x15\
\x90\x99\xbc\xa8Jf\x1e\x0eT\x01\xc9\xc3\xf7Z\xebL\
8P\x05d&/\xaa\x92\x99\x87\x03U@\xf2\xf0\xbd\
\xd6:\x13\x0e\xccS@f\xc2\xdcJ\xe6\xfc9P\x05\
d\xfe\xef\xb0\xb6\xc0\x91\x03U@\x1c\x99[Q\xcf\x9f\
\x03U@\xe6\xff\x0ek\x0b\x1c9P\x05\xc4\x91\xb9\x15\
\xf5\xfc9P\x05d\xed\x1d\xd6\xdb\xca\x816\x07\xaa\x80\
\xb4\xb9Q\xaf+\x07\xd68P\x05d\x8d!\xf5\xb6r\
\xa0\xcd\x81* mn\xd4\xeb\xca\x815\x0eT\x01Y\
cH\xbd\xad\x1chs\xa0\x0aH\x9b\x1b\xbe\xd7\x15\xfb\
\x0c9P\x05d\x86/\xad\x92\x9c\x8e\x03U@\xd2\xf1\
\xba\xd64C\x0eT\x01\x99\xe1K\xab$\xa7\xe3@\x15\
\x90t\xbc\xae5\xcd\x90\x03K\x12\x90o\x15\xffo.\
8Zp\x82\xe0\xe9\x82g\x0bN\x13\xbcTp\x96\xe0\
O\x05\x7f-\xf8K\x01\xcf\x1e\xa6\xf8\x17\x057\x14\x5c\
N0\xd3`F\xf6\xf7\x09\xd3\xad\x05G\x0a\xe0\xe1\x19\
\x8a\xdf#\xf8/\xc1W\x05\xff+\xf8\xac\xe0\x22\xc1?\
\x0b>$x\x9f\xe0\x9d\x827\x0b\xfe@pO\xc1A\
\x82E\x84\xb9\x0a\xc8\x01\xe2>/\xf2!\x8a\x11\x80\xf3\
\x15_\x22\xe0e\x9e\xaa\xf8\xf1\x82G\x0ax\xfe \xc5\
\xf7\x15\xfc\x8a\xe0.\x82\x9f\x13\xdcY\xc0\xb3g*\xfe\
3\x01/\xfaR\xc5\x17\x0a\xde$x\xbe\x00\xe1\xf9q\
\xc5K\x0d\xd7R\xc3\xe0\xcb\x8b\x15\xff\x83\x80\x1f\xff\xbf\
+>O@\x1a<\xfcU]\xf3\xd1\xb9\x8ab>@\
WT\xfc=\x82k\x08\xae+\xe0\xc3rS\xc5\x87\x08\
~Z\xf0(\xc1\x99\x82\x8f\x08\xfeS\xc0\x87\xe8i\x8a\
\x8f\x10\x5c[0\xbb07\x01\xb9\x8d8\xcc\x97\x9f\xaf\
\x17/\x92k\x04\xe0fJ\xe7\x05*\x8a\x0a?\xa0\xd2\
?#8J\x80\xf0\xbcW\xf1\x17\x05\x7f!\xf8m\x01\
\xcf\xbeS\xf1\x1c\xc3UE\xf4\xbd\x04\xa7\x08> \xf8\
7\x01=+\xbd\xc5\x8f\xe9\x9a\x1f\xbf\x22\xb3p\xa00\
\xf1!z\xb4\xe2\x97\x09\xfeQ\xf0B\xc1\x1d\x05\xb3\x09\
s\x10\x90+\x89\x9b\x08\xc19\x8a\xdf&\xe0\xcb\x7f5\
\xc5\xa9\x02\xbd\xd5\xcf\xab\xb2\xdf\x17\xd0\xbb0\xdc \xe6\
\xfe\x1eJ+Y`\xf81>E4\xbeUp\xb1\xe0\
O\x04\xbf!\xf8\x11A\xea\x00\x1f\x1f\xa0J\xdf \xf8\
[\xc1C\x05\xdf+(:\x94, ?*\xce1\x8f\
\xe0\xcb\xc30\xea\x0e\xba/!0W\xa1'\xa1Gy\
\x95\x08\xfa\xb0\xe09\x82\xdb\x0bJ\x08\xb7\x15\x11\xcc\x05\
\x186\xf2c|\x9c\xeeI+\xe9]\xdfJ4\xfd\xb1\
\x80\x9e\xecd\xc5\xd7\x14\x14\x19JbZ\x9bA\xbf\xac\
\x1b\xc6\xaf\xcc#\xbe_\xd7%\x07^\xee\x83E\xe0\x1b\
\x05\xef\x16\xfc\x8e\xe0\x87\x05)\x03C\xcc'\xaaB\xe6\
b\xf4\x16\xcc\x05\x98\x1f()2\xf8\x16g\x18v\xac\
\xaa\x80wwS\x5c\x5c(Q@\x8e\x13\x97^+`\
\x12\xa9hV\xe1\x16\xa2\xf6D\x01\xbd\xca\xd9\x8a\x7fM\
\xe05\x04C\x00\x10\x04\x04\x02\xc1\xf8]\xd5\x85\xa0(\
\x9a]\xe0\x83\x02\xbf\xe0]Q\xc4\x97$ \xd0\xc2d\
\xf8\x0f\x8b\xe2\xd0tb\xf8\x22\x9e\xae\xe2\x08\x0bC0\
\x84G\xb7\xd1\x81\xf9\x10\xcb\xd5\x0c\xa1\x18J1|\x8a\
FZ\x08\x02z_z\x93B\xc8)\xe7\xf8\x03\x96\x12\
\xbf&\xae\xf0\xf2\x15-*4C0\x86_\xac\x1a\xb1\
\x1c:\xa5\x81\xcc\xc1^\xa3\x82|DX\xae\xd6\xe5\x22\
\x03s\xb9/\x94\xd22\xbe\xda\xb9i\xf9v\x11\xc0\xfe\
\x85\xa2\xc5\x07\xf6\x1d\xd8P\xe3\x87\x1e*(\xe4#?\
\xabx\x87-\x9eC{\x1a\xc8\xb0\x94e\xfc=w\x19\
\xff\x97  \xec5ddA\x96\xaa\xf9\xa1#(\x7f\
\xa5\xda\x11\x00E;\x02+=lb\x92\x8f\xfc;2\
\xcc=a\x80~6\x82\x1f1\x90\xc7\xfdqn\x01y\
\xaeZx\xb0`\xb7\x86;\xa9\xe1\x08\x00\xd0\x08\x0a\x9b\
\xa1\xa8\xc3\xb0W\x80\x1a\x8c\xb2\xec\xda\xf0\x0c\xb5<\xeb\
\xb0;\xa7\x80\x1c\xae\xc6\x1f#\xa8a\xb5B8\x10\x12\
\x80\xcdP\xd4aV\xf5o\x8b\x03\xacn\xb1b\xb7u\
\x93\xfa_.\x01A\xa5\xe3I\xa9\x1b;\x83\xfa\x10\x94\
\x19\x90\x99\x94D\xe6\xa8\xac\x02~G\xd2Z\xb7+\xcb\
% \x8fQ\xfd\xd7\x13\xd4P9\x10\xc2\x014\x17~\
+$\xa3u\x9e\x1c\x02\xc2\x06 Z\xa2\xd6m\xa9\xf8\
\x96\xcd\x811\xbf\x193N\xe4\x10\x10\x1aze\xb3\x16\
t#\xc2f\xe1\xedz\xf4\x22\x01C\xb96\x9c\xa4\xb4\
\xd7\x09\xfe^\xf0yA\x0d\xdd\x1c\xc0\xce\x03^\xa1\xdc\
\x88V.\xf3\x80\xcb+\xebe\xd6\x80]\xf0\xbb*\x0d\
\xdd4\xf8\xea\xc5\xd3\x1b\xab\x0e\xb4\x91\x15\xa5\x0b\xb9\x04\
\xc4\xba\x85\xd81`\xc3\xc0\xcb\xbc\xbe\x90\xa3\xda\xcd2\
\xe1\x03u\x8d\x8eR\x1b\x1e\xae4v\xb9\xb1c\xf8n\
]\xd3\xa3\xb1\x8c\xfaT]\xa3\xa5\x8bz\xbb.wU\
\xa0\xcd\x7f\xa3\x16c\xbb\xf1\x0b\x8a\xd9\x87\xf8\x09\xc5\xf0\
\x0a\xfb\x1a\x94\x1e\xb1\xf1\xf8\x8a\xd2\xd6\xc3G\x95\xc0\xce\
>\xbb\xfa\xf0\xf5\xea\xbaG`\xf8@\xe9\xd24\xf0q\
5E8\x84,\xb5\x80`\xb4\xc4\x0fs\x88\xae\xd0\xe7\
\x08\x06\xbd\x03:H\xa8R\xf32\xb1\x15\x09-O>\
\xac\xe3\xd0\xfdz\xacn~V\x80z=\xf8\xb0L\xc4\
pj\x89\xfb4\x18G\xbdZme.\xc8\xce5F\
P\xc4\xdc\xa3$\xcas=\x9e\x140<C`\xf8@\
\xd1\xab|y\x12\x96\xeeB\x08\xdeOv?\xf2IM\
- \x96_\x80\xb7\x88%\xe8!\xd1;|Z\xd7\x96\
\x01\xa1@8\x10\x12\x84\x85\xe1\x05zB\xa8\x8bX\xd6\
\x93\x1a\x17K\xc8XJ\xdeH\x15\xf3\xb1\xa2\xc7\xa0\xe7\
\xc0\x9cVI\xe6\x81^\x85\x096\xfc\xb4Bn\xf9\x1b\
\x1a\xa4)\xa5\x80\xa0oE\x17<HT@\x06\x84\xe3\
v\xca7\xb6\xb7P\x91I\x81\xe1\x05\x06R\x98\x96\xf2\
\xa5}\x96\xb0|R0\x87\x00\x8f\x98K\x1c*b\x01\
\xec0\xb0&\xd4m\x92\xc0G\x85\x8f\x0c4XT\x88\
\x80`|e\x81k\x10\xc7N\x01\x19,29\x83\x95\
}\xf7\x07E\x01\xc2\xa1(K\xe0\x8b\xcb\x92#\x93F\
\xd4\xd91\x9a\xf2\xfa\x02Om s\x05\xe8\xba\x9f\x10\
\xdcD\xc0\x5c\x82\xdeC\x97\xd9\x024\xb00\x12K\x00\
\xd6\xa4\xb4)\x16OP\xf9\x94\x02\x82\x85`\x10Q\x1b\
2!\x1c\x18Sm\xc8\x92\xec\x11\xab5\xd8Z\xe3\xc5\
\x03\xe1g\x0e\xf3\x8ed\xb5wWD\xfd\xd0Ao\x0d\
]h\x0f\xc7\xcc'\xbak\x99\x9e\x8a\xcd\xca\xf4\xd2\xfb\
J.R@,\x1a\xc5\xd0\xe6\xe3\xfb\xf8T\xcc\x15f\
\xc1\xf4(\xb7\xccL\x11\xf5co\x0e=\x99I\xe9\xac\
\x9e\xc9;\x0a\x98\x9d\x0fG$\xc2\xeb\x11\xd9\xa7gM\
\xd5\x83|\x9bHd\x1c\xaahr`\xa2\xc7\xc4y2\
\x02\xa7\x82\xb8\xbf\xc1x)\xf9\x1a}O{\xee\xa3t\
\xe8\xb9\x8e\xe2\x12\x83\xc5;\xb4\xf8\xd8\x06\xf1&\x95\x80\
0\xbcB\xa7&\x88\xa8\x9eLl\xfa\xf5<\xca\x96\x8c\
P`1\xc8*W6\x22:*\x86\x9eO(\xbdD\
\xc3\xaa?\x17]L\xdc\x15M\x0e\x08\x88\x85\x9b\xa7A\
\x02R\x09\x08\x0dZ\x0dR\xb39\x03\x93\xce\xcd9\xd2\
>eU\x0b7:\xf4\x8eik\x0e\xaf\x8d!\xcd\xf1\
\xe1\xd9\x93\xe5d\xe31\xa62\x84\xc3r?\xad\x97\x96\
T\x02\xc2\xa4\xb1\x97\x88\x80\x07\x08\x07\x9e\xfa\x02\xb2\xba\
g\xa1'\x84\x1e6\xc1\xdc+3\xa8\x80\x8dT6B\
1\xfd5@g\x82\xe2y\x06XX\x181@\xb3\x19\
E*\x01\xa1\xcb\xdfL\xc9\xe6\xa7\x7f\xb7\xf9q\xb2\xa7\
L\x82Y)\xc2a\x5c\xb2J\x0d*b\xe5\x0f\xba1\
\xd02@\x17\x8d\x82\x8d\xdd\xff\x89\xc4\x82\x1f\xe1H\x14\
\xc3\xc5S\x09H\xac.?\xca\x87\xc3\xad\xf1\xcd\x81=\
9j\x18I\xbe\x5c\x0eM\xc1\x06\x07\x13_\x5c\x059\
\xa0\x1f\x8d\x12\x0f\x95\xa3\x0b\xa5.P\x05$\x8c\xe3\xa8\
\xb3\xb0\xa7\xf0]a\xd9\x8b\xce\x85\xfa\x07m\xb9lf\
*K\xf8\xe8\x0d\xb2 \x95\x800n\x1f$fC\x86\
!70\x1b\x8aF?\xc2\xb7\xad\xd5\x06\xd7\x101\xcc\
\x17\x86\xf2X<\xa77d\x02\x7f\x05\x0bd\x13qX\
*1N$a\xb8X*\x01\x89\x1db\x0d\xb7\xc4'\
\x07\xca|\xf8\xb6\xf5\xc1\xbe\x0f+\xbb\xf28\x9a\xa6\xa7\
\xc2\xbe\xe2\x82}\x8f\xdc\xaep\x86\x80s\x08T\xfe\xdd\
*\x99;\xe2* \xfdo\x10\x8f\x1a\xb8\xee\xef\xcfa\
\xf3\x84\x1f)\xfe\x87\xf1{\x05F\xec+\x98\xe7\xa4X\
%C%\x1d\xc5\xcf\xe2\xbd\xac\xc3\x98\x1cP\x05\xa4\x9b\
\xeb\x9c;\x92\xc2'\xd3\x93U=+K]\xfaR\xcc\
\x15p\xe2\xe0ax\xa4j\xf7\x06\xce\x06\xe1\x84\xa8Y\
\x1ep\xb3\xb7\x15N\x17\xa9\x04$v\x0e\xe2m\xa2\xdb\
f/'$q\x06I;\xcd\xfa\xfa\xfdB\x88\xcf\xab\
\xa1\xb9\x0d\x8e\xa91\xe2\xfa#\xe5\xf7\x0c\xa8\xa5`b\
{\x03\xcfJ\xd6p'SY_\xabw\xd4m*\x01\
\x89\x9d\x83\xf0\x02G5lbfT\xd9\xd1\x82m\x15\
7\xbfD\x03\x18\xbfW\xf8\xd8\x0dA\x8e\xea:\x1e\xef\
Q\xad\xffLH\x81\x89y8f\x0dmi\x94\x1d'\
\xa2\x18U,\xe5Go\x14a\xed\xcc\xa9\x04\x04\xa3\x9d\
v\xbdc\xafSt\xffh\xc0z\xdb\x99\xb0\x071\xf5\
\x87\xde\x08V3W\x19\xcb\xc3\x90\xfc\x1c\x0e\xc4\xa16\
\xd8\xa3\x87\xe4\x8f\xc9\x13+ I\x8c\xbeR\x09H\xac\
\x8a\xbaw\x0f\xc2\x97\xd9\xd3\x05*C*V\xa9b\x8f\
v\xb0\xc23\xf4\xc3Fs\x01\xad\x81\xa1|1\xcfc\
\x05\xe4S1\x95\x87\x96M% \xb1=\x086\xd4\xa1\
m\x1a\x9b\xef\x1b*\x80\x95\x9a\x22\x97\xe0\xf1\xe5\x8f\xe9\
\x89B\x1b\xc9\xe2\x00~\x82C\xf3\x8f\xc9\x87=\x07\x0a\
\x87c\xca\xac\xe7\xad=H\x8b#?\xa4k\x8f\xf5\xfa\
X} \x91\xb51\xe0\xe8a\xea\x90j#b=l\
\x04\x8f#\x9cu\xeb\x120\xd3e_\xc6\x1a9\xce6\
bq\xd6\x1ed\x8d\x83\xec\x0d\xac%E\xdd\xf2\x05\xc2\
\xc5O\x14\x92\x0d\x85q.\x80J|\x7f\x96\xf8'\x0c\
\xb9p\x84\xe1y\xbe\x0a\xf6.\xd6C\xdcX\x01A\xb3\
\x02\x88\xe7\xe0\x00\x86TC\xac\xd89\x08\xcd\x88\xb5H\
\x04G\x03L\xc8q\x18\xd7\xdc[\xc6\x9c\x94\xc5\xf8\x1d\
[\x11K\xbc}\xb80\x8c\xc2W\x14_\xfb\xbe<\xb1\
\xe9\xd4a\xc9\xafX\xf3\x07>n\xb1m\x0a*\x9fJ\
@b\xe7 4&\x96\xa9\xe0\x00P\xfb\xf6\x9a\x90\xe3\
\xc8\x8e]q6\xde\xa8+%\xe0\xd2\xe7\x5c\xc7\x0aY\
\x02\xc6kbl\x15\x0c\xd9bW%\x93\x0c\xafhh\
*\x01\xf9?U\x16\xdb(\x8b\x1e\x04K\xb6\x9f\x12-\
\x1e\x01\xfd)\x8c\x92\xb0u\xf0\xc0\x1f\x82\x93\xfd\x95\x97\
\x87d\x9c\x90\x87\xe1(\x87\xfa\xe0\x85qB\xf1\xbdE\
,&\xfe\xb1\xbf\xa5\xbd\xc4\x0c]\xa4\x12\x10\xe8\x88\x1d\
f\xf1\xd5\xc1\xef.\xb8\xa6\xc0Y*\xc4R\xab\x22\xf3\
\xc0\xc9\xac\xd6s\xa4\xa9D\xa2\xa9\xeb\xa5\x15\x0c\xff\xf1\
J\x82\xb0L\xa5\xcfb$\xb0H\x01\xb1\x18#O\xfd\
\x11\xbe@o\x13W\x9b\x8a\xcc\xc3\xeb\x85\x91\x13h\x15\
\x15\x13\x9e(J\xbc\x14-\xe9\x81_)\xfcxzW\
4:X\x08\x08\x1a\x0f\xa3+\x9eR e\x0fb!\
 S\x0c\xf5\xd1c\xc2\xcb\xfb\x14\xfe\x0c\x959C\x19\
0gUT\x5cx\xba(z\xb0\xc0#\xa0*\x8f\x90\
\xb0\xf3>\x06?\xa3\x80X\x07\x1e\x97\xa8B\x8b\xdf\x92\
\xd0\x0c\x87\x94\x02b\xb1\x149\xb6\x07A\x19\x10\x97\x97\
\xc3\x9c\x18\x9f\x83^\x89s\x16\xc7\x97LW\xe2\x14U\
u\xa4\xc0#\xe0i\x1d!\x19\x83;vy\x97\xba\xce\
\xe3_*H) \x9cA\x11\xbb\xba\xc3$\x14\xf5\xec\
\x10\xfe\xdc[\x990@Rd\x1ep\x00}\x949V\
\x1f\x84\xa7\x0b\xad\xd7\xf0\xf2\xee\xc2\x8d\x10*\x0a\x0a\x16\
\xbd-\xf6+A\x95YdJ) \xd0k\xd15\x86\
0\x99n|\xcc\x8b\x83\xb6P8Q\x199B@\xd1\
l\x02g\x810,\xf2 \x98C\x8b8Wd\x087\
\xaa\xf4\x16\x8e\xec8\x09x\xa8.\xb3\xe7\xa9\x05\x04%\
\xb8X\xe2\x87\x04\x84\xc9#\xa7\xa2z\xa8\xa6 \x1c)\
Lpcy\xd4U\x1e\x8f&\x9c\xd5\xd1\xf5lLZ\
W^N\xe7\xc2\xe5i\xd7\xb3&\x8d!\xd9\xd89K\
S\xb6\x899\xec\xe8]\xcdM\x8a8\xb5\x80\x9co\xd0\
(&\xea\x9c\x99\xd7\x87\x8a\xe1\xcf\xad\xfa\x1eF\xa4\x83\
w\xae\xc2\xd14\x9b\xaf\xaf\xc5W\xbc\xc1\xd7\x8e\xe9\xb1\
7\xa9\xc9\xffR;\xf3\xc4\xeb\xa4\xf3\x0fhL- \
\x17\xaaR\x8b3\x22\xfa\x98\xcd\x84\xdccn\xf0B\xd1\
=\xb7a\x95H\xee\x0c\xf8\xc6EO\xac\xf3aD\x22\
.\x918'\xb2\xcb\x15+\x1f,\x8b\x0d\xc2\xc5\x0b\x08\
\xfc\xb7\xe8E\x18f\xad\xab=\xd0\xab\xb0\xa4K\x1d\x96\
\x80N\xd5\x83,\x11\x16\x80\xcb\xabM8)?\xbb\xa3\
}}\x1f\xb4\x8e\xac\x1b\x93\xd8\xc9\xdf\x98\xc1\xfaa\xea\
\x1e\x04\xfa-V!\xf0\xc2\xd1\x1e*\xfc\xa0\x10\x87\x9a\
\xb0*kp`\xd7\xd8\xe3k\x1bL\x80cFzE\
N\xca\xb2\xae\x82Srqz\xd1\xe0\xc5A\x1di\xcd\
\xfd\xd4\x98\x05\x1e\xb4\x97\xa7\x96\x9fT.\x87\x80\xd0\xc5\
_<\x89\xda\xfd\x0b\xb5\x05\x84\x1f2\xe7w\xef\x9f#\
\xee\x8e\xf1\xba\xd5\x97/\x8e\x12\xbf\xd2\x1cH\xe41\xaf\
\xc2\xe9\xc5\xafo\x93\xcd{\x0aT\x0e\xdd.\xd1\x1du\
\xf5L\xdd9\x0dSs\x08\x08z\xfc\x08Il3\xf8\
\xf12)D\xc7\xca\xe2\x05\xb4\xe9A\x9d\xdak\xc5\xa7\
]O\x09\xd7\xac\xccy\xd8\xad\xe0\xc1\x1d\xb5\x14\xbc\xb7\
\xc4\xb6\x13\xb7H\xbbF@`\x96\x85\x80\x80\x07\xe6[\
o\x82ae\x88\xa3g\xf0{\x03\x1e\xca\xd9\x9f`C\
\x93\x1e\xeb5\xaa\xf04\x01\x1e\x1d\x8fU\x8c\xcb\x1fN\
\xb0\xd2\xa5k\xc0\xf2\xf1\xb9\x0e5\xb0\xb4l1\xbc\x82\
/|\xb4\x1cH\xdc\x8c2G\x0f\x02E\x08\x88\x85\x8d\
\x08?,\xf0Y\x82\x85:\xc4&zp\x81\xc4\x9e\x01\
/\x1d\xfb\x11\xe6N\xa8\xc4\xe0$\xee0\x15dA\x00\
E\xc3\x93u\x8d}\x07|b\xff\xa8\x19\xb2(\xd9%\
 \x90cUG\x86\x08ae\x8b\xf9\xe2P\xbe\xa1\xe7\
Yz\x0f\x88\xca% X\xdd!$\xd0P\x12`?\
\xee9\x11\xc4[#\xe7\x07\xbeB\x8dF\x18\x14\x05\x05\
\x86\x92\x0cY\x10\x94\xfb\x07\x95\x98\x96\x09\xbd-\x8ex\
\x98V\xda\xa7\x14n\x88p\xb4\xed\x83}\x00k.\x01\
\x81\xac\xd2\x04\xe4\xa1\x22\x0aG\x08\x8a\xcc\x03\xbd\x12>\
x\xf1\xf7\xcb\x8a\xdb\xd4\x0a\x10\x14\xcej\xb4\xfe\xd27\
\xf4\x5c\xaa\x0b\x84\x04\x8f&\xba,\x22\xd8\xf4\x1e\x13\x9b\
\x92S@02\xf2\xfcZ\x8fa\xc9\x13\x94\xb9\xbd4\
\xa9[\xb3\xc0\x1c\x09\x17\xa2(ZZ!E\x11\xd3\xeb\
\x00\x1a\x8e\xbaCH\xb0\xdb\xb7\xa27\x06\x0fC\xd1\x98\
\xf2Qes\x0a\x08\x84\x97\xd0\x8b\xb0\x1f\xc0\x19 \xd0\
c\x0d\x08\x07\xabl\xd6x\xc1\x87\xabP\xaf\x1f1\xd6\
\x9f)\xbc\xcb\xd3\x8eM\xc0\xd0\x8a!\xd6\xa6<\xae\xcf\
v\xbb\x80\xa0\xba\xe0\xb1Y\xc6Kc\x99\xd8K8\xc0\
\x0f\xb0\xbc\xedU\x07s\x11\x8fE\x10\xe8\x0e\x85\xac\xc3\
+\x88\xcc- \xd8\x87\xb0\xc9\x07-\xa9\x01w\xa3\x08\
\xc7\x97\x1c*F\xa3\xd8\xabWZ'\x97^\x8a\xb9\xcd\
z\xba\xc5=\xb6\xed\x08\x8a\x05\xae\xb18p\x82\xc1Q\
qc\xcb\x99\xe6\xcf- 4\xe6\xf9\xfc\xcb\x00(\x1f\
\xf2\x12<\xaa\xfe=!e\x93LQ\x92\xc0\xea\x98\xe5\
\x1c\xa7M4|\xcaq\x9e \x16\x9b\xb8\x85m\xd3\x92\
\xfc:D@\xbc\x89b\x1e\x92\xba\x17a\xdf\x01\x85=\
\x8f\xb6]OH\x8f\x11\xa4\x0e\x1e*#\xb4\xe1\x9f\xf4\
\xef\xb1\x82\x94\x819\x10s\xc3\x94uv\xd6U\x82\x80\
@\xd8\xa9\xfcK\x04\xecAp\xb2\x93Wu\xac01\
\xc4\xf2\xc2\xdf\x87\x97\xa5d4\x9a\xfb\x9e\xc7\xa4\xb3\xbb\
\x0f\xc4\xe0\x18S\x96MR|\xa9\x8d)\xe3\x92\xb7\x14\
\x01a\x9c\x9b\xa2\x17\xe1\xcb\x84Z\x85\x0b3\xb7\x91\x22\
 \xdb\x97\xc9#/\x01\xa1!\xec\xe4{:\xca\xa6\x0e\
\xe0\xbf\xf5\x8f\xe1\x95\xa2\xfc_E\xd8\x91\x00\x00\x10\x00\
IDAT\xa1\x14\x01\x81\x13\x9c\xc9G\xec\x09\x0cC\
<uz0\x0cJuBS\x17\x9f<\x05\x84\xfaP\
\x91!\xf6\x04~\x07('z\xd6\x11\x8c\xbb$\x01\xc1\
\x18\xc6\xb3\x17\xa1\xdb\xf6Z\x12m\x18\x8e\x804\xd79\
b<\x1f\x1e\xe8X1j2\xa8\xb2;V\xb1B\xa5\
\xc6\x13\xff(\xdc\x99\x05d\x07\xad\xech\xefH4H\
@C7\xc4\xf3FlU\xb9\x05\x04\xfa\x0f\xe2\x9f#\
\xf0\xa1\xf1\xda\xdd\xc6\xd9\x1dC,G\xf2\xc7\xa1.M\
@\x18\xe3\x9e9\xae\x09A\xb9\x8fP\xae\x14\xdd6\x9e\
\xddUU\xd6\xe0- 4\xee\x1e\xfa\xe7\xb1\xf4\x1b{\
D\x9d\xc8\xb2\x0d\xa5\x09\x08\xad\xb3^RD\xe0XJ\
\x06\xb77x\x0eoBi\xc7\xc6$4oL>l\
Ub\xca\xaf\x97E\x09\xf3?\xd6\x13s\xdf\x97( \
\xd8EX\xf2\x05\xb5\xf2\xd8\xf3\xf0B\xe9\x89=\x1a \
\xb4\x9eM\xf9>\xb7\xe9\xa1\xe13k\x7f\xc7\xb76\xa4\
\xcd\x0cU\x89\x02\xc2&\x9eY\x03\x85\x08ge\xa9v\
\xebq\xaf\xaa*\xb3\x86\x14\x02\x82z\xcbo\x1a\xb7\x92\
s(9N\xce\x18m\x1c\xba\xd2\x04\x047\x966\xe6\
\xae\xfb\xf3\x05##l\xd8\xf7O\xb5\xbfc\x0ee\x8f\
u\x1cF/5\xf8\x86\x0a,\x04\xbdV\x03K\xd0 \
n\xda\xb9\x15\x97& \xc7mQ\xe5\xf3\x0f\x9b\xeb\xab\
\xfa\xa0\xde\x8b\xf5\xa3{\xaf\xf2]x\x0b)&\xc2^\
\xad\xe3\xacE\xfc\x0cx\xe1\x1f\x8d\xb7$\x01A\xb3\x16\
=\xa6\xd1\x8d\x08,p\x0d\xe5;A\xe0\x19\xd8\xcb\xf1\
\xc4?\x84\x1b\xaf\x95\x18<\x0d\xe5\x9b\xfa\x1cu\x93\xb1\
GP\x8c\xad\xcb\xebL\x93\xb1tl\xe5/I@R\
(\xf8\x1d\xadV\xdfO\xe0\x15\xb0_@\xb9\xcf\x0b\xff\
\x10\xdew\x0fe\x88x\x8e\x95!\x0e%\x22P\x04\x15\
\xbd\x93r\x15\xd3\x8b\x94\x22 \xd8\x83s\xfa\xa9x\xe3\
\x1e\xb0\x9d\xb08\x06\xac\x8b\xd0\xffW\x22B\xa2(K\
\xf0Z\xce\xa6g?)a\x8b\xd0\xfbJX]\x7fU\
\xa5\x08H\x8a/S\xc3\x05\x96b\xf1\xd4\x8eK\x9a&\
mT<\x90\x99\x09\xecW\x07\xf2x<FM\xc7K\
@\x18Zy\xf1\xab\x8b\x17xc\xf4\xb2o\xe9\xaa\xaf\
7\xad\x04\x01a\xe5\x0a\xa7\xc7\xbdD:<\xc0\x98\x09\
!q@\xbdz\x9f\x90z9\x80\x10\xea\xde\xe0\xb5\x94\
\x8d\xfa\xc7\xedzk\xf5{\x80\xf6\x83\x1f\xf6@\xcc%\
\x08H\xca\xde\xa3\xcd\x16\xe6\x22\xd6\xbb\xf6\x0d~\x04\x04\
\x93\xde\xe6\xde;\xa6>\x8f\xde\x03\xc7\xdd\x8f\xf4&\xbe\
\x07\xff}\x95\x1ez\xdc\x9e\xb2\xfa\x84\xdc\x02\xc2\xde\x84\
\xf7\xaa\xc8&\xcea\x1a\x8b^\xd1\xa6<S\x9e\xfd\xab\
\x0a=J\x90\x22\xe0\xde\x939\x9cu]l\xdcy\xf8\
\xec\x1dC'B2&\xbfy\xde\xdc\x02\xc2X\xd3\xbc\
Q#\x112\xf9\xf4\xf8R\xe1\x84\xce\xdbx\x0agt\
\xf8\xf6\x1d\xd9\xe4\xa0\xec\x08\x87\xc7\xa6mP\xe5\xdb\x99\
\x10\x90\xf5s`\xb6\x1f\xa5\x89r\x0a\x08g\x08\xd2\x83\
\xa4ii\x7f-\xd7\xd4#\x14\xe5<^\x04\x8a\x92c\
V\xccDJp\xc0\xe3\x08K\xa2\xc1\x05Fd\xc4&\
\xa3\x04\xb5\x0f\xde\x09B2\x82t\xdb\xac9\x05\x84\xde\
\xe3j\xb6\xcd\x99\x8c\x0d\x97\x9egL.\xbd\xb9 \xfe\
ty\xd1\x96;\xd0\x08\x87\x97\xcf*\x8eC(f\x99\
U\xac\xdd\xb5\x02RB\xef!\xfe\xef\x0d8z{\xed\
\xde;\xdb\x0b\xd4\xb896\x8e9\x0f\xe7\xa3L\xc5\xce\
J\xd5\xcdT\xd8K8P\xf5\xf1\xb6\xd9\x17\xf9\xa3\x02\
\xc3_x7\xaa\x90U\xe6\x5c=\x08\x0e\x9c\xe9Ab\
\xdb\xc1\xd1\x00\xb18\xda\xe5y\x11/i'\x18^\xb3\
\x89\xf8x\xe1;D\x80^\x18G\x1f\xe8r0\xe0^\
\x14\xc1B0\xd0\x04x\xef`\x89i\x19P\xe8,\xce\
`i\xbb)\x1c!\xbd}\x996\xca% \xf4\x1e]\
\xa7\xa1\x8em\xbd\x87\x89.\xcb\xbf\x9eK\x9b\x1fV#\
9\x8b\x83\xb9\x0f\xcay8}{\xa6\xd2\x98\xd4\xe3\xdd\
\x05sV\x04\x82\xa3\x18\xd8\x1f\x02\x10,/\xc1P\xd5\
+\xde\x07\xf30\xae-\xc1\xeaPU>\x5ch\x11[\
\xd2\x16\x84+\x97\x80X\xf4\x1eh\xce\xb2{\xec1\x99\
ds,\xc5N\xee{\xf4\x96\x10\x0e\x84\x04\x81\xe04\
&\x96\x9d\x11\x08\x04\x86\xdeCY,B/\x0e\xec\xe8\
_\xdf\xfbt\xfa\x03\x147\x19\xb2!\xf4\xd3\xb1\xec)\
yeE\x08\x89\xa2\xb4!\x87\x80\xb0\xefq{\x83f\
\xe2\xf9\x1b;\xf3\xd7\x09\xd7\xf1\x02\xeb\xc0\x12\xea-\xac\
\x91\x16\x86\x0f\xfd7~\xc8\xd6d],\x84\x8dI.\
\x1f1\xddF\x87,\xc3\xac\x1c\x02Bw\x1e\xcd-!\
h\xef\x1c\xa3\xc6\xfej\xa5Y\x07\xb4cod\x8d\xb4\
\x10|\xac 2\xdc\xf3 \x07\x8b\xc3\xc63\x22\x1f\xb0\
O\x19T\xc2\x92\xf6M\x0c\xf0\x8cB\x91C@\x98l\
\x8e\x22\xb2#\xf3[\x94\xf66A;\xf0R\x18v\xb5\
\xd3,\xae?($\xd7\x16,)\x5cV\x8d\xf9\x98\xc0\
#0\xacj\xf7J\xf4&\xf4\xf6\x16u%\x1ff\xa5\
\x16\x10\x9c'\xb0\x8a\x13\xcb,\xbeJ]8PB\xec\
J\x8fMCu\xa4\x04\x8f%\xb1\xedh\xca\xe3\x82\xd5\
C;\x97e\xe8\xae\x89y\xdf\xfbj\xe8\x09\x8d\x93;\
vH- \xec*\xa3n\x1e\xca\x90\xae|\x97(\xb1\
o\x5c\x8b\xd3\xb1f\xec\xabl\xa6\x01K=N\xa85\
E\x9a\x01\x19\xda\xc6\xd71\xadw\x0f\xb27)b\x19\
Z\xd1\x8ep\xaeR\xda\xbd\x8an'\x85\xdb\xa8\x14\x13\
vEiB\x0e\x01\x89m\x19_\xa3\x7f\xd9\x80\x84\x17\
\xe5e\xfc\x8fpZ,Oo \xdf\xf5\x11'j\xdd\
\xd4\xa1\x06z\xd8\xa1\xddw\x0bC2xo\xed\x16j\
#;R\x0b\x88\xc5\x10\x08\x01\xd9\xd8(=\xc4\x01\xb2\
\xd7\xf9\x1fL>\xaf\xa5:\xe6\x16.\x12\xc1^C\x14\
\x5c\x00m\xfah\xa9\xea\x15\x8b(\xb8\x80\xe5:\x06\x0e\
\x8d)<\xb6lj\x01\xe1\x0c\x8b\xb14\xb6\xf3\xf3\x12\
B\xd7\xec\xb1e`\x82\xdd.ou\x8d\x87x\x96\xab\
\xad\xf0y\xe2\xc1\xd3\x22\xcb\xe18\xad\xf0\xa8\x07g\x1b\
\xed\x15\xc5\xbe:\xe0\x99E/\x12\xfb\x1b\xea\xa3\xaf3\
=\xa5\x80\xb0\xe6\x1e\xfb\x92\x18\x22\xf0\x05\xeflLG\
\xa2\xe7Q\x04\xecl\xb3\xf4\xd8Qm1Il\x02\xa2\
\xd2rE'\x8aX^\x7f\xd6\x08\xdc\xf4\x22#\xb2w\
f\xe5\xc3\x94l\x1e\x92R@n\xd9\xd9\xdcq\x89L\
0\xc7\x95X\xad\x10\xcc\xb1eB\xf3c\xac\xc4\x0ex\
h\xfe\x94\xf9\xd0\x82\xb5\x98\x18\xf7\xd1\xfcT=\x18\xbb\
A\x8bf\xf3\xa8s\x07UGW\xf0\x1a*\xee\xa8+\
\xa5\x80Xt\x8d\x17\xech\xc1p\x02{#\x87\x0fg\
\x9b\x9c\xe3t\x95\xf4\xd4\xdd\x12\xfa\xd1\x01\xf7\xad/\x1d\
]*\xbc\x00J\x8dS\xcc\x95\xd1j\xc6wWxM\
\xdd9-\xf6\xd2\xba1\xaf\xa5\xa6\x14\x90\xd8\xd5\x13<\
\x85L\xe9Ah2\xb6\x1e\xd8Pp\xed\x01\xe8n\x01\
\x1e\xb8\xc7\xe2d\x1f\xc2K\x1d\x1eZpv\x11cN\
l\xe1\xf9\x91a\x16\xb4\xb8CJ\x01\xc1\xb7RL\x83\
\xe8\x9e\xbf\x14\x81\x80\x1f\x8d\xa7\x90\xd0\x8bx~\xb5C\
\x9a\xce\xc9\xb0\x0f\x0f\xc981\xcf\x8bU\xeea\x82\x98\
`\xd1\x83`\xe0\x16CCp\xd9T\x02\xc2JJ\xec\
D\xf1\xfc\xe0V\xf5g\xf4\x16\x12\xc6\xfd(9\x1e\xd0\
O\x82\xdb\x93W\x09\xf3\x03\x04^\x01\x8bH\x0b\xfch\
0\xc7\xd2\xc8b\x0f\xbf\xa9X<\x83\xe5S\x09Hl\
\xefAC\xe8A\x88c\xc1[HP\x93\x7f\xbb\x88<\
X\x90\x22\xf0C9G\x15\xa1&\xaf\xc8%\xf0\xa3\xb6\
r\x07\x8a\x02\xe8\x98\x95\xc8\xbe\x06\xc5\xf6\x22}x\xf7\
KO% \xd7\xdf\xaf\xd6i7,\xabN+\xb9\xb3\
\x94\xb7\x90`&\xca\x8e>\xf6\x1d;k\xb7Ka\x85\
\x0e3\xe1;\xd8\xa1\xdc\x81\x89]r\x0c\xbbv<\x98\
\x98\xf0u\x95\xb3\x18f%\x99\xa8\xa7\x12\x90\xd8\x1e\x84\
\xb9\xc7\x87\xc4X\xcb\xe0-$8j`\x03\xcd\xc3g\
\x15|\xc0\xdd\x0f:i\x96?^\xf0\xb6\x01\xbec\x1e\
\xddN\xb3\xb8\xa6G\x8a\xc5\xe3}\x94\xc5\x16}s\x11\
\x10\x8b\xf9\xc7V\x83\xd7\xfey\x0b\x09\xd5\xb1\xea\xf3\x1c\
]\xa0\xc9\xac\xc8$0QfN`\xd13\xf7\x11\x84\
\xde\x99\xd7\x5c\x8aaV_\xbd\xa1\xe9\x8b\x12\x90\xd8\x17\
I7\x1f\xca\xb8\xb1\xf9R\x08\x09g^`z\x1ak\
|\x85\xb2\xde)j f\xba\x8a\xdc\x02\x06NWp\
\xc3\xbeZY\xa8\x00-J@b\x87X\x17:\xbe,\
P\xa7\x10\x12\xe6\x09\xec\xbcO5\xfaAm\x06!\xc3\
\xd974{\xc1\xfb\x85\xd8\xfb8k\x8b\x0f^\xc1\x02\
\x22\x0e\x8e\x0cW\x1a\x99\x7f=\xbb\x05C\xd7q\xae\xdf\
\xa7\x10\x12\x5cy2\xa9~\xf4z\xe5\x03\xf7\x87\xe99\
\xc2aa\xcb/T\xbd\xe1\xcdzrc\x81w\xf8\xbc\
*\x00\x14M\x0e\x98\x0cO.\x1cZ0\xd5\x1c$v\
Y/\x85\x80\xc0\xb3\x14BB=O\xd3?\x04\xe5\x86\
\x8a7\x05\x86T\xa8\xee\xe3\x0a\xc8\xfb\xabN\x1d8\xcf\
\xdbD\x8f\xe5\xb3\xd8w\xba\xa8\x1e\xe4+\x96\x9cu\xc6\
\x95JH\x18j\xbdCm\xe9[\xe5\xc20\x88\xc9l\
\x8cZ\x87\xd0\x07\x05Le=\xf7Q\xba\x88\x88\xedA\
Xa\xeb\xc2k\x9a6\x97\x1e\xc4\xb4\xd1\x01\xc8\x10\x92\
\xa3\x02\xf2\xc5fAm\x9bU.z\x936.4e\
\x19\xee\xa4\xf0\xe2A]}\xa6\xb2m\x9aJ\xbb^\x94\
\x80\xcc\xa9\x07i~\x08/\xd0\x05^\x0d\x15\xb9\x07z\
\x13\xec\xe9\xe950,z\x8c{\x8d{*\xa0w\x9a\
\xa2\x95\xbb\xa7t\xde\xff\x8b\x12\x90\xe09H\x0f\xcf=\
\x97\x1c{\xaa\xdcJ\xc6\xb3!\xbd,*\xf3[\x09\x8e\
\xff\xe8M\xe85R\x99\xf3\xa2W\x85\xda\xbac\x93\x5c\
Q/J@b{\x90\x83\x5cY\xbd\x199\x06>\xa8\
t`\xf7\xb19\xe7<\x9e~Dd\xdeY\x80f\xae\
\xa2l!\xd6\xed\xd0\xa2\x04$\xb6\x07\xc9) \xcd/\
\xe8H]\x1c+\x98s\xc0\x9e\x1f\xe1xC\x01\x8d8\
0\x92\x06\x86\xa4\x91(\x86\x8b3|\x18\xce\x15\x9fc\
\xce=H\xbb\xf5\x1c[\x90\xe3\xc4\xd76\x0dS\xafY\
Zf\xae\x13\xbb\xbc:\xb5\xfe\xf5r\xb1\xfe\xd1\xac\x8f\
\xbeX\xa7o\xeb>\x95\x80\xc4\xeaR1y\x8d\xb5'\
\xd9j\xb0\xc1?\xdc\x9e\xe2\x8a\x1f\x0f+\x06\xe8\x92\xa0\
`\xbe\x91j\xe2\x1f\xd2 T\xd5c\xe7\x95\x8b\x12\x10\
\x0b[\x8e\xd8]\xe4\x90\x17\x17\x9a\xe73\xca\x88\xfa\x8c\
\x97\xef-\xa17\x09x4\xc1YF\xee\xf9\xc6zc\
8\x83e=m\xec\xfd\xa2\x04\xc4\xc2\x0e\xd9\xdb\xb6b\
\xec\x0b\x22?\xbe\xb7p\x90\xc0ui\xf0F\x11\x84\xfe\
\xd6;\x15\x97\x16\x98\x07\xc5\xd2\xb4(\x01a\x99\xf4\xb3\
\x91\x1c\xc1\xb5%]s$\x1a\xf3\xe2O\x16\xc6{\x09\
J\x0a\xf8\xaaB92\xc9Dvd\xc3y\x8f\xb1\xda\
\xddT\x99d\x88\x9bj\x0eB\x83b\xe7!\xe0\x80\xb9\
\xc4\xa5\xc1Y\x22\x08%?\x864\xba\xcc\x1a\x8eQ\xed\
x;TTd\xb0x\x87x\xb7\xc1^\xc5\xbd\x81)\
\x05\xe4\x03\x06\xad\x81\xb9\x9e^;\xa6\x90\xc8\x97\x1au\
\x11|\x06\xe3L`\x0a\x0e\xab2\x1c\x14\x8a\xa5!|\
\xcaMKW\x9b\xf0\xfcb1\x0a\xc0\x9c\xb9\x0b\xbfy\
\xda\xdc\x04\x04\x06\xe0\xf7\x09G\x05\x5c\xe7\x02\xb4pQ\
Y\xc79\xc39\xab\xd5\x0a\x85C\x0f\xd3\xd4\xb1\xed\xc3\
j\x91\x13\xbc\x9e\xa7\x82|\x90^\xa6\x98\xe1_\xec\x8a\
\x91\xd0D\x07\x9cYX\xf9\x0ec~\x15MP\x08\x82\
\x94\x02\xc2\x89P_\x08!* \x0fC\x19O[\xec\
.\x12\xb0i9B\x0f\xf0/\xcb\x8f\x8f}\x05V\x88\
\x94Td\xb8\x8a\xa8\x82^V\xda\xb0\xe0\xc3\xec\xf7\x8e\
J\xcb\x118\xd7\x83\xfa-\xeaf\x05q\x91=\xc8'\
\xc5\x9dW\x0a\xac\xc2\xbb\x84\x08\xad[\xcf\xaf#zQ\
\x1c\xed\xf6l\xd5\xc5\x8f\x8c/\xf2\xddu\xcd\x11f\x8a\
f\x1380\x07\xb3_v\xd0YQ|\x8a(\xe7(\
\x8a\x14\x1fH\xea\xe5\x07}\x03\xd5i\x11\xb0\xc5\xff\x9a\
\x05\xa2\x10\x1c)\x18\xd4\xa6\xc3R@\xc0\xcb\x12+\x0e\
\x9a\xef\xcd\x8d\x014\x02\xc10\x0e[\x0c4k\x99\x80\
?D\xb8y\xa6h\xf6\x01\x97D\x8fS+\xb0E\xf9\
\xb4b<\xaf\xf0\xa1\xa1w\xb9\xbc\xee\xad\x02~\xb48\
\x9b\x90\x9e\xe3rVH\x85\xe7\xe5\x82d!\xb5\x80\xbc\
U-\xc3\xf3\xa0\x22\xb3\x80\xcf_\x04\x8f\x13[\xf9\xc2\
?P\x98Y\xff\x1fz)\xa8:P\x16\xef\xec\x18\x0c\
Q\xbe\x11\x08\x16\x02\x96~\x04\xb4\xd8\xb4\xc2l\x95\xfd\
%>4\xf4.\x0c\x81\x11\x1c\xb4|\x99\xcb\xa0aL\
\xbeP\xc0g.\x13ql\xefqIt\x97\xd0\x82\x81\
\xf9\xa0\x11\x8d\xe7\xc0\xec\xf1\xd9R\x0b\x08\x14\xf3c&\
\xb6\x064n\x19sc\xc7\xc1\x1c\xe1RU\xc0f\x12\
\x0cm\x03\xfe\xb58P\x86}\x19\x96\x0b\xd1\xd2\xc58\
\x8a\xf2*RXHK\x0e\x93|\x86^\xc7\xa9Z\x14\
\x1b\xd9G\xa1\x97a\xb3\x91\xf7\x86q\x15\xbdM\x1bH\
\x87\x8fh\xd7\xe2\xdc\x8f\x89\xb8\xd7\xb9)\xaf\x10]I\
C.\x01\xf9X\xa2V^W\xf5\xa0\xc7\xd5\x06V\xa0\
J\xd1\xeb\x12y\xc5\x07\xf4\xce\x0e\x11\x95\x0cc\xd1\xe7\
\xa2\xb7i\x03\xe9\xf4\xc4\x9esAU\xbfb\xc50\xe9\
\xf0\x8aJs\x08\x08_v\xbe:\xd4_\xa1r \x94\
\x038\xaf\x08\xcdk\x96/\x87\x80@<]4nl\
\xb8\xaeP90\xc4\x81\x17)\x03\x13~EiC.\
\x01\xa1\x95\xa8`3\x0f\xe0\xba\xc2j\xc58\x1e[\x13\
\x86\x12\x95\x1f\xfb8\xc0o$K\xef\x01\x099\x05\x84\
\x0d\x1f\x84\x04:v3`\x02\xcb\xb9\x22\xa8``k\
\xc2\xf9{\xa8\x8b0\xe1u\xe5\xcbL\x90c\xc5\x89\xb2\
k\x16rs\x0a\x08\x0df)\x90M+\xaew\x1b|\
B\x0dF]\x85E\x83\xf5\xc9'\xcb\xa4\xb8\xf7\xc7n\
\x82U7e\xdd\x95\xe1\x9ej5\x07\x03)\xca\x13r\
\x0b\x08\xad~\x82\xfeq\x00\x8c\xa2]\x11P\x93\xa1\xcd\
\x08\x06K\xa2\x9b\x1a\xcd\x91n\xac\x10\xe1\x9e\x07\x87\xd2\
\x9b\xf2.\xed\x19>\x88\xb3\x0a\x07\x0c-A@\xa0\x83\
]\xdc\x13\xb9X0\xa0\xee\xcf\x06$?xz\xcdP\
G\x16\xac\xfa\xb1q\xc7\x10\x8c\xf2\xe0Y0\x9b\xb6\x9a\
F\xcfz\xea\xd6U\xe6\x7f\xa5\x08\x08l@\xfd\x015\
m\xae\x97\x04\xf8\xbcE\x7f\x8b\x9d\xf9\x93\xd40\x8eB\
V4:P\x8e\xf2\xe0\x01\x1fxG#)\xbc\x00\xea\
\xfa\xccK\x87z\xd6d\xcd(I@h\xf4i\xfa\xc7\
\xc6S\x12k1\xd5\xe5\x15X\x80\xe0\x0c\x8f\x9b\xab\x02\
|\xde\x9e\xad\xd82\x80\x0f\xbc\xe0\xa7\x1e\xea\xb3\xc4\x1f\
\x8bkJ\xf9\x0bT\x88\x1d\xf8\xa2\xec\xe7K\x13\x10\xf1\
hu\xa6\xfe\x1d*\xc0\xa6A\xd1l\xc2\xe7D)\xaa\
\x10\xa8\xbbpP\xce#to\xe1\xacBhz\x03\xf8\
\xa9\x07\xdd3\xd4eP<\xec\xcd\x5c\xe8\x83/\x8b.\
\xf6\xc5X\xbdC\xebW\xb7\xe5\x84\x12\x05\x04\xee0!\
\xc5t\x94\xafd\xc9c\xee\xb6P\xa0\xce\x8dp $\
\xa4\xd3\x8eT\xc0^\x01:h(\x07\xe2O\x98E\x00\
\x84'U\xfdS\xeb\xc1V\x05\xc1x\x92\x10 (\x8a\
\xca\x0a\xa5\x0aH\xc3%\xc6\xd9\x8c\xb9\xef\xaa\x843\x04\
\xc9\xec\x00TW_\xe0\x84VLl\xb1\xd4\xcb)\x14\
}\xf4\xe1O\x98E\x00\x86_\x98\x033o)IX\
x\x87(\x88ba\x88W\x18\x86V}m\xc9\x9e^\
\xba\x804\x0cB\xcd\xe0p\xdd0\x94\xe0k\x83u\xa2\
n\x93\x04z\x03t\xc7\xd8\x93@ X\x85\xe2\x10M\
\xecDx\x96\x84\x88\x89\x95`\x9a\xca\xca\x17\xc2\x82I\
\xf0\xfd\x85\xe7%\x02\xb4\x9c\x15%\x0d\xec\xe7\xa0\x0d\x8c\
=\x0an\x5c\xcfMZ\xfb\xc4\xca\xe6\x22 M\xf3\xd8\
uf\xbc\xca\x1c\x05-S\x864L\xea8W\xcf\xc2\
\xcb\xc5\x17U\x11\xbb\xd9\xcfP|\x1f\x01>\x81\xb1\x1b\
\xe1\x9a=\x89\x8f+m\xae\x01\x97\xa3\x08\x07B\x82\xdb\
\x1d\x04\x86v\xd1V\xdaL\xdb\xad\xdb\x86\xf5\x1f\xc6f\
\x9csr\xb0\x90s\xd4\x02\x82\xa2\xcb\xa9!m\xb9\xb9\
\x09H\x9b;\xac\xdc0\xdegY\x10\x97;\xa8[c\
\xf5\x87>\x13\x13\xd6\x13\x94\x19\xcb@&\xfb\xe4\xc3\xeb\
\x08_-\x94$\xf9\xa1\xb0\x94\xc8z;?\x18\x8c\x86\
\x10\x06\xec\xce)\x8f\xd1\x0f\xbdF*\xb5|\x91\x9a<\
 0\xb4\x91\xb6\xd2f\xda\x0e\x0f\x10\x1a\xf6\xa40\x22\
c\xb5\xec<Q\x861\x19\xf3\x1c]\xae\xb0\xfb`\xc9\
\x19M\x00\x86sX^\xb2\xf3\x8fY2\xce+P\x93\
\xa1\xa7\xbd\x8c2cUx\xb2b\xcc|\x15\xcd/\xcc\
Y@\xba\xb8}\x91\x12\xf9\x1a2a=^\xd7\x18\xfe\
0\xd9\xa7\xa7\xb9\x9b\xee\x19\xf7\x22\x0c\x08\x05\xc2\x81\x90\
 ,\x08\xcd\xa0\xf6\x12\x92\x00\x00\x01%IDAT\
\x92\x85AM\x0f\x0a\xf0\x00\xa1aO\xeah\x95`\xbf\
\xe5\xb6\x8aY\x95\xe3L@~\xf4\x07\xe8\xfe\xea\x02l\
mX\x10\xc0V\x04\xa1@8\x10\x12\x84e\xce=\xad\
\x9a\xb6/,M@\xf6\xb5\xac^U\x0e\x18p\xa0\x0a\
\x88\x01\x13+\x8a\xe5r\xa0\x0a\xc8r\xdfmm\xd9X\
\x0et\xe4\xaf\x02\xd2\xc1\x94\x9aT9\xd0p\xa0\x0aH\
\xc3\x89\x1aW\x0etp\xa0\x0aH\x07SjR\xe5@\
\xc3\x81* \x0d'j\x5c9\xd0\xc1\x81* \x1dL\
\xa9I\x95\x03\x0d\x07\xac\x04\xa4\xc1W\xe3\xca\x81Eq\
\xa0\x0a\xc8\xa2^gm\x8c5\x07\xaa\x80Xs\xb4\xe2\
[\x14\x07\xaa\x80,\xeau\xd6\xc6Xs\xa0\x0a\x885\
G+\xbeEq`\x06\x02\xb2(~\xd7\xc6\xcc\x8c\x03\
U@f\xf6\xc2*\xb9i9P\x05$-\xbfkm\
3\xe3@\x15\x90\x99\xbd\xb0JnZ\x0eT\x01I\xcb\
\xefZ\xdb\xcc8\xb0\xbb\x05df/\xab\x92\x9b\x9e\x03\
U@\xd2\xf3\xbc\xd68#\x0eT\x01\x99\xd1\xcb\xaa\xa4\
\xa6\xe7@\x15\x90\xf4<\xaf5\xce\x88\x03U@f\xf4\
\xb2*\xa9\xe99P\x05\xc4\x89\xe7\x15\xed28\xf0M\
\x00\x00\x00\xff\xff\x93\xb3\xc2\x10\x00\x00\x00\x06IDA\
T\x03\x00_\xb0z\xcd\xd0W\xa5\xfb\x00\x00\x00\x00I\
END\xaeB`\x82\
\x00\x00\x0f`\
\x89\
PNG\x0d\x0a\x1a\x0a\x00\x00\x00\x0dIHDR\x00\
\x00\x00\xc8\x00\x00\x00\xc8\x08\x06\x00\x00\x00\xadX\xae\x9e\
\x00\x00\x0f\x15IDATx\x01\xec\x9dm\x8c\x5cU\
\x19\xc7wv\xb2\xdd\xad\xa9)\xf8\x92J\xa9Xl\x83\
\xb5de;3\xedR\xda\xc4\xe5\x83U\x095\xb1T\
T\x10jL\x15\x1a+\x12R\x10c\xb54\x10\xe3\x1b\
AE\x90\xb4\xdf4\xa9\x09/\xb6\x81m\xb4\xd1@\x93\
\xda4\xba;[\xda\x905\x04M\xc3\x07\xa9\x1a\x0d/\
\x0b\xe9\xb6\xbb\x9d\xe1\xff,w\xcb\xeetfz\xefs\
\xcf\xbd\xe7\x9c{\xff\xe4<\xbd3\xf7\xdes\xce\xf3\xfc\
\x9e\xe7\x7f\xef\x99\xbb\xcblg\x07\xff#\x01\x12hI\
\x80\x02i\x89\x86\x07H\xa0\xa3\x83\x02a\x15\x90@\x1b\
\x02\x14H\x1b8<D\x02\x14\x08k\x80\x04\xda\x10H\
P mf\xe5!\x12\xf0\x84\x00\x05\xe2I\xa2\xe8\xa6\
\x1d\x02\x14\x88\x1d\xee\x9c\xd5\x13\x02\x14\x88'\x89\xa2\x9b\
v\x08P v\xb8sVO\x08\xf8)\x10O\xe0\xd2\
M\xff\x09P \xfe\xe7\x90\x11$H\x80\x02I\x10.\
\x87\xf6\x9f\x00\x05\xe2\x7f\x0e\x19A\x82\x04(\x90\x04\xe1\
rh\xff\x09P \x0d9\xe4[\x12\x98I\x80\x02\x99\
I\x83\xafI\xa0\x81\x00\x05\xd2\x00\x84oI`&\x01\
\x0ad&\x0d\xbe&\x81\x06\x02\x14H\x03\x10\xbe%\x81\
\x99\x042!\x90\xd5\xabW\xbfo\xe5\xca\x95}\x95J\
e\xc0a\xcb\x8do\x92\x0b\xc9\xc9\xccB\xf3\xf5\xb5W\
\x02\x19\x18\x18\xe8)\x97\xcb\xb7\xc3\x1e\x85\xed\x87\xbd\x00\
{\xe3\xcc\x993\xff\xaf\xd5jG\xeb\xf5\xfasu\x9a\
u\x06\x92\x0b\xc9\x89\xe4\x06&9\x92\x5c=Z*\x95\
\xbe\xbet\xe9\xd2n\x9f\xc4\xe2\x85@\x00\xf63\x00\xbd\
gll\xec-\xc0\xfd5l\x0b\xec:\xd8\x95\xb0\xf7\
\xc2\xd8\xdc$ \xb9\x91\x1cI\xae\xb6\x14\x0a\x85]\xf3\
\xe7\xcf\x7f\x0bw\xf9_!\x9fk\xddty\xb6W\xce\
\x0ad\xf9\xf2\xe5\xf3\x00\xf2\x1e\x80\x1c\x06\xd8?\xc0\xed\
/\xc3\x9c\xf5\x17\xbe\xb1\x85#P\xc4]\xfe\x9b8\xf5\
\x10r+vWoo\xef\xc5x\xefds\xb2\xe0\xb0\
\x86\xbd\xa6\xa7\xa7\xe7\x00@\xfe\x18\xd4\xca0\xb6l\x12\
\x90\xbb\xc8\x83s\xe6\xcc9\x88\x8b\xe1F\x17CtN\
 \xb8\xaa\xdc\x8e5\xeca\xdc5\xaeq\x11\x98\x9b>\
y\xef\xd5'p1|\x02K\xe9\xc7\x5c\x8b\xc4\x19\x81\
\xc8\x92\x0a\x80\x0e\x03\x90|\xc6\xc0\x86-o\x04pQ\
\xbc\x0d\x17\xc8\x97\x5cz\x02\xe6\x84@\xb0\xa4Z9w\
\xee\xdc1\x00\xe2]#o\xaa8?\xde\xa5\xf2\x04\x0c\
\x17\xcb\x8f\x9f\x7f(\xfd=\xd6\x05\x82+\xc6%XR\
\xfd-\xfd\xd09\xa3\xcb\x04p\xb1\x1c\xed\xeb\xeb\xbb\xc8\
\xb6\x8f\xd6\x05\x02\x00G`l$p\x1e\x81b\xb1\xf8\
\xecy;S\xdeaU \xb8{\x1c@\xbc\x1f\x81\xb1\
\xb9J\xc0\xae_+P#\xbbm\xba`M Xc\
>\x8c\xc0\xd7\xc1\xd8H\xa0\x1d\x81\xcd\xa8\x15y\xdc\xdf\
\xee\x9c\xc4\x8eY\x11\x08\xae\x0a\x9b\xb0\xc6\xdc\x9aXT\
\x1c8S\x04P+\xf2\x03\xe3M6\x82J] +\
V\xac\x90%\xd5\x0e\x1b\xc1rN\xaf\x09\xec\x08j'\
\xd5 R\x17\x08\xae\x06?@\x84\x97\xc3\xe2\xb6\xff`\
\x80\xbd\xb0_\xc2\xb6\xe1\x07M\x1b0\xf6\xb5\xb4\x82u\
\x06\xc8\xc5g\x91\x13\xf9}9Y\x1a=\x81\xd7\x92+\
lb\xb5\xcb\x0b\x85\x82\xd4N\xacA\xa2vNU \
\x95J\xe5\x16\x04\xf9\xb5\xa8N6\x9c?\x8e\xf7?\xc3\
\xa3\xe1\xfej\xb5\xba\x01\xf6m\xd8\x83###{\x87\
\x87\x87\x0f\xd2\xec3@.\xfe\x88\x9c<\x06\xbb\x17v\
\xa3\xe4Jr\x06\x93\xdca\xf3N\x8b\xfa\xaf\xd4\x8e\xd4\
P\xd4~q\xceOM \xfd\xfd\xfd\x8bpe\x89\xb5\
\xb4\x02\xa0\xdfc\x0c\x11\xc6\xddG\x8f\x1e}9N\xe0\
\xec\x9b\x1e\x01\xc9\x15\x84r\xb7\xe4\x0e\xf6T\x9c\x99\xd1\
\x7f\x87\xd4R\x9c1\xa2\xf4MM \x93\x93\x93\x22\x8e\
%Q\x9ck8\xf7\xd9\xae\xae\xae\xaf\xe0\xeat\xbca\
?\xdfzB@r\xd7\xdd\xdd}\x0b\x8a\xfc\xcf1\x5c\
^\x12\xd4R\x8c!\xc2wME xju\x13\x5c\
\xda\x0c\xd3\xb6*\xa0\xdcz\xe4\xc8\x91S\xda\x01\xd8\xcf\
\x0d\x02\x92C\x08d\x13l(\x86G\x9b\x83\x9a\x8a1\
D\xb8\xae\x89\x0b\x04O\x1e\x16\xc2\x15\xb9{`\xa3j\
\xafuvvn>v\xec\xd8\xbfT\xbd\xd9\xc99\x02\
Xr\xbd\x82\x9f\x92\x7f\x03\x8e\xbd\x06\xd36y\xaa%\
\xb5\xa5\xed\x1f\xaa_\xe2\x02\x01\x08\x11\xc7\x15\xa1\xbci\
r\x12\xae4;\x87\x86\x86\x9eor\x88\xbb<& \
9\x95\xdc\xc6\x08\xe1\x8a\xa0\xb6\x9a\x0dal_\xa2\x02\
\xc1\x13\x87/\x01\x82\x5c)\xb4\x0e\xef\xc3\xba\xf5\xe7\xda\
\xce\xec\xe76\x81 \xb7\xfb\xb4^JmI\x8di\xfb\
\x87\xe9\x97\x98@\xf0\xa4a\x01\x02\x90\xbbG\x18?\x9a\
\x9d#K\xab\x9d\xcd\x0ep_v\x08`\xf9,9V\
/\xb5\xa4\xc6\xa4\xd6\x92\x22\x92\x98@\xf0\xa1Z\xc4\xb1\
L\xeb8\x02\xe7\xd2J\x0b\xcf\xa3~\x06\x96Z\xcb\x82\
ZK$\xeaD\x04R*\x95n\x84\xb7\xf2\x93Tl\
T\x8dK+\x156?;\xc5]j!\xea-A\xcd\
\xe1\xa5\xd9f\x5c xj\xf5A\xfc@/\xce\xaf\x04\
pie6\xc7^\x8c\x16w\xa9%5'\xb5g:\
\xd8\xf3\x05\x12s\x86\xe0\xc9\x82|\x17\x92j$.\xad\
T\xd8\xbc\xefd`\xa9ueP{FY\x18\x15\x08\
\x9e(\xdc\x80\x02\x97\xef<\xd2:\xc9\xa5\x95\x96\x5c\x06\
\xfa\xc5]jI\xedI\x0d\x9aDaL \xabV\xad\
z?\x1c\x94\x0f\xe6Z\xff\xb8\xb4\xd2\x92\xcbP\xbf\xb8\
K-\xa9A\xa9ESH\x8c\x09\xe4\xec\xd9\xb3\xf2\xb9\
\xa3W\xeb\x18\x02\xe3S+-\xbc\x0c\xf53\xb0\xd4\xea\
\x0dj\xd1\x08\x15#\x02\xc1\x13\x84\xcf\xc3\x9b;`\xda\
\xc6\xa5\x95\x96\x5c\x06\xfb\xc5]j\x01\xc9\x1dAM\xe2\
e\xbc\x16[ }}}\x17\xe1\x09B\xa8\xa5U\x0b\
W\xdf\xc4\xfe\xfdX;\xe6\xe6\xcf\x030\xd6\x0b\xff\x99\
\x0a\xa9\x09\x98\xd4\x066\xd1\x9b\xd4\xa4\xd4f\xf4\x9e\xb3\
{\xc4\x16\x08\x9e\x1c\xdc\x8b!\xaf\x82i\xdb<t\xdc\
\x8d%\x96\xf5\xaf\xed\xa7\x0fugr 5\x01\x93\xda\
\xc0F\xd5\xae\x0ajS\xd5y\xbaS,\x81\x94\xcb\xe5\
~\x0c\xb4\x0d\xc6F\x02.\x12\xd8\x16\xd4\xa8\xda\xb7X\
\x02\xc1\xac\x22\x8e\x22\xb6l$\xe0\x22\x01\xa9M\xa9Q\
\xb5oj\x81@\x99\xf2?A9\xf9\x95\xf5j\x1a\xec\
\x98E\x02\x1b\x83ZU\xc5\xa6\x16\x08>\x04\xb9\xf4\xbd\
V\xaa\xe0\xd9)7\x04\xbe\xa5\x8dT%\x90\xfew\xbe\
\x80a\xb5vR\xf6#\x81\x94\x09\x5c\x8d'Z\x8b5\
s\xaa\x04299Iqhh\xb3\x8f5\x02\xf8\x09\
\xfd\x80fr\x95@0\x91j2\xf4c#\x01+\x04\
\xf0\x91\xe0\x93\x9a\x89\xb5\x02\xf9\xb4f2\xf6!\x01\x8b\
\x04T\x17\xf5\xc8\x02Y\xb3f\x8d\xfci\xdf8\xdfo\
e\x91\x91fj\xf6\xc9\x08\x81\xc5A\xedF\x0a'\xb2\
@&&&.\x894\x03O&\x01G\x08hj7\
\xb2@j\xb5Z\xe2\xdfE\xe4\x08O\xba\x911\x02\x9a\
\xda\x8d,\x100\xe3\x1d\x04\x10\xd8\xbc$\x10\xb9v#\
\x0b\xa4^\xafk\xee \xc7\xaa\xd5j\x81F\x06\xa6j\
\x00\xf2|\x01\x16\xa9ijW#\x10\xf9\x90\x1e\xc91\
\x9c\xfc*\x8c\xad\x91\x00\xdf\xc7!\xf0\xbf\xa8\x9d!\x90\
\xc8\xb5\x1bY Q\x9d\xe2\xf9$\xe03\x01\x0a\xc4\xe7\
\xec\xd1\xf7\xc4\x09P \x89#\xe6\x04>\x13\xa0@|\
\xce\x1e}O\x9c\x00\x05\x928b;\x13pV3\x04\
(\x103\x1c9JF\x09P \x19M,\xc32C\
\x80\x021\xc3\x91\xa3d\x94\x00\x05\x92\xd1\xc42,3\
\x04(\x103\x1c\xf34J\xaeb\xa5@r\x95n\x06\
\x1b\x95\x00\x05\x12\x95\x18\xcf\xcf\x15\x01\x0a$W\xe9f\
\xb0Q\x09P Q\x89\xf1\xfc\x5c\x11\xa0@r\x95n\
\xd7\x83u\xcf?\x0a\xc4\xbd\x9c\xd0#\x87\x08P \x0e\
%\x83\xae\xb8G\x80\x02q/'\xf4\xc8!\x02\x14\x88\
C\xc9\xa0+\xee\x11\xa0@\xdc\xcb\x09=J\x82\x80r\
L\x0aD\x09\x8e\xdd\xf2A\x80\x02\xc9G\x9e\x19\xa5\x92\
\x00\x05\xa2\x04\xc7n\xf9 @\x81\xe4#\xcf\x8cRI\
\x80\x02Q\x82c\xb7|\x10\x08#\x90|\x90`\x94$\
\xd0\x84\x00\x05\xd2\x04\x0aw\x91\xc04\x01\x0ad\x9a\x04\
\xb7$\xd0\x84\x00\x05\xd2\x04\x0aw\x91\xc04\x01\x0ad\
\x9a\x04\xb7$\xd0\x84\x80e\x814\xf1\x88\xbbH\xc0!\
\x02\x14\x88C\xc9\xa0+\xee\x11\xa0@\xdc\xcb\x09=r\
\x88\x00\x05\xe2P2\xe8\x8a{\x04(\x10\xf7rB\x8f\
\x1c\x22\x90]\x818\x04\x99\xae\xf8K\x80\x02\xf17w\
\xf4<\x05\x02\x14H\x0a\x909\x85\xbf\x04(\x10\x7fs\
G\xcfS @\x81\xa4\x00\x99S\xf8K\x80\x02Q\xe4\
\x8e]\xf2C\x80\x02\xc9O\xae\x19\xa9\x82\x00\x05\xa2\x80\
\xc6.\xf9!@\x81\xe4'\xd7\x8cTA\x80\x02Q@\
c\x97\xfc\x10\xa0@\xdc\xca5\xbdq\x8c\x00\x05\xe2X\
B\xe8\x8e[\x04(\x10\xb7\xf2Ao\x1c#@\x818\
\x96\x10\xba\xe3\x16\x01\x0a\xc4\xad|\xd0\x1b\xc7\x08P \
\x8e%$9w8\xb2\x86\x00\x05\xa2\xa1\xc6>\xb9!\
@\x81\xe4&\xd5\x0cTC\x80\x02\xd1Pc\x9f\xdc\x10\
\xa0@r\x93j\x06\xaa!@\x81h\xa8\xb1\xcfl\x02\
\x19~G\x81d8\xb9\x0c->\x01\x0a$>C\x8e\
\x90a\x02\x14H\x86\x93\xcb\xd0\xe2\x13\xa0@\xe23\xe4\
\x08\x19&@\x81(\x93\xdb\xdf\xdf\xbf\xa0\x5c.\xaf\x83\
m+\x95J\xf7\xf9`\x95J\xe5\xba\xbe\xbe\xbe\xc5\xca\
\x90\xadt\xb3=)\x05\xa2\xc8\x00\xc4p\xe7\xe4\xe4\xe4\
\xbf\xd1\xf5\x00\xec\xa7\x85Ba\x87\x0fV\xaf\xd7\xf7\x17\
\x8b\xc5\x13\xf0\xff\xc9\x81\x81\x81\x1e\xf8\xcev\x01\x02\x14\
\xc8\x05\x005\x1e\xc6\x1d\xe3%\x88\xe1\xa1\xc6\xfd>\xbd\
\x87\xff7\x8c\x8d\x8d\x9d\xc2\x1de\x85O~\xdb\xf0\x95\
\x02\x89@\x1d\x05\xf54N_\x0a\xcbD\xc3\x1d\xe5/\
\xbd\xbd\xbd\x17g\x22\x98\x84\x82\xa0@B\x82\x858>\
\x85\x82Z\x1f\xf2t_N{OWW\xd7n_\x9c\
\xb5\xe1'\x05\x12\x9e\xfa\xc7\xc2\x9f\xea\xcf\x99Xn\xad\
\xf5\xc7[\xa3\x9e\x86\x1a\x8c\x02\x09\x85i\xea\xa4\xde\xa9\
\x7f\xb3\xf7\xcf\x02>\xd9j\x9dT\x0a\xa45\x9bYG\
j\xb5\xda\x87f\xed\xc8\xd0\x1b\xdcE>\x90\xa1p\x8c\
\x86B\x81\x84\xc7\xf9\xd7\xf0\xa7zu\xe6\x99\xd3\xa7O\
\x1f\xf7\xca\xe3\x14\x9d\xa5@B\xc2\xc6Uv4\xe4\xa9\
^\x9d\x86\xb8\xaa\xa3\xa3\xa3g\xbcr:Eg)\x90\
\x90\xb0\xab\xd5\xea>\x9c\xfawX\xa6\x1a\x96\x8e?\xcc\
T@\x86\x83\xd1\x09\xc4\xb0\x13\xbe\x0c\x87\xc7\xbc\xf7\xf8\
\xe2k\x18?\x11\xcfC###\x83a\xce\xcd\xeb9\
\x14H\x84\xccK1uvv\xcaO\x9f\xff\x14\xa1\x9b\
\x8b\xa7\x9e\x80Sw\x22\x9e\xbb\xb0ekC\x80\x02i\
\x03\xa7\xd9\xa1\xa1\xa1\xa1\xe7\xb1\xdcZ\x87\xb5\xfbF\x98\
,O\xf6\xe3\xbc\x83\x9e\xd8\x8f\xe0\xe7\xcd\x13\x13\x13W\
#\x86_\xe05\xdb\x05\x08P \x17\x00\xd4\xea\xf0\xf0\
\xf0\xf0S\xb0\xef\xa1\xd0\xae\x87]\xeb\x89}\x17~\xee\
9~\xfc\xf8\x7f[\xc5\xc5\xfd\xb3\x09P \xb3y\xf0\
\x1d\x09\xcc\x22\xe0\x9c@fy\xc77$`\x99\x00\x05\
b9\x01\x9c\xdem\x02\x14\x88\xdb\xf9\xa1w\x96\x09P\
 \x96\x13\xc0\xe9\xdd&@\x81\xb8\x9d\x1fzg\x99@\
\x9e\x04b\x195\xa7\xf7\x91\x00\x05\xe2c\xd6\xe8sj\
\x04(\x90\xd4Ps\x22\x1f\x09P >f\x8d>\xa7\
F\x80\x02I\x0d5'\xf2\x91\x00\x05b$k\x1c$\
\xab\x04(\x90\xacf\x96q\x19!@\x81\x18\xc1\xc8A\
\xb2J\x80\x02\xc9jf\x19\x97\x11\x02\x14\x88\x11\x8c\x1c\
$\xab\x04(\x10\xd73K\xff\xac\x12\xa0@\xac\xe2\xe7\
\xe4\xae\x13\xa0@\x5c\xcf\x10\xfd\xb3J\x80\x02\xb1\x8a\x9f\
\x93\xbbN\x80\x02q=C\xf4\xcf*\x01\x8d@^Q\
x\xfcaE\x1fvI\x98\x80\xe7\xc3_\xa6\xf0?r\
\xed\xa6%\x90E\x8a`\xd8\x85\x04\xda\x11\xb8\xb4\xdd\xc1\
\x16\xc7R\x11\xc8\xc9\x16\x93\xb7\xdb\xdd].\x975\x8a\
o7&\x8f\xe5\x94@\xf0\xf7L\xba\x15\xe1G\xae\xdd\
\xc8w\x90B\xa1\x10Y\x85A \x14H\x00\x82\x9bx\
\x04\x8a\xc5\xa2jE\xa2\xa9\xdd\xc8\x02\xa9V\xab\x91U\
(8\xea\xf5\xfa\x17eK#\x81\xb8\x04\xb4\xb5\xa4\xa9\
\xdd\xc8\x02\x09\x82\xdb\x13lCo\xa0\xde\xaf\x96J\xa5\
\xcc\xfc\x85\xd8\xd0\x81\xe7\xf3\xc4\xc4\xa2\x96\x1a\x92ZR\
L\xb0W\xd1\xa7C%\x10(\xf8I\xc5d\xf3\x10\xd8\
&E?v!\x81s\x04\x82\x1a\x9awnG\xc8\x17\
\xe8'\x7f\xdf%\xe4\xd9\xef\x9e\xa6\x12\xc8\xf8\xf8\xb8|\
\xfd\xff\xeb\xef\x0e\x13\xfa\xd5v|X\xffB\xe8\xb3y\
\x22\x09\xcc \x10\xd4\xce\xf6\x19\xbb\xc2\xbe\x1c\xeb\xee\xee\
N\xef\x0e2::\xfa&\xee\x22O\x87\xf5\xae\xe1\xbc\
\xc7\x83@\x1bv\xf3-\x09\xb4&\x10\xd4\xcc\xe3\xad\xcf\
h{d\xf0\xf0\xe1\xc3cm\xcfhqPu\x07\x09\
\xc6\xd2:+\xddE$\xf7\xcbzR\xde\xd0H\xa0\x15\
\x01\xa9\x11\x88\xe3~\x1cW\xd7\x1b.\xe6\x91?3c\
\xbe\xa9\xa6\x16\xc8\xc8\xc8\xc8 \xd6u\xcfL\x8d\xa2\xfb\
g;\xfa\x1f\x05\x80\x87\x01`m\xf0l[7\x12{\
e\x8a\x00\xea\xe12\xd8Z\xa9\x0d\xa9\x11\x047cY\
\x85w\x11\x1a\xfa?#\xb5\x1a\xa1\xcb\xacS\xd5\x02\x91\
Qj\xb5\xda.\xd9\xc60\xf9\xe0\xbe\x15\xfd\x0f\xe1\xd9\
\xf6\x09@\x19\x87\xfd\x13\xf6\x1c\xad\x9cG\x06\xff@\xde\
\xc7Q\x0f/\xc3\x0e\xa1\xb8\xa56\x22\x7f G\xdfs\
-n\x8d\xc6\x12\x88(\x13A\xc4\xb9\x8b\x9c\x0b$x\
!?\x1d\xfd(^\x0f\xd0:\xf2\xc8`IGG\x87\
\xd4\x006\xf1\x9b\xd4\xa6\xd4h\x9c\x91b\x09D&\x8e\
\xabP\x19\x83F\x02I\x100Q\x9b\xb1\x05\x12(\xf4\
\x81$\x02\xe4\x98$\xa0%\x80\x0f\xe6[\x83\xda\xd4\x0e\
1\xd5/\xb6@d\x14\xfc\x08\xff\xfb\xd8\xca_{\xc5\
\x86\x8d\x04\xec\x12\x808~\x02q<\x12\xd9\x8b&\x1d\
\x8c\x08D\xc6\x85H\xae\xc7V\xf5{Z\xe8\xc7F\x02\
\xa6\x08\xbc\x08q|\xc7\xd4`\xc6\x04\x22\x0eA$\x0b\
\xb1}\x11\xc6F\x026\x08\x9cD\x0d.39\xb1Q\
\x81\x88c\xe2\xa0\xdc\xe2\xe45\x8d\x04R$\xb0\x1f\xb5\
'\x17h\xa3S\x1a\x17\x88x'\xb78\x88D\x9ea\
\xcb[\x1a\x09$M\xe0\x01\x88C\x96\xf8\xc6\xe7ID\
 \xe2%D\xf2\x08D\xb2^\x9eE\xcb{\x1a\x09\x98\
& \xb5%5\x06q\xc8C\x22\xd3\xc3O\x8dgJ\
 S\x835\xfe\x03\x91\x0c\x0e\x0f\x0f\x7fN\x82\x90`\
\x1a\x8f\xf3=\x09h\x08H-IMImI\x8di\
\xc6\x08\xdb'Q\x81L;!AH0\x12\x14\xf6\xfd\
\x0e\xa6\xfa\xcdJ\xf4c\xcb/\x81\xd7Q?\xbf\x85\xad\
\x97Z\x92\x9aJ\x03E*\x02\x99\x0eD\x82\xc2\xed\xf0\
\xa6\x9e\x9e\x9eKq\x15\x90\xffyJ\xf5;\xfa\xd3\xe3\
q\x9b\x0b\x02{ \x8a\x0d\xa7N\x9dZ\x84\xfa\xb9\x15\
6\x98f\xd4\xa9\x0ad:0\xf9\xdd|\x5c\x05~\x03\
\xb1l\x80\x15\xb0\x7f! T`\xeba\xb7\xc1v\xd2\
\xeayd \xb9\x97\x1a\xa8HMHm\xc0n\x86(\
\xf6\xca\xff\x83\x84}\xa97+\x02i\x8c\x12\x10N\x02\
B\x156\x08\xdb\x05\xbb\x8f6\x92G\x06\x92{\xa9\x01\
\x94\x84\xee\xcbA\x1ak+\xee{'\x04\xd2>\x08\x1e\
%\x01{\x04(\x10{\xec9\xb3\x07\x04(\x10\x0f\x92\
D\x17\xed\x11\xa0@\xec\xb1\xe7\xcc\x1e\x10\xa0@<H\
\x12]\xb4G \xdf\x02\xb1\xc7\x9d3{B\x80\x02\xf1\
$Qt\xd3\x0e\x01\x0a\xc4\x0ew\xce\xea\x09\x01\x0a\xc4\
\x93D\xd1M;\x04(\x10;\xdc9\xab'\x04(\x90\
\x84\x12\xc5a\xb3A\xe0m\x00\x00\x00\xff\xff\xc3\x1c9\
\x8c\x00\x00\x00\x06IDAT\x03\x00\xd5W\xf3c%\
1\x98l\x00\x00\x00\x00IEND\xaeB`\x82\
\x00\x00\x1f\x97\
\x89\
PNG\x0d\x0a\x1a\x0a\x00\x00\x00\x0dIHDR\x00\
\x00\x00\xc8\x00\x00\x00\xc8\x08\x06\x00\x00\x00\xadX\xae\x9e\
\x00\x00\x10\x00IDATx\x01\xec\x9d\x0b\xd4vE\
U\xc7\x9f\xa2\x85\x16bx\x0d\xbc\x00\xda\x8aPJ\x92\
L@\xc4\xc4\x12DS31\x05\x89\x15\x02\xa2\x90\xa6\
Y)\xd8R\xb1\x85\x97JMKE\x11)M\xd1\xd0\
\x0cK\xb9\x98\x8a\x22\x09f\x18(\xde\xb2\x142 \x91\
\xa0\xcc\x95\xb6\xc2\xfa\xff\xbe\xef{_\xbe\xf7}\x9eg\
\xf6\x9e9s\xae\xcf~\xd7\xecw\xce9\xb3gf\xef\
\xff\xde\xfb9\xb7\x999\xdf?\x8b\xbf@ \x10X\x8a\
@\x04\xc8Rh\xa2 \x10\x98\xcd\x22@\xc2\x0b\x02\x81\
\x04\x02\x11 \x09p\xa2(\x10\x88\x00\x09\x1f\x08\x04\x12\
\x08\xb4\x18 \x89^\xa3(\x10\x18\x09\x02\x11 #1\
T\x88\xd9\x0f\x02\x11 \xfd\xe0\x1e\xbd\x8e\x04\x81\x08\x90\
\x91\x18*\xc4\xec\x07\x81\x08\x90~p\x8f^G\x82\xc0\
8\x03d$\xe0\x86\x98\xe3G \x02d\xfc6\x0c\x0d\
ZD \x02\xa4Ep\xa3\xe9\xf1#\x10\x01\xd2\xbf\x0d\
w\x96\x08\xf7\x14\xdd_t\xc06b\x9bc\x94\xe9P\
\xa4\xbe\x10\x88\x00i\x0fy\x9c\xfb\xa7\xd5\xfcSD/\
\x12\xbd]t\x89\xe8J\xd1\xd7D7\x8bn\x15\xfd\xa7\
\xe8\xeb\xa2\xabE\x9f\xdcFls\x8c2x\xe0\xa5\x0e\
ui\x83\xb6h\x93\xb6\xe9\x83\xbeT5Rm\x04\x22\
@6!Z\xb8\xbb\x97\xea=[\xf4\x16\xd1\xc7D\xd7\
\x8bp\xeeO+?Gt\x9a\xe8h\xd1CE\x0f\x10\
\xed!\xdaE\xe4\xc1\x1f\x1ex\xa9C]\xda\xa0-\xda\
\xa4m\xfa\xa0/\xfa\xa4od@\x16dR\x17\x91\x9a\
 \x00\xf8M\xea\xafj\xdd\xdd\xa4\xf8\x11\xa2\xd7\x8b\xfe\
I\xf4%\xd1kE\xc7\x89\x1e&\xdaU\xd4u\xa2O\
\xfaF\x06dA&dCFdE\xe6\xaee\x1a}\
\x7f\x11 ~\x13\x1e&\xd6\xdf\x15}Dt\x9d\xe8\x5c\
\xd1I\xa2\xfb\x8a\x86\x9a\x90\x0d\x19\x91\x15\x99\x91\x1d\x1d\
\xd0e\xa82\x0fJ\xae\x08\x90\xb49\xf6U\xf1KD\
\xff \xba@\xf4;\xa2CDcM\xc8\x8e\x0e\xe8\x82\
N\xe8\x86\x8ec\xd5\xa7u\xb9#@\xe6!\xbe\xab\x0e\
\x9d \xfa\x80\x08'z\xb1\xf2):\x11:\xa1\x1b:\
\xa2+:\xa3\xbb\xd4\x8d\xb4\x86@\x04\xc8\x1a\x12\xb3\xd9\
\xa3\xb5\xf9f\xd1\x17D\xe4\xeck\xb3Z\x1arC\xe8\
\x8a\xce\xab\xa8{\xd2.\x11 \xb3\xd9QB\xe8\x22Q\
\xfc\x8a\xcef\x9cA8\x93\x80\x05\x98\x80\x8d\xa0Y\xdd\
\xb4\xaa\x01r;\x99\xfcD\xd1e\xa2w\x88\x1e)j\
3\xf1\x08\x96\x1bd\x9e(\x9d\xa2\x8e\x9e):Rt\
\xb8\xe8@\xd1\xfdD<e\xfaA\xe5\x10\xdb\x1c\xa3\x0c\
\x1ex\xa9C]\xda\xa0-\xda\x14{k\x09L\xc0\x06\
\x8c\xc0\x0a\xccZ\xebl\xa8\x0d\xafZ\x80\xdcM\x86\xf8\
-\xd1gDg\x88\xf6\x17\xd5L7\xaa\xb1\x0f\x8a^\
%:^t\x90\xe8N\xa2{\x88~N\xf4k\xa2W\
\x88\xe8\xfb]\xca\xb9Y\xc6\x01\xbf\xa8\xed\x1bD\xdf\xd9\
Fls\x8c2x\xe0\xa5\x0eui\x83\xb6h\x93\xb6\
\xe9\x83\xbe\xe8\x93\xbe\x91A\xcdTK`D\xdf`\x06\
v`X\xad\xf1\xa17\xb4*\x01\xb2\x83\x0c\xf1|\xd1\
\x15\xa2\xdf\x13\xf1\xeb\xac\xacq\xfa\xacZx\x93\xe8W\
E{\x8b\xee.z\x8c\xe87Eg\x89\xfeVt\x8b\
\xa8\xadD\xdb\xf4A_\xf4I\xdf\xc8\x80,\xc8\x84l\
\xc8X\xa3\x7f0\x03;0\x04K0\xad\xd1\xee\xa0\xdb\
X\x85\x00y\x92,\x80\x13\xf1\xeb{/m7I\xff\
\xa6\xca\x5c\xe2<Y\xf9\x9e\x22\xdel?C\xf9\x9f\x8a\
x1\xa7\xac\x8f4\xd7'\xb2 \x13\xb2!#\xb2\x22\
3\xb2\xa3\xc3\x5c\x85\x8c\x03`\x08\x96`\x0a\xb6\x19U\
\xc7\xc7:\xe5\x00a\x8c\x12C1\xfe\x5cfy\xb0\xa8\
I\xfa\x90*\xe3l\xfb(\xe7\x12\x876\xaf\xd1\xf6X\
\x12\xb2\x223\xb2\xa3\x03\xba\xa0S\x13\xf9\xc1\x946\xc1\
\x18\xac\x9b\xb45\xd8\xbaS\x0c\x10\xae\xcbO\x17\xe2\x97\
\x8a\x18\xcc\xa7\xac(]\xabZ\xaf\x16=Dt\xa8\x88\
\xcb\x95\x9b\x94\x8f=\xa1\x03\xba\xa0\x13\xba\xa1#\xba\x96\
\xea\x05\xc6`\x0d\xe6`_\xda\xce \xebM-@\x18\
\xc4\x87\xb1N\x15\xda\xa5O].W\xdd\xa7\x8b\x18r\
\xfe<\xe5\x8c\xb0U6\xc9\x84n\xe8\x88\xae\xe8\x8c\xee\
%\x8a\x825\x98\x83=6(ic\x90u\xa6\x14 \
/\x17\xc2\x0c\x03\xe7fR\x9b\xd9\x89\x91\xb0\xc7\xa8\x16\
s2\xceT\xfem\xd1\xaa$tEgt\x07\x03\xb0\
(\xd1\x1d\xec\xb1\x01\xb6(\xa9?\xb8:S\x08\x90\x1f\
\x15\xaa\xe7\x89^ *I\xbc\x10\xe3\x06\xf6\xe1\xaa\x8c\
q\x95\xadt\x02\x03\xb0\x00\x93\x8bfeP`\x0bl\
\x82m\xcaZ\x18H\xad\xb1\x07\xc8\xe3\x84\xe3\x85\x22r\
eY\xe9o\xc4\xfdx\x11#[\xb9\xd9\xd4f\xa4\xed\
\x10\x00\x13\xb0\x01#\xb0\xda\xae\xc8\xb5\x89MJm\xe3\
\xea\xa0\x0b\xa61\x07H\xe9\xaf\x14\x8f9\x9f+py\
S\xfc~\xe5\x91\xd2\x08\x80\x11X\x81\x19\xd8\xa5\xb97\
\x96r\x06\xe1L\x82\xad6\x96\x8cdo\x8c\x01\xb2\x93\
\xb0\xe52\xa0\xe4:\xf7\xad\xaa{\xb0\xe8\x0fE\x91\xf2\
\x10\x003\xb0\x03\xc3\xbc\x9a\xb3\x19\xb6\xc2f\xd8.\xb7\
n\xaf\xfcc\x0b\x10^x\x9d/\xc4r\x9f\x94\xfc\x9d\
\xea<Q\xc4l\xbb\x7fT\x1e\xa9\x0c\x01\xb0\x03C\xb0\
\x04\xd3\x9cV\xb0\x19\xb6\xc3\x869\xf5z\xe5\x1dS\x80\
\xfc\x8c\x90\xfa\xa8\x88_1e\xee\xc4\xa4 \xea\xfc\x85\
\xbbF0Z\x08\x80%\x982/\xde\xe2\xdd\xbe\x9c:\
\xd8\x10[\xce\xb6/\x18\xea\xf6X\x02\x84\xf9\x0a\x0cm\
\xc8\xf9\xf5a>\xf6/\x09x\x8c\xf8]\xe5\x91\xea\x22\
\x00\xa6\xfc\xf8\x801X{[\xc7\x86\xd8\x12\x9bz\xeb\
\xf4\xc67\x86\x00a\xd0\x1d\xf3\x13~ \x03\xa5\xf7\x89\
\x97'0\xe4\xda\x8c\xd4\x22\x02`\x9c\x8b5\xb6\xc4\xa6\
\xd8\xb6E\xd1\x9a7=\xf4\x00ax\xf5\xd9\x99jr\
\xc6\xc8\xfdU\xcb\xec\x22\xd87!\xc0\x19\x04\xcc\xc1~\
SQr\x17\xdbb\xe3$S\x9f\x85C\x0e\x10&\x08\
1\xbc\xda\x8b\xcf\x9a\x918\xed{\xeb\x04_]\x04\xc0\
\x9e@\xc1\x16\xde\x96\xb11\xb6\xf6\xf2w\xca7\xd4\x00\
\xf9Y\xa1\xf0\x06\x9171\x99\xe7\xb1b\xe6t\xaf,\
R\x8f\x08`\x03l\x81M\xbcb`kl\xee\xe5\xb7\
\xf8\xaa\x95\x0f1@\x1e(\xed.\x16y\x13\x03\xee\x1e\
%f\x16\x1cP\x16i\x00\x08`\x0bl\x82m\xbc\xe2\
`sl\xef\xe5\xef\x84oh\x01\xc2\x9bW\xa6\x99z\
\x95\xe7\x91!C\xb6\xbf\xe1\xad\x10|\x9d!\x80M\xb0\
\x0d6\xf2v\x8a\xed\xf1\x01/\x7f\xeb|C\x0a\x10\xe6\
:3\xfegG\xa7\xd6\xbctz\x84\x937\xd8\xfaC\
\x00\x1ba+\x8f\x04\xd8\x1e\x1f\xc0\x17<\xfc\xad\xf3\x0c\
%@\x98O\xc0\x14\xd1\xfd\x9c\x1a\xff\x91\xf8F\xf1\x1c\
]rF\xda\xba\xe6\x186\xf3`\x81\x0f\xe0\x0b\xf8\x84\
\x87\xbfU\x9e\xa1\x04\x08+\x92\xb3\xbc\x8dG\xd9\x97\x89\
\x89\xd5\xcb\x95E\x1a\x11\x02\xd8\x0c\xdbyD\xc6\x17\xf0\
\x09\x0fo\xab<\xf3\x01\xd2jw\x0b\x1bg\xa4'\xe3\
t\x16\x16n:\xf8:\xed\xbfP\x14i\x9c\x08`;\
l\xe8\x91\x1e\x9f\xc07<\xbc\xad\xf1\xf4\x1d \xcc\x19\
`\xa4\xa7GAF\x91\xfe\xba\x871x\x06\x8d\x006\
\xc4\x96\x1e!\xf1\x0d|\xc4\xc3\xdb\x0aO\x9f\x01\xc2\xd3\
\x0a\x16\x0c\xf0(\xc6\x8d\x1b\xa3H=\xbc\xc13|\x04\
\xb0%6\xf5H\x8a\x8f\xe0+\x1e\xde\xea<}\x06\x88\
Wq\xe6G\xb3^lu\xe5\xa3\xc1^\x11\xc0\xa6\xd8\
\xd6\x12\x82\xe0\xc0W,\xbeV\xca\xfb\x0a\x10\xef\xa9\x93\
!\x0b\xac\xb6\xc1'\xc6Z\x01 \x1a\xed\x0d\x01l\x8a\
m\xb1\xb1%\x04\x97Y\xf8\x8c\xc5W\xbd\xbc\xd3\x00\xd9\
&}\xce\xcd\x17\x03\xd9\xbe\xbc\xad^d\xd3C\x00\xdb\
bc\x8ff\xdc\xb0\xe3;\x1e\xdej<]\x07\x08\x0b\
\x8b\xb1~\x92G\x01F\x862\xae\xc7\xc3\x1b<\xe3E\
\x00\x1bck\x8f\x06\xf8\x0e>\xe4\xe1\xad\xc2\xd3u\x80\
\xb0\xc02k'Y\xc2\x03\x1a#C-\xbe(\x9f\x06\
\x02\xd8\x1a\x9b[\xda\xe0;\xf8\x90\xc5W\xad\xbc\xcb\x00\
a\xfdVV\xf1\xb3\x84\xe7\x9a\xd4{\xda\xb5\xda\x8a\xf2\
\xf1 \x80\xcd\xb1\xbd%1>\x84/Y|U\xca\xbb\
\x0c\x10\x22\xdf3|\xc0\x0bT\x15\x00\xa2\x91\xc1 @\
p`{K |\x08_\xb2\xf8\xaa\x94w\x15 ,\
\x93\xcf\x22\xc7\x96\xd0\x5c\x8bzN\xb5\x9b\xdb\x89\xfdi\
 \x80\xed\xf1\x01K\x1b|\x09\x9f\xb2\xf8\x1a\x97w\x11\
 |h\xc5\x13\xf1,#\xd3\xcb\xa3\xbc\xc6(F\x03\
5\x11\xc0\x07\xf0\x05\xabM|\x0a\xdf\xb2\xf8\x1a\x95w\
\x11 (\xc2\xb7$,A\xf9(\x0b+eX|Q\
>m\x04\xf0\x01|\xc1\xd2\x12\x9f\xc2\xb7,\xbeF\xe5\
m\x07\x08\xe3\xfa\xf9h\x8b%$csXk\xc9\xe2\
\x8b\xf2\xd5@\x00_\xc0',m\xf1-|\xcc\xe2+\
.o;@X\xd6\x85Ov\xa5\x04d\xbdW\xcf/\
F\xaa\x8d(\x9b\x1e\x02\xf8\x04\xbe\x91\xd2\x0c\xdf\xc2\xc7\
R<\x8d\xca\xda\x0c\x10\x9e6\x1c\xeb\x90\x0e X\xd2\
\xd2\xc1\xda\x07K\xf4\xd9\x13\x02\xf8\x04\xbeau\x8f\x8f\
\xe1k\x16_Qy\x9b\x01Bd\xf3b'%\x18\xcb\
\xea\xb3(r\x8a'\xcaV\x17\x01|\x03\x1fI!\x80\
\x8f\xe1k)\x9e\xe2\xb26\x03\x84\xc8\xb6\x04\xf3N\xc3\
\xb4\xda\x19Z\xf9^\x12\x88\x97Y{(\xff!Q\xa4\
r\x04<>\xe2\xf1\xb5\x22\x09\xda\x0a\x90\xa3$\xcd\xfe\
\xa2T\xe2\xcbN|{\x22\xc53\x962\x96\xde\xfcc\
\x09\xcb\x0a\x1e\x8cR\xe53\xcc\x9f\xd6\xfe\xd7D|\xde\
\x8c\x8ff\x120\xda\x8d\x94\x89\x00>\x82\xaf\xa4\xaa\xe1\
k\xf8\x5c\x8a\xa7\xa8\xac\xad\x00\xf1\x9c\xf2\xce*\x92x\
x\x95\x98;}\x81\xc4:Y\xc4\xa7\xcbvV\xbe9\
1\xac\x9b\x80\xe1;\xe5\xcco\xd8\x5c\x1e\xfbi\x04<\
\xbe\xe2\xf1\xb9t/\x0bJ\xdb\x08\x10V\x1b\xe1\x8bD\
\x0b\xba[?\xc4D\x19\xef\x8c\xb2\xf5J\x03\xdb`\x09\
\xff\xff\x90L\xcc\x8eS\xe6J'\x89\x8b\x95\xcd\x19\xba\
\xbd\xe3L;\x91\x5c\x08\xe0+\xf8L\x8a\x19\x9f\xc3\xf7\
R<\xd9em\x04\xc8/:\xa4\xf0\xfc\x228\x9a\xe9\
\x95\xe5S\xea\xfd\x8e\xa2\xdctwU\xe0m1\x81\xf2\
TmG\xf2!\xe0\xf1\x19\x8f\xef\xf9z\xdb\xc6U;\
@\xee\xaav\x9f J\xa5\xcbU\xc8\xe7\xb8\x94\x8d6\
1<\xbb\xa9\xf0\xdc\x93\xfc\x99\x1aa\xfc\xd1\xc3\x94G\
J#\x80\xcf\xe0;).|\x0f\x1fL\xf1d\x95\xd5\
\x0e\x10\x8f\x80\x9e_\x82,%:f\xe64\xfe\xe2\x8a\
}\xf2\xab\xc7\xe5\x03\xcb\xe1\xdc\xa7b\xbbSl\xca\xf2\
\x1d\x82\x03\x1f\xac\xa6{\xed\x00\xc1\xd8)\xe1\xaeU\xe1\
;EcN\xac\xed\xd4\x86\xfc\xcfR\xa3\x5cv1\xe4\
\x9b\x0f\xcch7\xd2&\x04\xf0\x1d|h\xd3\xe1\x0d\xbb\
\x96\x0fn`\xb6vj\x06\xc8\xbe\xea\x8c_WeK\
\xd3{T\xc2cOe\xa3L8\xee\x03Z\x94|W\
\xb5\xcd\xf72\x08\x94#\xb5]\x9c&Z\x11\xdf\xc1\x87\
R\xea\xe1\x83\xf8b\x8a\xc7]V3@<\x91k)\
\xe7\x16\xbc'\xc6\x9fT\xbfw\x10\xa5\x12Kl\xfe\x98\
\x18\xee-b0\xddW\x95\xe7&\x9e\x90\xf1k\xf9^\
U|\xa8(\xd2m\x08x|\xc8\xe3\x8b\xb7\xb5\x98\xd8\
\xaa\x19 \xd6\xb5\xdf\x87$G\xce\xf7\x22\xc4>\xb8D\
\x80\xa4\x84\xe2\x86\x9b7\xbf_\x11\xd3\xd7E\xbc\xf7\xe0\
\x13\x00\x7f\xa0\xed\xff\x13\xe5&\xbe\xd6t\x89*1\xe4\
\x82\xb7\xf2\xda\x5c\xf9\x84\x0f\xe1K) ,_L\xd5\
\xddPV+@\xf8X\x8auZ\xe3\xd7pC\xe7#\
\xdc\xb9\xaf!\xf3U\x0b\xcao\xd01\xee+\x0eR^\
\x8a\x01\xcbur\xd9\xc5|\xecZ6\x938\xa3M\x16\
\x8e\xf8\x22>\xd9X\xc1Z`[\x8f)\x19\xb6\xec9\
56Vh\xc0\x0d\xf0\xcbw\x84\xe4cH\xc4\xdf+\
\xcfM\xf7P\x05\xceD\x04\xca/k{\x95\x13\xbe\x84\
O\xa50\xb0|2Uw\xbd\xacV\x80X\xdf\x97C\
\xa1\x9b\xd6{]\xed\x8ds\xa4>\x97]\xac\xf1T\x82\
\x09\xe3\x8e\xde\xad6\xce\x15\x1d(\xea:\x0d\xa1?p\
\xc3\xa7R\xb2X>\x99\xaa\xbb^V#@\x98\xb4\x82\
\xc1\xd7\x1b]\xb0q\xe9\x82c\xab|\xe8\x7f\xa4<o\
\xd3\xb9\xec:S\xdb%\x89\xb3\x11g\x13\xd6\xad\xc5\x06\
%m\x8c\xb9\x8e\xe5S\xf8dc\x5cj\x04\xc8\xcf;\
PfX\x86\x83m\xe5X\x18\xf5\xcb@F\xae\x97\xad\
\x1b\xcfe\xe0<W\x05\x5c\xbe\x91kse\x92\xc7\xa7\
<\xbe\x99\x04\xacF\x80\xf0\x0d\xbaT'|\xf1\x945\
\x8fR<\xab^v\xa1\x008T\xf4L\x113\xe9\x94\
e%~)9\x93pF\xe1\xcc\x92Uy\xa4\xcc\xf8\
\x14\xbe\x95\x12\xdf\xf2\xcdT\xdd-e5\x02\xc4\xba\xd6\
+\xb9!\xdd\x22\xdc\x0a\xfe;C:s\xd9\xf5J\xe5\
\xff+\xcaM\xdc\x93po\xc2=\x0a\xf7*\xb9\xf5\xc7\
\xc6o\xf9\x96\xe5\x9b\xa6\xbeM\x03d\x1f\xf5\xb0\xbb(\
\x958\xfd\xa7\xca\xa3l#\x027j\x97\xe1\xf0\x5cC\
\xe3\xe8\xda\xcdN<\xe5\xe2l\xc2S/\x9e~e7\
\xd0O\x85\xec^-\xdf\xc27\xf1\xd1\xec\x86\xd7*4\
\x0d\x10\xcf5\xde\xc7\xd7:\x8b<\x0b\x01\x16Oc\x05\
\xc1'\xab\x96\xe7z[l\x1b\x12\xb6\xe5\xbd\x09\x81\xc2\
{\x94\x0d\x85\x13\xd9\xf1\xf8\x96\xc7G\x97\xc2\x01\x88K\
\x0b\x1d\x05\xd6\x9b\xe5\x7fW\x1b\x9f\x13E*G\x80\xc9\
B\x9cM\x9e\xaf&\xbe!\xcaM\xbc\x81\xe7M<o\
\xe4y3\x9f[\x7f\xc8\xfc\xf8\x16>\x96\x92\xd1\xf2\xd1\
T\xddY\xd3\x00a\xccQ\xaa\x83\xcbR\x85Q\xe6F\
\xe0Vq2\x88\x91@y\xa3\xb6K\x12c\xbax\x03\
\xcd\x18/\xc6z\x95\xb41\xc4:\x96\x8fY>\x9a\xd4\
\xa9i\x80\xb0zG\xaa\x03\xeb)C\xaan\x94\xcd#\
\xc0\x93\x1b\xa6\xed2\xbd\x94y\xf0\xf3\x1c\xf6\x11F\x09\
s\xd9E\xc01z\xd8\xae1l\x0e\xcb\xc7,\x1fM\
j\xd7$@X\x9c\xc0\x02\xd8\x12>)\x5c\x14.E\
\x80\xb5\xa2\x0eW)\x1f\xc2\xfc\xa2\xf2\xdc\xc4\xb0}\xc6\
\x87\x11(\xccC\xc9\xad?$~\xcb\xc7\xf0\xd1\x9dg\
\x85\x127\x09\x10OdZ\xc2\x17\x8a\x1d\xd5\xb6!\xc0\
\x8a*<\x16~\x99\xf6\xbf#\xcaM\xcc`d&#\
3\x1a\xab\x0d\x11\xcf\x15\xa2!\xbf\xc7\xc7<\xbe\xbaP\
\x8c&\x01\xe2\xb9\xb6\xfb\xfc\xc2^\xe3`M\x04\xb8I\
e\x96#\x81\xc2\xfdEI\xdb\x0c\xecc\xa8>s\xe4\
\x99+_\xd2F_u<>\xe6\xf1\xd5\x85\xf27\x09\
\x10+*\xafW\x8f\xb7\x88\x22u\x83\xc0\x15\xea\x86U\
R\x9e\xa8\x9cK'e\xd9\x89\xfa\xd4e\x9c\x18\xab\xaf\
d7\xd0C\x05|\x0c_Kum\xf9\xea\xd2\xbaM\
\x02\xc4\x8aJ\xcf\xa9o\xa9`QP\x8c\x00\x9f\x0e\xe0\
l\xc2\xb73,\xc7Y\xd4\xc9\x8e:\xc8\x8bJ\x02\x85\
\x07\x02\xda\x1d|\xb2|\xcd\xf2\xd5\xa5\x0a6\x09\x90=\
\x97\xb6\xba\xb5\xc0\x12z+W\xfco\x0b\x81W\xa9a\
\x1e\x0b\xb3$\xaa6\xb3\x13+@2#\x92K\xaf\xec\
\xca\x1dW\xb0|\xcd\xf2\xd5\xa5\xe2z\x02dYek\
\xd14\xa6\x9c.\xab\x1b\xc7\xbbA\x80\xb5\x81yJu\
\x88\xba\xfbkQI\xe2\xe6\xfd\xe6\x92\x8a\x1d\xd6\xb1|\
\xcd\xf2\xd5\xa5\xa26\x09\x90\x1f^\xda\xea\xd6\x02\xae\x0d\
\xb7n\xc5\xff\xbe\x11\xb8X\x02<V\xf44\xd1\xd5\xa2\
\xdc\xb4\x8b*\xf0\xb4K\xd9 \x93\xe5k\x96\xaf.U\
*\x02d)4\x93,8[Zq\xd9\xf5R\xe5,\
\xa1\xa3\xcc\x9d8\x13\x1d\xed\xe6\xee\x96q\x90\x01b\x9d\
\xb6,\xa1\xbb\x850z[C\x80\xcf3\xb02$7\
\xf2,\xe7\xb9v\xdc\x93?\xc7\xc3\xd4\x03\x8f\xe5k\x96\
\xaf.\x15\xb9\xf4\x0c\xc2[t\xab\xae%\xf4R\xa1\xa2\
\xa0\x13\x04\xaeT/\xc7\x88\xb8\xc7` \xa36\xcd\xc4\
;\x12f@\x9a\x8c\x1d3X\xbe\x86\xaf\xe2\xb3\xd9b\
Q1\xbb\x92*x\x22\xd2\x12z6\x9b\xa9\xa5H}\
#p\x9e\x04\xe0E!g\x87\x7f\xd1\xb6\x95\x86x\x99\
\xe5\xf15\x8f\xcf\xce\xe9^\x1a \x9e\x9b\x1e\x8f\xd0s\
\x02\xc5\x81\xde\x10x\xadzfn\xbcu\x13\xbf\x9b\xf8\
\x86\x96<\xbe\xe6\xf1\xd99\xbdJ\x03\xc4\x13\x8d\x1e\xa1\
\xe7\x04\x8a\x03\xbd\x22\xc0\xb0\x0d\xeb\xbd\x09\x83\xffz\x15\
rA\xe7\x1e_\xf3\xf8\xec\x5c\xd3\xa5\x012\xd7P\x1c\
\x98\x0c\x02\xdf24)YB\xd5hr\xb8\xc5\xa5\x01\
\xc2\x93\x10K+\x9e\x9d[<Q>,\x04\xee/q\
N\x11\xa5R\xc9\xf0\x95T{5\xca<\xbe\xe6\xf1\xd9\
9YJ\x03\x84o\xf3\xcd5\xb6\xe9\x80G\xe8MU\
*\xeeFS\xb9\x080o\x9dIX\xd6\x22\x07\xd6\x92\
\x9f\xb9\xfd\xd6\xe0\xf7\xf8\x9a)\xf8\x86/\x00\x00\x0f@\
IDAT\xc7g\xe7d)\x0d\x10O4z\x84\x9e\
\x13(\x0et\x8e\xc0\xe3\xd5#\x8b\x1f0o\x9dO6\
h7\x99\x18\x12\x9fd\xe8\xa1\xd0\xe3k\x1e\x9f\x9d\x13\
\xbd4@\xb8N\xfd\xde\x5ck\x1b\x0fx\x84\xdeX#\
\xf6\xbaD\x80\x15\xd0\xdf\xa6\x0e\xffRt\xb0\xc8\x93X\
\x87\xea\xcd\x1e\xc6\x8ey,_\xc3W\xf1\xd9l\xb1J\
\x03\x84\x8e\xac\x88\xb4\x84\xa6\x8d\xa0\xee\x11\xe0i\xcei\
\xea\x96\xb5m\x7fEyNba\xbb\x1c\xfe\xaex-\
_\xb3|u\xa9\x9cM\x02\xc4\xba\xa6\xb3\x84^*T\
\x14\xb4\x86\xc0\xb1j\x99y\x1e/R\xbe\x93('}\
X\xccL\xf1U6\xb8d\xf9\x9a\xe5\xabK\x15\x8a\x00\
Y\x0a\xcd\xf2\x82\x11\x96<\x5c2\xff\x95\xe8\xad\x22\xeb\
&\x5c,s\xe9:\x1di\xb4\x00\x9b\xea\xb7\x99\x06\x19\
 \xd6i\x8b\x05\x95\xdb\x04%\xda\xb6\x11`\xa2\x10\x9f\
\x84\xfb\xa8X\x7fAT\x92^\xa3J\xf7\x14\x0d9Y\
\xbef\xf9\xeaR\xdd\x9a\x9cA\x98\x8c\xb3\xb4a\x15\xdc\
O\x14\xa9?\x04\xd6\x96\x1d\xe5C\xa2%R\xb0\x06\xd7\
\xc9\xaa\xf8\x1b\xa2\xa1'\xcb\xd7,_]\xaa_\x93\x00\
\xb1\x96\xe9\xb7\x84^*T\x144B\x80\xe5E\xb9\x01\
g\xe1\xea\x92qS|\xdc\xe7\x15\x92\x80y#oP\
>\x86d\xf9\x9a\xe5\xabKul\x12 _^\xda\xea\
\xd6\x02\x8cc]\x1bn\xe5\x8c\xff5\x10\xd8O\x8d\xbc\
C\xc4\xf2\xa28\xb76\xb3\x13\xf5\xa9\xcb\xdb\xf4\x92u\
\x80\xb3;\xacP\x01\x1f\xc3\xd7RMY\xbe\xba\xb4n\
\x93\x00\xf1D%C\x17\x96v\x1e\x05s\x08\x94\x1c\xb8\
\xb3*\x9d.\xe2\xacq\x94\xf2\x92\xc4\x8b\xc2'\xa8\x22\
C\xd9y\xd7\xa1\xcd\xd1$\x8f\x8fy|u\xa1\xc2M\
\x02\xc4\x13\x95\xd6\xa9o\xa1Pq\xd0\x8d\xc0\xf1\xe2$\
0NU~{Qn\xfa\xaa*<[\xc4\x87fx\
a\xa8\xcd\xd1%\x8f\x8fy|u\xa1\xe2M\x02\x847\
\x937,l\xf5\xb6\x83\x1e\xe1o\xe3\x8e-/\x02<\
r=_\xcc|\x00to\xe5\xb9\x89\xafW\xfd\xbe*\
q9\xc5S.m\x8e6Y>\x86\x8f\xe2\xabE\x0a\
6\x09\x10:\xb4\x22\xd3\x12\x9e6\x82\xfc\x08\xb0V\x15\
7\xce|\xf0\x93\xc9M\xfe\x9a\xb7q\x9e\xa3M\x02\xe3\
\xb7\x95\xe3<\xcaF\x9d,\x1f\xb3|4\xa9|\xd3\x00\
\xb1\xae\xed\xa6\xf4\x1d\x8a$\x90-\x17\xee\xa0\xf6qh\
\xde\x82\xf3\xa1O\xedf\xa7O\xa8\x06\xcb\x92r\x9f\xc2\
\xd7\xab\xb4;\x89d\xf9\x98\xe5\xa3I\x10\x9a\x06\xc8U\
\xc9\xd6g\xb3\xbb\xa9\xfc\xc7E\x91\xca\x11X\xfb\xde \
\x1f\xf6,Y/\xf7\x1au\xfd\x9c\xd9l\xc6\x80D\x96\
%\xd5\xeed\x12\xbe\x85\x8f\xa5\x14\xb2|4U\xb7\xf1\
\x17\xa6\x98?\x90\xec@\x85\x07\x88\x22\xe5#\xc0/\xe3\
\xbbT\xed\xdd\xa2\x07\x8br\x13#X\xd7\x96\x1fe\xbe\
yn\xfd1\xf0{|\xcb\xe3\xa3Kumz\x06\xe1\
\xfa\xee\x9f\x97\xb6\xbe\xb5\xe0\xc0\xadY\xfcw\x22\xc0/\
\x22/\xea\xb8\x9c\xe2\x03\x9e\xcej\x1b\xd8\xd6\xbek\xc8\
\x02\xd6\x8c\xa3\xdaP8\xa1\x1d\xcb\xb7\xf0M|\xb4X\
\xe5\xa6\x01B\xc7V\x84rC\x08_\x90\x8d\xc03\xc4\
\xc2c[>\xd8\xc9W\xa0\xb4\x9b\x95\xf8,\xf2\x93T\
\x83\xc0\xba\x5c\xf9\xd4\x93\xe5[\x96o\x9a\xf8\xd4\x08\x10\
\x06\xc2\xa5:\xe2+\xa3|i5\xc5\xb3\xeae\x87\x09\
\x80\x8bD|\xa0\xb3d\xa9~\x16of\xcc\x14\x0e\xf3\
\x1e\xb5\xb3\x0a\x09\x9f\xc2\xb7R\xbaZ\xbe\x99\xaa\xbb\xa5\
\xacF\x80\xf0\x8b\xb7\xa5\xb1\xc4\xbf\xfd\x13e\xab\x5c\xc4\
M&3\xf4\xf8\xa5\xe3\xc3\x9c%X0\xda\x96K\x0d\
\xf2\x92\xfa\xcd\xeb\xf4\xd3\x82\xc7\xa7<\xbe\x99\x94\xbeF\
\x80\xb0\xca\x85\x15\xa9\xac\xdc\x97\x14d\xc5\x0a\xf9H\x0d\
\xe3\x9d0\xe0\x09\x85\xbas\xa6\xe0\x8c\xc1\x99\x833H\
a3\xa3\xadf\xf9\x14>\x89o6R\xb0F\x80 \
\x00\x86&_FG\xa8\xe0.\xa2H\xb3\xd9\x91\x02\x81\
\x1bp>\xbcY\x82\x09\xf7\x16\xdccp\xaf\xc1=\x87\
\x9a[\xb9\x04n\xf8TJq\xcb'Su\xd7\xcbj\
\x05\x08/\xa1\xd6\x1b]\xb0\xf1#:f)$\x96I\
'.\x83\xf8\xd5\xe7C\x9b,\x02\x9d\xab,O\xa3x\
*\xc5Y\x83\xa7T\xb9\xf5\xa7\xc4\x8f/\xe1S)\x9d\
,\x9fL\xd5]/\xab\x15 \x17\xaaEV\x0bW\xb6\
4\xf1\x16wi\xe1H\x0a\xbed\xc8\xc9\xa0\xbf\xcd,\
,\xd5\xc9\xb8'~\xd1J1\xe0=\x06\x81\xc1{\x0d\
\xdeol\xeec\xd5\xf6-\x1c\xf1E|\xb21.\xb5\
\x02\x04A\xac\xd1\xa0\xdc\x84\xf2+\x0a\xefX\xe9s\x86\
\xe0\xcc\xfd~\x89x\x98\xea\x0a1#\x8f\xcb)~\xf9\
\xbfO\xc7s\x13o\xbey\x03\xce\xca\xeb\xbc\x11\xcf\xad\
?z\xfe\x05\x0a\xe0C\xf8\xd2\x82\xa2\xf5C\x96/\xae\
3Z\x1b5\x03\xe4}Vg*\xe7\xd4\xa8l\xb4\x89\
\xc5\x9d\xad\x91\xa1|\x9c\x86a\xe4\x10\x0bA\xdf\xa7@\
[\xc6J1f\x8a_\xca*\x97\x0a\x052\x0c\xb5\x8a\
\xc7\x87<\xbe\xe8\xd2\xaff\x80pZ\xfb\xa0\xd1+\xca\
\xe5.7c4\xd9i\xf1\xad\xea\xad\xd1\xd8\x1e\xd5O\
%F\xd72(\x91\xcb)F\xdd\xa6xW\xb1\x0c\xdf\
\xc1\x87R\xba\xe3\x83\xf8b\x8a\xc7]V3@\xe8\xd4\
:\xb5\xed.&~\x19\x95\x8d6\xb5\xb5x\x1a\xf32\
\x08\x0c\xeeW\x98\xaf1Z\x80Z\x14\x1c\xdf\xc1\x87R\
]X>\x98\xaa;WV;@8\xb5}s\xae\x97\
\x8d\x07\x8e\xdb\xb8;\xba=\xd6\xa6}\x7fE\xa91(\
7\xf7\xcc\xec\xe3\xb2\xacb\xd3\x93k\xca\xf2\x1d|\x0f\
\x1f\xac\xa6x\xed\x00\xf1\x08\xc8\x1b\xd0\xdc%/\xab)\
\x5c\xa9!\x16|n\xda\x14s\xbf\x99\x03\xce\x5cp\xe6\
\x847mo\xea\xf5\xf1\x19|'\xa5'\xc1\x81\x0f\xa6\
x\xd6\xca\x5cy\xed\x00\xa1S~\x11\xc9Sd\xfd\x12\
\xa4\xea\x0e\xa5\x8c\xc5\x9fK>\x05\xc0j!\xbcE\xe7\
r\x8aUD\x86\xa2\xcf\xd0\xe5\xf0\xf8\x8c\xc7\xf7\xb2\xf4\
l#@\xb8IbJhJ\x10.)\x98\x08\x94\xe2\
\x19z\x197\xeb\xbc\xe3`\x816\xaf\xacL\x97%0\
\x18\xce\xce\xfaS\xdez\xab\xce\x87\xaf\xe03)\x1c\xf0\
9|/\xc5\x93]\xd6F\x80 \xc4\x9f\xf0\xcf \xcf\
/\x82\xd1\xc4 \x8a_-)xW\xc1\xcd;\xef<\
\xfeK\xfb\x9b\x13\x03\x12\x1f\xa4\x83\xbc\x17a\xc5Bm\
F\xca@\xc0\xe3+\x1e\x9f\xcb\xe8r+k[\x01\xc2\
p\x0a\xc6\x0cm\xede\xf1\xffCu\xf8q\xa2)$\
\xdeU0W\xfc )\xb3\xb3\x88\xb5\x9a\x98\x05\xc8;\
\x90;h\xffD\x11\xf7\x1c\xca\x22e\x22\x80\x8f\xe0+\
\xa9j\xf8\x1a>\x97\xe2)*k+@\x10\xe6l\xfe\
\x19\xf4,\xa3|\xac\xc5_\x90\xe0\xbc\xeccM\xd8o\
k;R9\x02\x1e\x1f\xf1\xf8Z\x91\x04e\x01\xe2\xeb\
\x8aS\x1e\x8e\x92\xe2f}'\x86Q\xa4x\xa2lu\
\x11\xc07\xf0\x91\x14\x02\xf8\x18\xbe\x96\xe2).k3\
@\xbe+\xa9<\x91\xfd\x02\xf1\x95\xcc\xa2S\xb5H\x13\
F\x00\x9f\xc07,\x15\xf11|\xcd\xe2+*o3\
@\x10\x88\xc8\xb6&\xf30l\xd9\x03\x04\xed\x05\xad\x0e\
\x02\xf8\x04\xbe\x91\xd2\x18\xdf\xc2\xc7R<\x8d\xca\xda\x0e\
\x90\x1b%\x1d\x03\xf6\x94%\xd3\xd3T\xca\xb2\xfd\xca\x22\
\x05\x023|\x01\x9f\xb0\xa0\xc0\xb7\xf01\x8b\xaf\xb8\xbc\
\xed\x00A0\xbeS\xf1)6\x0c\xe2\x17\xe3v\x06O\
\x14O\x1f\x01|\x00_\xb04\xc5\xa7\xf0-\x8b\xafQ\
y\x17\x01\xc2\x08X\x8f\x22,\x94vJ#m\xa2\xf2\
\x14\x10 8\xf0\x05K\x17|\x0a\xdf\xb2\xf8\x1a\x95w\
\x11 \x08x\xae\xfe\xb1J\xa0\xb2db.\x05c\x93\
\x92LQ8Y\x04\xb0=\x13\xce,\x05\xf1%|\xca\
\xe2k\x5c\xdeU\x80 (\x11\xefy\xda\xc0poV\
1\xa7N\xd0\xea \x80\xcd\xb1\xbd\xa51>\x84/Y\
|U\xca\xbb\x0c\x10\xde$3\xa7\xda\x12\xdc\x0b\x94\xd5\
N\x94\x8f\x0b\x01\x82\x03\xdb[R\xe3C\xf8\x92\xc5W\
\xa5\xbc\xcb\x00A`\x22\x9f\x17;l\xa7\xc8{\xaaM\
\xb5\x11e\xe3A\x80\xcb*lnI\x8c\xef\xe0C\x16\
_\xb5\xf2\xae\x03\xe4fI\xcezP\xca\xccT\xfb~\
\xc4\xec0\x18zA\x80\xc0\xc0\xd6\x9e\xce\xf1\x1d|\xc8\
\xc3[\x85\xa7\xeb\x00Ahf\xe41\xdc\x9bm\x8b8\
\xedZ_\x10\xb2\xda\x88\xf2\xe1\x22\x80m\xb1\xb1GB\
|\x06\xdf\xf1\xf0V\xe3\xe9#@\x10\x9e\x09C\x9ei\
\xab\x5c\x932\xa9\xa8\xe4\xc31\xf4\x134\x5c\x04\xb0)\
\xb6\xc5\xc6\x96\x94\xf8\x0a>c\xf1U/\xef+@P\
\x845e=s#\x1e(\xe6\xea3\xc5\xd4f\xa4~\
\x11\xc0\xa6\xd8\xd6\x92\x02\x1f\xc1W,\xbeV\xca\xfb\x0c\
\x90\x1c\xc5Y,\xec#\xad \x10\x8d\xf6\x81\x00\xb6\xc4\
\xa6\x9e\xbe\x09\x0e|\xc5\xc3[\x9d\xa7\xcf\x00A\x99\x9c\
S\xe7!\xaaP}J\xa5\xda\xac\x90\xa2\x89\x0c\x04\xb0\
!\xb6\xf4T\xe1\xb2\x0a\x1f\xf1\xf0\xb6\xc2\xd3w\x80\xa0\
T\xce\xcd\xd7\xe1\xaa\xf0:Q\xa4q\x22\x80\xed\xb0\xa1\
Gzn\xc8\xf1\x0d\x0fok<C\x08\x10\x94\xe3\xd3\
c\x97\xb0\xe1 f\x98\x9d\xee\xe0\x0b\x96a!\x80\xcd\
\xb0\x9dG*|\x01\x9f\xf0\xf0\xb6\xca3\x94\x00aZ\
\xea1\xd2\x94)\xaa\xca\xcct\xaa8X\xf1\x5cY\xa4\
\x11 \x80\xad\xb0\x99GT|\x00_\xc0'<\xfc\xad\
\xf2\x0c%@P\x12`X\xde\xc5\xbb\xec&+\x11\x9e\
E\xc5\xa0A#\x80\x8d\xb0\x95GHl\x8f\x0f\xe0\x0b\
\x1e\xfe\xd6y\x86\x14 (\xcbB\x079\xab\x162\xa9\
\x86\xef\x88\xdf\x91\xca\x93\xa4\xf1*\x85M\xb0\x0d6\xf2\
j\x81\xed\xf1\x01/\x7f\xeb|C\x0b\x10\x14\xe6)\xc7\
\xb1l8\x89_\x1c\x9et\xec\xe5\xe4\x0f\xb6\xf6\x11\xc0\
\x16\xd8\x04\xdbx{\xc3\xe6\xd8\xde\xcb\xdf\x09\xdf\x10\x03\
\x04\xc5\x99g\xccg\x00\xd8\xf6\x10\xab\xee\x01.\xe3z\
<\xfc\xc1\xd3\x1e\x02\xd8\x00[`\x13o/\xd8\x1a\x9b\
{\xf9;\xe3\x1bj\x80\x00\x00ctNb\xc3I\x0c\
Y\xe0\x8bL\x8c\x0cuV\x09\xb6\xca\x08\x80=6\xc0\
\x16\xde\xa6\xb11\xb6\xf6\xf2w\xca7\xe4\x00\x01\x887\
\xea\x1f\x9f5S\xe6N\x8c\x0c\xcd5\x92\xbb\xf1`\x5c\
\x88\x00\x01\x01\xe6`\xbf\x90a\xc9Al\x8b\x8d\x97\x14\
\xf7\x7fx\xe8\x01\x02B\x1f\xd3\xbf\xfdD9\x8b=s\
\x9a\xe7#\x8e\xe4\xaa\x1ai\x11\x02\x95\x8e\x81q.\xd6\
\xd8\x12\x9bb\xdbJb\xb4\xd3\xcc\x18\x02\x04\xcd?\xa3\
\x7f\xacw{\x85roZ\xfbU\xe3\xb4\xcfJ\x19\xde\
z\xc1\xe7C\x00L\xc1\x963\x07X\xfbj\xcdf\xd8\
\x10[bSo\x9d\xde\xf8\xc6\x12 \x00\xc4\x80\xb5G\
i\xe3|QN\xe2\xb4\xcf\x9bY\xd6Z\xca\xa9\x17\xbc\
\xcb\x11\x00K0\x05\xdb\xe5\x5c\xf3%\xd8\x0e\x1bb\xcb\
\xf9\xd2\x01\x1e\x19S\x80\x00\x1f\x8b\x84qJg\x9c\x0e\
\xfb^b\x19\x99\xf7\x8a\x99\x97V,i\xa9\xcdH\x05\
\x08\x80\x1d\x18\x82%\x98\xe64\x81\xcd\xb0\x1d6\xcc\xa9\
\xd7+\xef\xd8\x02\x04\xb0X\xd5\x82\xcfq1\xd2\x93\xfd\
\x1c\xe2\xa5\x15\xbf|,\x8a\x9cS/xg30\x03\
;0\x9ce\xfea+l\x86\xed2\xab\xf6\xcb>\xc6\
\x00YC\x8c\x91\x9e\xbcy\xcd=]\xb3\xde\xebk\xd4\
\x08_$\xe2\xdb\x13\xda\x8c\x94@\x00\x8c\xc0\x0a\xcc\xc0\
.\xc1\xba^\xb4\xb6\x81m\xb0\x11\xb6Z;6\xaa|\
\xcc\x01\x02\xd0\xbc\xad=L\x1b\xe4\xca\xb2\x12\xcb\xea\x9f\
\xa7\x1a<\x81\xc9y\xe3\xab*+\x91\xc0\x04l\xc0\x08\
\xacr\x95\xc6&\xa5\xb6\xc9\xed\xab5\xfe\xb1\x07\x08\xc0\
4\xfd\x95\xe2\xebE\x8c\x19\xbaX\x8dq\x19\xa0l\xa5\
\x13\x18\x80\x05\x98\x80M\x09\x18\x9c18s`\x9b\x92\
\xfa\x83\xa93\x85\x00Y\x03s\xed:\x97\xb5\x93\xd6\x8e\
\xe5\xe4\x0c\x8dx\x9b*\x5c&:A\xb4\x93hU\x12\
\xba\xa23\xba\x83\x01X\x94\xe8\x0e\xf6\x04\x18\xb6(\xa9\
?\xb8:S\x0a\x10\xc0\xe5I\x09\xdf\x09d\xfd\xa4\xd2\
\x1b\xc2\xfd\xd5\x10\x1f\xdd\xfc\xbcrV\xf1\xf3\xce\x9d\x16\
\xfb\xe8\x12\xba\xa1#\xba\xa23\xba\x97(\x01\xd6`\x0e\
\xf6\xd8\xa0\xa4\x8dA\xd6\x99Z\x80\x002\x0b\x8b\xbdP\
\x1b\x18\x8bE\x8e\xb5Y\x94vW-\x16\x0c\xe0\xcb\xb5\
\x17i\xfbD\xd1]DcO\xe8\x80.\xe8\x84n\xe8\
\x88\xae\xa5z\x811X\x839\xd8\x97\xb6\xe3\xac\xd7-\
\xdb\x14\x03d\x0dA\xd6o=R;\xdcl\xf2-\x09\
m\x16\xa7G\xaa\xe6\x19\xa2\xabE|\xb4\x85vs\xde\
\x1e\xabZ\xaf\x09Y\x91\x19\xd9\xd1\x01]\xd0\xa9\x89P\
`\x0a\xb6\xb4\x0b\xd6M\xda\x1al\xdd)\x07\xc8\x1a\xe8\
,\x93\xff\x10\xed\xf0\xdd\x09>\xd9\xa5\xcd\xe2\xc4c\xce\
\x93U\xfb\x9d\xa2\xaf\x88\xb84y\xbbrF\xa4\xfe\x84\
\xf2\xa1$dA&dCFdEfdG\x87&\
r\x82!X\x82)\xd86ik\xf0uW!@0\
\x02\x1fZy\xa56\x18 \xc7\xdc\x03n&\xb5\xdb8\
\xb1t\xe6\xd1j\xe5\xf5\xa2\xcf\x8an\x12}@\xc4\x02\
\xcb\xc7)\xc7\x89vQ\xdeV\xa2m\xfa\xa0/\xfa\xa4\
od@\x16dB6d\xac\xd1?\x98\x81\x1d\x18\x82\
%\x98\xd6hw\xd0m\xacJ\x80\xac\x19\x81a\x0e\xcc\
=`E?V\xcd\xb8|\xad\xa0R~g\xb5\xf3h\
\xd1\xf3Do\x11]*\xe2\xba\xfc:\xe5\x1f\x16q\x89\
\xc3\xaf/}?E\xfb\x8cK:@\xf9\xde\xa2]E\
\xb7\xdfFls\x8c2x\xe0\xa5\x0eui\x83\xb6h\
\x93\xb6\xe9\x83\xbe\xe8\x93\xbe\x91A\xcdTK`D\xdf\
`\x06v`X\xad\xf1\xa17\xb4j\x01\xb2f\x0f\x9e\
\xba\xbcI;8\xe0S\x95\xf3\xa6XYki7\xb5\
\xfc\x08\x11\x978/W\xce\x1c\x88s\x943x\xef\x93\
\xca\xf9u\xbe^\xf9\x7fo#\xb69F\x19<\xf0R\
\x87\xba\xb4A[\xb4)\xf6\xd6\x12\x98\x80\x0d\x18\x81\x15\
\x98\xb5\xd6\xd9 \x1a^ \xc4\xaa\x06\xc8\xf6Ppm\
\xce\x0b\xb1\xc7\xe8\xe0\x99\xa2o\x8aV5\xa1;\x18\x80\
\x05\x98\x80\xcd\xaab\xb1E\xef\x08\x90-0l\xf9\xc7\
<\xea\xa7k\x8bkvr\xf6\xb5\xbb\x12\x09]\xd1y\
\x15uO\x1a8\x02d\x1e\x9e\xed\x7fE\x7fJ\xc5L\
\x0a\xbaR\xf9\xd4\x12:\xa1\x1b:r\xc6\xe0\xcc\x81\xee\
S\xd3\xb3\x91>\x11 i\xf8p\xa2\xd3\xc4\x82\x13\xb1\
\xa6,\xf7\x00\xbc\x5c\xd3\xa1Q&dG\x07tA'\
tC\xc7Q*\xd3\x85\xd0\x11 ~\x94/\x10+\xcb\
g\xf2\xd6\xf8\xde\xdaf\x1d'\xde3\x5c\xab\xed\xa1&\
dCFdEfdG\x07t\x19\xaa\xcc\x83\x92\xab\
V\x80\x0cJ\xa9\x0e\x84\xe1e\x19\xeb8\xb1\x86\xec\x1e\
\xea\x8f\x17sL(b\xb6\xdd\xc7\xb5\x7f\x83\xa8\xebD\
\x9f\xf4\x8d\x0c\xc8\x82L\xc8\x86\x8c\xc8\x8a\xcc]\xcb4\
\xfa\xfe\x22@\xea\x98\x90\xe1\x1b,\xd0|\xbc\x9ac$\
,\x8f`Yz\xf3A\xdag(\x06s\xb7\x19\xc4\xf7\
\x09\xed_%\xbaFt\x8b\xe8{\x22+\xc1\x03/u\
\xa8K\x1b\xb4E\x9b\xb4M\x1f\xf4E\x9f\xf4\x8d\x0c\xc8\
\x82LV\xdbQn \x10\x01b\x00\xd4\xa0\xf8[\xaa\
\xcb\x18%\x06\xf3\xbdT\xdb\x0c\x03?X\xf9\xbe\xa2=\
Ew\x12\xed \xc2\xb9\xef\xa5|\x1f\x11\xa3k!\xb6\
9F\x19<\xf0R\x87\xba\xb4A[\xb4I\xdb\xf4A\
_\xaa\x1e\xa96\x02\x11 \xb5\x11\xcdo\x0f\xe7\xfeW\
Uc\xcc\x14\xf31 \xb69F\x99\x8a\x22\xf5\x85@\
\x04H_\xc8G\xbf\xa3@`\x04\x012\x0a\x1cC\xc8\
\x89\x22\x10\x012Q\xc3\x86Zu\x10\x88\x00\xa9\x83c\
\xb42Q\x04\x22@&j\xd8P\xab\x0e\x02\x11 u\
p\x8cV&\x8a\xc0j\x07\xc8D\x8d\x1aj\xd5C \
\x02\xa4\x1e\x96\xd1\xd2\x04\x11\x88\x00\x99\xa0QC\xa5z\
\x08D\x80\xd4\xc32Z\x9a \x02\x11 \x134j\xa8\
T\x0f\x81\x08\x90zXnh)v\xa6\x81\xc0\xff\x03\
\x00\x00\xff\xff\xff#Ry\x00\x00\x00\x06IDAT\
\x03\x00\xa8\xe1g\xcdY\xf4\xa3~\x00\x00\x00\x00IE\
ND\xaeB`\x82\
\x00\x00&.\
\x89\
PNG\x0d\x0a\x1a\x0a\x00\x00\x00\x0dIHDR\x00\
\x00\x00\xc8\x00\x00\x00\xc8\x08\x06\x00\x00\x00\xadX\xae\x9e\
\x00\x00\x10\x00IDATx\x01\xec\x9d\x09\x9cVu\
\xd5\xc7a\x06P*\x83^\xc5\xdelC\xc4TT\x1a\
f\x06\x90\xac\x9cIS\x5cq\x09M\xd47\x11\xb70\
M1I3\x12\xcc\x5cq\xf9\xb8\xa1\xa4\xb9\xa2\xa5\xa6\
\xa8\x98(\x16\xe3G\x0b\x98\x1dH\xd4\x04\xf4u\xcb\x5c\
\x12\xc2 \x91\x19\xde\xef\x8f\xf7\x8e\xce\xf2\x0c\xcf\xf9\xdf\
\xed\xb9w\xe6\xf29\x87{\x9f{\xcf9\xff\xb3\xfe\x97\
{\xef\xdc[\xd4#\xfb\x97y \xf3@\xa7\x1e\xc8\x0a\
\xa4S\xd7d'2\x0f\xf4\xe8\x91\x15H\x96\x05\x99\x07\
6\xe3\x81\xac@6\xe3\x9c\xecT\xe6\x81\xac@\xb2\x1c\
\xc8<\xb0\x19\x0fDX \x9bi5;\x95y %\
\x1e\xc8\x0a$%\x81\xca\xd4,\x8c\x07\xb2\x02)\x8c\xdf\
\xb3VS\xe2\x81\xac@R\x12\xa8L\xcd\xc2x +\
\x90\xc2\xf8=k5%\x1eHg\x81\xa4\xc4\xb9\x99\x9a\
\xe9\xf7@V \xe9\x8fafA\x84\x1e\xc8\x0a$B\
\xe7f\xa2\xd3\xef\x81\xac@\xd2\x1f\xc3\xcc\x82\x08=\x90\
\x15H\x84\xce\xcdD\xa7\xdf\x03Y\x81\xb4\x8ba\xf63\
\xf3@k\x0fd\x05\xd2\xda\x1b\xd9~\xe6\x81v\x1e\xc8\
\x0a\xa4\x9dCr\xfd,))\xe9?l\xd8\xb0Q%\
%%\x03\x87\x0c\x19\xd2'\x17Mv\xackz +\
\x90\x1cq\x1d:t\xe8\xb6eee\x87\x96\x97\x97_\
\xcd\xb6\xa1\xb8\xb8\xf8\xfd\xa2\xa2\xa2\xbf\xb0}\xb9o\xdf\
\xbe\x1fr\xfc\xf7\xa5\xa5\xa5\xc7\xe4`M\xec!\xec\x18\
\x89\xce\x97\xb1\xad\x03\xdf\x06W\x81s\xc0s\xc1o&\
V\xf1\x02+\x96\x15H\xbb\x00\x90,?\xee\xdd\xbb\xf7\
B\x0e?\xb4q\xe3\xc63\xd9\x96\x80m\x80\xe3\x87\xf7\
\xec\xd9\xf3nhkI\xba\x93\xdb\x9cL\xd8\x0f\xf4;\
\x88\x82~\x04\xb5\x16\xa2\xf3d\xb6\xa5\xe0\x00\xb0\x1fx\
 x\x09\xf8\x0c\xb6l\x84\xeejF\xca\xaf\xf2;\x03\
\xcf\x03Y\x81x\x8e 9\x8e&IT\x18\xd7ph\
{\xd0\x02e$\xdd\xcd\xf0\xfe\xd6@\x1c;\x09\xf6L\
G\xbfG)\xe8\x83-\x8dCw&#\xe5\x02\xec\x99\
\x9cM%\xff\xdfc\xdd\xbe@\xe81\xf7\xa6\x97}\x98\
\xe4\xb8\x07\x97\x8c\x04\x9d\x01\xde\xa3H\xc6\xf9\xce\x8c\x11\
1\xa0K?P\xf6\x9c\xed\xa3\x89/`\xcfeL%\
U(\xc7\xf9\xe0\xefR,\xdd\xb6@\xe8%w#\x89\
~M\x8f\xf9\x14\xbd\xec!!D\xb5\x02y\xf3\x07\x0f\
\x1e\xbcE\x08\xb2|\x8b@\x87\xdda\x9e\x03\x1e\x0d\x06\
\x81R\x0a\xe5N\xe4\xcdQ'\x12DP\x9ay\xbb]\
\x81h\x01Nq\xfc\x8a\xe0k:ub\xc8\xc1\xab\xe8\
\xd7\xaf\xdf\x5c\xaev\xed\x18\xb2\x5c\x938\x92Yk\x0a\
\x15G\x98\x8b\xee\x03\xd5\x89 {&\x852\xc4\xa4H\
\x17\x22\xeaV\x05B\x907-\xc0)\x8e\x9f\x11\xc3O\
\x83Q@\x05W\xbb\xe62m;2\x0a\xe1\x9d\xc9\xc4\
\xb6I\x9cSq|\x85m\x14p\x12\x85\xb2\x80v\xa6\
\xed\xbe\xfb\xee\x9f\x8b\xa2\x81$\xca\xec\x16\x05\xc2\x88\xe1\
g\x01\x1e$^\x83\x98\xb6\xfd\x8ev/\x1f;vl\
q\x10A\xf9x\x19\xad\xfa\x97\x96\x96\xde\x0a\xdd\x95`\
\xd4\xf0Y\x1a\xf8E\x9f>}T(\xa7\xb2\xdf\xe5\xa1\
K\x17\x08S\x82\xc0\x0b\xf0 \x19\xc0Hu\xce\xca\x95\
+\xe7\xd1\xeb\xfaZ\xfc\xe7k\x1b\xb9\xdfd\xb4z\x82\
b<!\x1fm\xc8\xe7wB\xde\x0c\xda\x9fO'0\
\x86\xfd.\x0b]\xb2@\x08Z\xd8\x0b\xf0 \x09P\x09\
\xb3\x8ad\xca\x88\x11#\xb6f?0H\x0e\xc99\x05\
As\xc1\x11`\xa1\xa0\x82N`6\xba\xdc\x83\xcf\x0b\
\xa9Gd\xf6w\xa9\x02\x89h\x01\xbe\x9e$\xf8Qs\
s\xf3\xb6\xf4\xd4?\xf7\x19\x89\xad\xe0\xbb\xb0\xa9\xa9\xa9\
\x9ad:\x1b\xfc\x14\xbf\x9dA|\xe0\xd9\x92\x03\xf3\x85\
\xa0\xafu\x14\xf6L\xc3\x16\xf5\xfca]\x9a>\x1a\x99\
\x9av]9|\xf8\xf0/\xa3W\x97\x81.S $\
N\xe8\x0bp\x92\xe8\x8a\xba\xba\xba-\xea\xeb\xeboh\
hhx\xa7\xb6\xb6\xf6W\x1c\x0b2\xf7\x1eD\xe6L\
\x07U(\x13\xd9\x9a\x01\xfbD_\x0d\x83\xf8%\x87]\
w \x91\xa7a\xcfTly\x04\xdb\xbe\xe3\xd9\xf3\x82\
\xbb\xa4\x0e\x1c\xca\xa5It$*\x94\xb3\xa3^{u\
h=\xa2\x032*\x22\xd1\xf1\x88eh\x8fb\x01~\
\x1f\x81\xfe\x22I\xa4G3\xda\x18\xc2\xb1\x9b\x95dm\
\x0e\xba\xff\xd8\x15\x96\x1bH\xfa\x17\xb8\xdau\xd9\xc8\x91\
#\xbf\xc4\xef\x0e\xc09H\xca\xae\xe5\xbf\x978y\x03\
(>6\xfe@z\xab8Zs\xcb\x1eF\xa4Q:\
\xc7\xf1\x0f\xc1\xb6\xe0\xfe\xeb\x8b\xb0L_\xb1b\x85\x0a\
e\x1c\xfb\xa9\x86\xd4\x16\x08\x0b\xf0!$\xce|\x02\xab\
;\xc6a-\x82\x17r)sOz\xd6\xa3\x181\xde\
\xec,\xb2J2z\xde\xa07\xe2$~'\xe4L\xde\
\xb0a\xc3k\xd8\xf2Op\x198\x1f|\x11\xfc\x17\xe7\
j!:\x1d\x1c\x0c\x06\x81wa>^z\xb3\xed\x00\
\x8d\x8d\x8d\xab\xbcs%\xf8\xf3\xe6\x0e\x04>\x0e\xa0\xfb\
p\xd8fa\xc7|\xc5\x8a\xfdTB*\x0bD\x0e'\
\x91\xef\xc3\xe3\x15`\x18\xf0:\x01\x1dGa\x8c\xaa\xa9\
\xa9\xf9\x8bE =\xefo\xe1\xd1\x83\x7f\xafY\xe8\x0d\
4\xba\xb7\xb0\x0bt\xb2\xe9kl\xb5na\x13\x18\xaa\
H\xfa\xd1\xd8vG>I\xd0\xbc@\xa1h\x0a\xf9\x1d\
x\x1e\xcfGo<_\xa1X)fF\xfaD\x91\xa5\
\xae@\xe4h9\x1c/\x06\x9an\xc0\xdf\x02\xe7\x91\x18\
_&\xe1\xefm9`\xdd\xc2\xd3\x00\xed\xce!&\x13\
\xe2\xc2\x03\xf4\xba~\xf5\xea\xd5\xa3I\xfa:\x17\xa9\xf8\
c><\x07\xc0\xa3G\xfa\xff\xc66(\xec\xaa\x98)\
vA\x05\xc5\xcd\x9f\xba\x02\xe1\xba\xff\x8fqR\x18\xc5\
q\xe3V[m\xd5\x97d\xb8\x14y\xbe\x01\xfe\xb5J\
&F\x93+|\x0b\x09\x9fq\x15\xfa\x9c\x8a^\xa7/\
_\xbe\xdc\xf7\xba\x02\xdb\xee\x194h\x90\x1e/\xf9\x09\
*n\x00\x83\xc0\xae^\xec\x82\xc8\x88\x9d7U\x05\xa2\
E+\xbdb\xa0\xbf\xbf\x80\xff\x11\x92gg\x82\x7fZ\
UU\xd5\x7f\xc2\xf28\xa3\x89\x16\xf4\x87!\xaf\x11,\
$\xcc\xa6\xb7\xaeD\x9fP\xd6\x12\xf7\xdf\x7f\x7f\x13\xbe\
\xba\xb2W\xaf^\xfa\x13\x80\x19A\x0c\xc3\xf7'+\x86\
-2\xd2\xb0MU\x81\x10\xf8 \xc5QO@\xf6\xa3\
W\x1dC\xf2\xbc\xc8~\xe8@\x22\xcd\xe6\x8aP%\x05\
\xa8\xbf)\x09]~\x1e\x81\xabH\xc0\xb3\xd0\xe10\xd6\
Q\xa1\x17\xe9\xa2E\x8b^G\xf6Db\xa0\x1b\x82O\
\xe6\xd1\xa5\xd3\xd3\xf0\x07\x89a\xa7r\xa3:\x91\xaa\x02\
\xc1\x09Z\x14\xb3q\x82\xb7I\xd8\x09\x04\xb7\x0c\xf4\x1d\
Xk\x8b\xba\x22D\x01\x9e\x05\xfda$l\x0d\xdb8\
`\xd3\xa8A\xf1G^\x98\x14_\x0d~\xdc\x0f\x9f~\
\x0f\xc3\x96\x83\xae\xe0'\x86\xaem\x84F\x9f\xaa\x02!\
\xe1\x5c\x1f\xd5\xb8\x80`~\x9e\x84\xfdMh\x1e3\x0a\
\xa2\xdd\xd9$\xacz[M\xbbt\xc5\xcd\xc8i&[\
\x0f\xe5\xad$j%mE2j \xbfS\xc0\xa7\xbf\
\xa7\xdd\x1di\xff\xa7\x10m\x04M\xe0#\x86&\xb9Q\
\x11\xa5\xaa@p\x82\xb5@~\x0d\xed\x00\x02\xa8\xc71\
\xd8-\x1c\xa0\xc3l\xf0(n<\xeao\xdb/C\x93\
\xa0w\xad\x97\x91\x94\x17\x93h%\xc8=\x91D\xadB\
f\xc1\x80\xf6/_\xbf~\xfd\xd6\xe84\xd3\xa8\x845\
\x86Fq\xd1\x92\xa5\xad@z\x1a\xdd\xb1\x92\xe4\xd1\xcd\
1#y\xf4d\xdcx\x5c\x8cN\xe7\x82\xbb0\x0f\xd7\
\xc8r\x0e\xad>\x0bZ\xe01\x0aB\xcf\x83\xa9(v\
%)\xcfgtz\xde\xc2\x18\x07\xcd\xd2\xa5K\xdfG\
\xbf\x97\x8dmYch\x14\x97\x93,\xb4\x83i+\x10\
\xeb\x9c>\xd1\x8f8x\xf3\xf8\xe9\x14\xcb\xb7\xb8O\xb1\
%\x0b\xfb\xaf1\xc2\xecC\x92\x9d\x00N\x03\xc7\xd3#\
Wr|{hz\x82\x07Q\x10z\x1elqh\x91\
\x0f_\x90\xd5\xe7\xd6\x18\x86\xaf\xa1\x0f\x89]\xb5@v\
/++\xdb\xd9\x87?bg\xd1}\x0a\x16\xf6/1\
\xc2\xfc\x91\x22\xb8\x0d\x9c\x0a\xde\xce(Q\xc5\xf1Wb\
W\xc8G\x83\x9e\xaf\xf5\xb7\xf0\x16\xee\xac@,^\xf2\
CC\xaf\xaag\x93\xac\xacZ\x1c[i3\xba`\x1e\
0\xfb\xda1\x86\xc1\xb4\x0a\x81;U#\x08S\x8fy\
\xd8\xfcw\xd0\x02a\xbc\xa9\xc4\xd2NF\xd3\xa3\x87\xd5\
\xd7\x7f\xf7b\x98\x1a\x9f\xa5\xaa@\x98\x8b\xaf\xc6\xc1z\
K\xa0\xc5\xc1{\x94\x94\x94\x0c\xb4\x10f4\xfe=\xe0\
\xf9x\x0f\x8b\x04\xc5N1\xb4\xd0&\x85\xa6c\x81$\
E\xb3N\xf4\xe0\x0a\x90\xb5@z@\xab'c;\x91\
\x94\x1d\x0e\xc3\x03.>\x86\xd6\x1c\xbb0t\x0bCF\
\xea\x0ad\xed\xda\xb5Oa\xf8*0/0\xdf\xdd+\
/QF\x10\xc8\x03\x0e>^\xe5\xc5.P{q3\
\xa7\xae@\x96-[\xa6;\xc8\xd6\x9bc;\xc7\xed\xd0\
n\xd8\x9e\xd5\xc7U^\xecR\xe5\xa2\xd4\x15\x88\xbc\xcb\
\x5c\xd6z\xa9Po0\x17K\x86\xd1y\xc0\xe4c\x87\
\x98E\xa7\xa9\x0f\xc9\xa9,\x10\xec|\x07\xb4\x80)x\
\x16A\x19M\xa7\x1e\xb0\xfa\xd8\x1a\xb3N\x1b*\xc4\x89\
X\x0b$,\x03\x99\xf7Z\x9dm\x0d^X\xaauG\
9&\x1f;\xc4,Q>Le\x810\x5c\xaf3z\
\xb1\x97\x91.#\xf3\xef\x01\x93\x8f\x1db\xe6_\x93\x08\
8SY \x5c.\xcc\xf9\x9a\x9c\x1c\xfey5\xc7\xb1\
\xecP\xb8\x1e0\xf9\xd8!f\xe1j\x17PZ*\x0b\
\xa4\xb9\xb9\xd9\xfa\xf6\xbe\xb0\xde8\x12\xd0\xcd]\x9a\xdd\
\xe4c\x87\x98%\xcaY\xa9,\x10\xe6\xb3\xd9\x08\x92\x9c\
42\x8d \x0e1K\x8eeh\x92\xca\x02A\xef\xf6\
\x05\xc2\xa1\x9c`\xea\xddrrf\x07\xad\x1e\xb0\xfa\xd8\
\x1a3k\xbb\xb1\xd0\xa5\xb5@L_Pbah\x0d\
^,\xce\xee\x8a\x8d8\xf8\xd8\x14\xb3\xa4\xf9(u\x05\
RVV\xa6\xcf\x09|\xda\xe8H\xd3\xf0o\x94\x95\x91\
\xe5\xf6\x80\xd5\xc7\x9f\xf6b\x97[JB\x8f\xa6\xae@\
\xf0\xe3wA\x130\xef}\xc6D\x98\x11\xf9\xf6\x80\xa3\
\x8f\xcd\xb1\xf3\xadP\xc8\x8c\xa9+\x10\x02br2C\
\xff\xd3uuukC\xf6W&\xae\x9d\x07\xe4c\xf9\
\xba\xdd\xe1\x9c?\xad\xb1\xcb\xc9\x5c\xa0\x83\xa9*\x90\xd2\
\xd2\xd2\x83\x08F\xb9\xd1W!\xbd\x03\xcb\xd8Z\xf7&\
3\xf9Z\xb1S\x0c\xd3\xe4\xaaT\x15\x087\x9b\x5c\xde\
\xca\xf7D\x9a\x02\x91r]\xcd\xbev\x8ca\xc1\xdd\x92\
\x9a\x02Q\xcfC\x0ft\xb0\xd1c\xcf\xd5\xd7\xd7;\xbd\
\xd1\xdc(7#\xcb\xe1\x01\xcf\xd7\xcf\xe58\xd5\xe1\x90\
b\xa8Xv8\x91\xd0\x03\xa9)\x10\xc7\x9eG\x7fT\
\x95P\x97wY\xb5\xcc>w\x8ceA\x1d\x96\x8a\x02\
\xa1\xc7\x99\xaa\x9e\xc7\xea)h\xef\xb2\xd2ft\xe1x\
\xc0\xc5\xe7\xd0\x1e\xac\x98\x86\xd3r\xb4R\x12_ r\
$W?.\xb0\xba\x01\xda\x99\xde\x90oe)\x1c]\
\x17jY>\x97\xef\xad&A{\x81bk\xa5/\x14\
]\xa2\x0b\x84\x1bK\xe3\xe4H\x17\xe7477[\xdf\
\x11\xeb\x226\xa35x\xc0\xd5\xf7\x8a\xadbl\x10]\
0\x92\xc4\x16\x08\xbd\xcb~xe\x16h\x06\x1c\x9e\x8d\
\x1efo\x85O\xe8:\x8ax\x1a\xcc\xf2b\xed\xfdL\
\xd6&\x91\x05R^^>\x81d\x9f\xeb\xea*\xd7\x1e\
\xccU~\x94\xf4%%%\x03\xb1\xbbb\xc4\x88\x11\xdb\
\x8f\x1d;\xb68\xca\xb6\xa2\x94\xed'\x06\x8a5\xb6O\
\x88R/\xbf\xb2\x13W \xf4&W\xb1\x88\xbb\xc5\x87\
A\x97\xaa\x07\xf3\xc1\x17+\x0bS\x0aL,\x9d\xca\xf6\
6P\x9f|~\x99\xed\xc6\xe2\xe2\xe2\x97\xb1{~S\
S\xd3J\xfem\xe0\xd8k\xe0\xb3\xe0=\xe0%$P\
*\xde\xf1\xe5\xc5\xc0\xf9\xbb\x8f\xd8~\x0b\x8e\xb9*\xd6\
`\x18\x1aKL\x81\x90\x00\x87\x90\x08\xcf\xd2\x9b\xe8\xeb\
L\x06\xd5?!\x81\xe7\xee\xba\xba\xba\xf3>9\x92\xac\
=\x02?\x1a\xdb\xae\x05_B\xb3:\xf4\xd5E\x87\xe3\
\xd9W\xd2\x0fd\x9b\x0b\xf4x\xf8\x9e\x9c\xd0\xf7\xd8\xcf\
%\x81TLo#\xe3\x06|5f\xc8\x90!\x9f\xe1\
\x5c\xa7P\xc8\x13\x8a\x056\xde\xed\xaa\x03<ga\xdf\
\xb3\xd8g}\x95\xa9k\x13\xce\xf4\x05/\x10\x9c\xb1\x13\
\x09t+\x09\xf00\xda+!\xd88\xc1\x1bk\xd7\xae\
\xfd\xa1\x13G\x0c\xc4L\x95\xb6&\xd8S\xc0\x97\x08\xfc\
\xe34y:8\x18\x0c\x02\x03`\x9e\x88\xaff\xf7\xed\
\xdbw%~\xbb\x09\x1c\xca\xb1\xc4\x81\x17\x937|(\
\xb6'\xf6=\x8c]\xb7*7|\xf0\x87\xcaR\x90\x02\
Q\xefG\xe2\x8c\xc3\x097\xe1\x0c\x8d\x1a'\x04\xb0j\
\x9fe\xcb\x96}\x10\x80?TV\xec\xfa\x14x6S\
\xa5j\x04\xeb\x0bWA\x8b\x0219a\x00\x85w\x0a\
X\x8d\x1f\xaf\x02\xa3j'g\xe3\xf9\x0ez1\xd9'\
\x1f]g\xe7\xb1K\xdfJy\x16\xbbn\xc2\x9f\xe3\x94\
3\x9d\xd1Fy<\xd2\x02\x19<x\xf0\x16\x18\xb7\x03\
=A\x05\x86\x1e\xcb\xfe\xb9l\xe7\xd1\xfb\xe9\xd5\xa1\xb3\
p\xc2)\x18\xb7\x0d\xe8\x0b\xe0\x1f\xc7p\x1e\xf4\x93f\
\xbe\xda\xce\xc5\x84}\x139\xae\xc2\x98\xcev\x10\x18\x07\
l\x81\x1f\xce\x02U(\x17\x0d\x1b6l\xbb8\x1a\xb5\
\xb4\xa1\xd8\xa0\x97\xf5\xc3:\xb9Dn\x03\xbfrd\x96\
rF\xb9\x83\x8f\x95C\xc7*\xa7\xd8\xdfA9\x96\x8b\
1\xacc\xa1\x16\x08\x06\x8cGi->\xff\xcavc\
\xbf~\xfd\xfe\x83\xa2\xcb\x19%\xe6c\xa8\xeen_\xc2\
V\xbdJ\xe0\xab4\xc8\x99T[[{/\xf2\x0b\x0e\
\xd8\xba\x0d\xb6k\x8ax\x03\xca\xec\x0a\x16\x02>\x87O\
\xce/**z\x1a]\x0e*\x84\x02\xb9\xdaT\x8c\xd0\
kR\xaes\x8e\xc7\x8a\x91\xa3\xdcQ\x0e\xdd\xa5\x9c\x82\
\x7f\xb9r\x0c\xffo\x04\x95s\xb7a\xfbx\x8e\x87\x06\
\xa1\x14\x08\xbd\xd6\x00\x14\xbc\x0f\x03\xf45Y->\xa3\
N\x92#q\xfc\xd5\xa1y!\x80 z\xb2\x9d`\x9f\
\x87\xedIYX\x0eF\x97GI\x14}\x03\x11\xd5B\
\x07g\x81^\xac\x8etftcP\xce\x1d\x8f\xed\xbf\
Q.*'\xdd\xd8sS\x87R (u\x07\xe2\xc7\
\x82Q\xc3J\xae\xb3\x7f\x83\xa1\xfb\xfe\xa8\x1b\xb2\xc8\xa7\
8\xb4\xa0\xd4\x14\xaf\xc4B\x1f'\x0d1\xb9\x9cD\xb9\
1\xce67\xd7\x96b\xa6\xd8A\xb3\x12\x8c\x1a\xc6b\
\xbfr2p;\x81\x0b\x84\x9e\xea\x18\x94\xd9?\xb0&\
y\x04\xd0\xc6\xdc^\xbdz\xed\xd5\xd0\xd0\xb0 \x0fi\
,\xa7\xb1\xfbL\x86\xf9gci\xcc\x7f#?\xa4H\
\xe6\xf8g\x0f\x97S\xb1S\x0c\x15\xcbp%w\x94F\
\x1b\xfb\x13\xa3c:\x9eq;\x12\xb8@PD\x97/\
\xddZu\xa3~\x9d6\xb4\xde\xd8\x7f\xd1\xa2E\xaf\xbb\
\xb1FCM\xd2\x9d\x8aN\x89\x98\xe2\x19,<\x10}\
\xb562\x90FO\xa2\x182\xe5\xda\x1f\xffi]\x12\
i<i#pn\x06*\x10\xa6\x18\xdf\xc7\xa5#\xc1\
H\x80\x1e\xfajz\x9cQ841\xc9H\xaf4\x1a\
cg\x80AA\x17/:|\xf2\x99\xcb\xc3\xdb\x13\xd8\
Jl\x1f\x0fN\xa3\x91F0(LD\xef\xc0\xbdi\
P%Z\xf3+\xa6\x8a-6F\x19\xdb\x91^\x8e\xb6\
n\xdai?P\x81`\x9c\x0a\xc4\xa9A#\xf1\xfd\x9a\
\xaf\xd6\xd7\xd7OR\x8fc\xe4\x89\x9c\x8c\x9exg\x92\
7\xc8\x95\xb37Q\xf2:d\xec\xcb\x9c|G\xec\xeb\
\xf0\xc9\xe7\xc6\xc6\xc6WH\x9e*\xce\xdd\x0eN\x85n\
\x18~\xfe:|S@\xdf\x7f%I\x9bw\xa3\xff\xbe\
\xc8H\x0c(\xb6\xd88I\xb1F\xa9\xfb{\xf4\xe0\xff\
\x90\x01\xdf\x05\xcaQ\xdf\x052j\xd4\xa8\xff\xc2\x961\
`X\xb0)y\xb8LYAR\x1c\xa9\xf9jX\x82\
\xc3\x90SQQ\xb1%r~\x0d\xf6\x07]\xe1M\x02\
5\x15\xa6rl;\x83\x02\x98\xc7\xbe\x19H\xa2%\xf0\
]\x04\x96#G\xf7\x05\xfc\x16\xca\xdd\xf4\xa8\xc3\xcc\x0d\
\xc7D\xa8Xc\xdb\x91\x8a=M^\x07*\x17\xd8\x84\
\x02c\xbc\x5c\xf5%\xccw\x81\xac_\xbf\xfe\xdb\xbeZ\
l\xc7D\xcf6\x97C'1\xb5\xd8\x15'\x9dQS\
S\xf34\xbf\x13\x07k\xd6\xac\xd1\xf3S\xceo\x07$\
\xa15M*'\xc9\xa7a\xdf\xdf\x83\x1a\x86\x9c\x99\xc8\
i)\x94\x0f\x1d\xe5\x0d@\x9f_:\xf2\xc4F\xae\xd8\
c\xdb\x19\xca\x05\x1a=\xc9\xcb\x0dv\x83A\x90\x5c\xf5\
] 8\xba\xb3\x87\xec:\xb3\xe6=N\xa8\xe7{\x80\
\xed\xa5\xf0\x9f@\x8f1\x82\xdet\x7f\x9crKcc\
\xa3\xee\xaes*y\xc0\xd4\xa4\x14\xad\x9c\x1f\xa2\xc4\xc6\
\xc3IhM\x93\x02\x17\x06\xed\xb7\x01\xe4\xce$\x81\x0e\
\xe3\xe0\xdb\xa0\x0b\x1c\xc8(\xf2=\x17\x86\xb8i\x95\x0b\
\xca\x09\xe5\x86r\x04?\xeaQ$=!\xac\xdcQ\x0e\
)\x97\xccj\xc1\xef\x9a\xabk-\xc5\xa9\x00\x00\x10\x00\
IDAT\x1f\xcb\xf6] (\xfe\xd5\x8f\xa5l~\
g6s\xcc\x92u\xeb\xd6\x0d\xc4hM1\xc6\xb2=\
\x8f\x00\xdfF\x8fa\xfd\xd6\xe0\xe6[\x88\xf8,\x89\xa8\
\xe2\xd8\xc2\xb1\x99\xc1\xd8\xf8\x90#\x8f\x139\x09\xf48\
\xbe\xfc<L\xcbA3\x900z$\xc6L_HB\
\xe5\x08~\xbc\x0d;\xcf\x03\x95;\xe5\xca%\xe5\x14z\
\xcd\x06\xf3\x82C\xaev\x90\xe5\xbb@p\xb2\xa9*I\
\xaeW\x98c.\xf6\x1e^\xeb\xa0@\xd2\x0f\xd0\xdb\x1e\
\x82\xad\xc7:\xea9\x80`\xaep\xe4\xf1MN[;\
\xc2\xdc\x00Z\xa1\x12\xbb\xfe\xc7J\x9c4:\xe5\x92r\
J\xb9e\xd1\x8d\xf8\x0d\xeca!\xccA\xe3\xbb@\x90\
e*\x10*\xfd\x7f\xa1M-\xe0\x5c\x8d\x1ef\xfd\xa1\
?\x99\x84}\xd7\xcc\x10\x12!\xf3\xec\xbd\x11\xf5\x16h\
\x02\xf4L\xcd(\xd2\x99A\x0e\xb9e\xca\xd5\x5c\xedD\
^ \xd6*\xcf\xa5\x5c\xa1\x8f\xd1\xcb\xea\x12\xa1\xfe\xa8\
\xc9\xaa\xca\x14\xa6\x03\xba\xd2e\xa5\x0f\x8dn\xe9\xd2\xa5\
\xef3\x958\xceA\xa0\xee\x11\xb8\xd0;\x88\x8e\x87\xd4\
!\xb7\xe2-\x10\xef\xb2\x99\xe9r'A{%\x1ew\
E\xd2\x8a>\xb5`\x15\x5c\xc5\xc8q\x91\x958\x0a:\
\xe6\xebO12\x98o\xbc\xd1\x03\x87y\x99>\x0a\x93\
6+\xd3!\xb7\xfa{9\xbbYy\xb9N\xfa\x1aA\
\x18\xce5\xe7\xcd%\xaf\xc3\xb1\x8f>\xfa(\xb5\x05B\
\xb2\x99\x9f1\xa373'f\x07'\x85x\xa0w\xef\
\xde\xfa\xbbn\xd3#\x1c\xe8|HXO\xbd\x86h\x82\
Y\x94Kn\xb9\xe4lk\x05|\x15\x08\x89c\xfd\xeb\
\xb5\x7f\xeb\x92]\xeb\x06\xd3\xb2\xcf\xa5]\xdd\xf30}\
,\x94D\xbb\x9b+J\x8f$\xc16\xdd\x9dF\x1f\x15\
\x89E\x9d\xde\xf4\xc2q<\x85m\xd1\xc5\x99\xc6\xcb\xad\
\x7f[\x18\x1dr\xb6\x8d8K\x81\xb4a\xf0~XG\
\x90w<\xfa\xd4mH2\xf3\xe8\xc1T%1\x0f\x03\
\xca\xd1\x14\xabF3\xd3(\x02}j\x0b\x04\xdd\x05\xd6\
\x1c\xb3\xe6\xacd~\x8c\xbe\x0a\x84\xe41\x8d T\xad\
U\xf9\x8f\x15J\xca\x0e\xba\xeb&\x9cE\x9dWX\x98\
/\xb4\x10\xc6Lc\xfd\xb3\x80\x8a4O\xb3\x88\x93)\
\xc7\xac9\xdb>F\xbe\x0a\x04!_\x01\xf3\x02J\x99\
\x94\xcf+(f\x82\xa1C\x87\xea\x1b\x88\xbb\x18\x9b\xad\
2\xd2\xc5Mf\xfe\xfc\x5cqq\xf1\xf0\xb8\x95\x0b\xab\
=\x87\x1c3\xe5l{\xbd\xfc\x16\x88\x12\xa8\xbd\xac\x5c\
\xbf]\x1f\x83\xc8%#\xf6c\xcc\xcb\xf5z\x1dS\xbb\
\xf4`\x89|v\x0c\xbd\xf4\xaa!\x93\x0dL\x11\xb75\
\x11&\x93\xc8\x9ac\xd6\x9cmce\xa4\x05\xe2P\xdd\
m\x94*\xf4\x0f\xae\x04\x99\x0b\x84\xde\xb7\xb1\xd0\xfa\xe6\
j\x9fi\x9f\x1e?\xb1>\xdff\xb67W[\x85<\
\xe6\x90c\xc9+\x10z\xa6<S\xacB\xba\xb6\xf3\xb6\
\xe9}\xcd\x09\xe3r\xa9\xb1\xf3\x16#;c\xba\xc4\xee\
2bF\xa6\xa9O\xc1\x0e9\x96\xbc\x02\xc1\xe6T\x16\
\x08N\xb7N9Vy\x97\x1a15\x91`*\x10\x97\
\x0e!\x81VZs,y\x05B\xcfd\x9d\x1f&\xcd\
\xef\xd6\x11\xc4\x94\x80\x852\x8e\xe9\x87U?k\x87P\
(S:m\xd7!\xc7b-\x90N\x15\xceNd\x1e\
\xe8J\x1e\xf0\xbbH\xb7\xde\xbd\xb4\xf6\xc4I\xf3\xa9u\
\xd8\xf6\xfd\x10\x5c\x1c\x063u\xb2\xea\x97\xd6\x91\xbe\x07\
6Zs\xcc\x94\xb3\xed\xe3\x12i\x81\xd0\x98\xef\xf7\xee\
\xc2\x1b\x0c\x02p;\x0c\xdb\xfdKJJL\x0fm\x06\
P'\x08\xab\xa9@\x98\x8aY;\x84 \xbaD\xc5k\
\xcd\xb1D\x16\x88\xb5\xba\xa3r\x9e/\xb9.\x09\xc3%\
aS\x12\xfaR$8\x93I7.J\xa4\xb9@\xac\
9\x96\xbc\x02q\x18\xfe\x82\xa7B\x88\x12\xb8tkN\
\x98\xa6\xa6\xa6\x92\x10\x9b\x0eMTii\xa9\x1e\x07\xb2\
\x8enf{CS0$A\x0e9\x96\xbc\x02\xc1\x07\
\xd6\xe1\x0f\xd2\xe4\x80K\x8f\xcah\xb3Wr4\xffD\
\x13\xf42?l\xe90\xa5\xfc\xa4\x81\xe4\xecYs,\
\xd6\x02y\xcd\xe2\x1f\x1co\x1d\xfe,\xe2b\xa3Y\xb2\
d\x89\x9c\xf9\xbc\xb1A\x97\xbf84\x8a\x0c\x85\xec[\
V)\x8c\x82\xa9xyF.{\x1cr\xcc\x94\xb3\xed\
\xdb\xf0\xbbH7\xbd\x90\xc0a\xf8k\xafW\xc1\x7f\xd3\
\x03w\xfaF\x92v\xca\x0dd:\xb3G\xbbcI\xf8\
9\xca\xa8DUCCCw\x98b\x99r\xb6\xbd\xcf\
|\x15\x08\x89o}\x85\xbdu\xf8k\xafW\xc1\x7fc\
\xa3\xf9a?\x8a\xc9\xe9\xc5\x0eQ\x1bWVVv.\
m|\x09\xb4@\x22>%aQ\xb4\x13\x1aS\x8e\x11\
Ok\xce\xb6i\xc6W\x81 \xc1Z\x8d\xfd\xbdWv\
\xc2\x92.\xa8\xab\xab\xd3\xa7\x0d\xac\xc3\xf2\x91\xe5\xe5\xe5\
\x89x\x8d\x0e\xc5\xb1;\x9eV\x81\xb0\xc9\x0b\x1f\xb1\xde\
Jm\x81x\xb9e\xbd\x10a\xcd\xd96N\xf3U \
T\xa3\xb9\xb15k\xd6\x98.5\xb6\xd1*!?\x18\
\x19\xcc\xa3\x08>9W_\xb6M\x80\xea*\x8e~\x16\
=\xd0\xf9\x914O\xaf\x5cr\x0b[\xcd9\xdb\xdaw\
\xbe\x0a\x04\xa7\xea\xe5\xc2\xfa\xfe`kY9\xf7Q,\
\xb5\x05\x82A\xf3A+\xec\xb2a\xc3\x86\xcb\xad\xc4Q\
\xd0\xb1\x16:\x1e\xb9\xe6\x8ff\xb2\xc0\xd5w\x15aI\
'8\xe4\xd6\x7f\xbc\x9cu6\xd4W\x81x\xad\x98\xe6\
t\xf4\xc2\xa9-\x90\xda\xda\xda\xdfb\xab\xf9M\xec\xd8\
z\x02I\xaa\xb7\xb8\xc3\xe6\x0b|3qG\x7f \xed\
\xdf\xe6 \xe0Y\xec\xbb\xcb\x81>q\xa4\xd8k\xcd-\
S\xae\xe620H\x81\xbc\x9cK`\x8ec\xd6w\xf8\
\xe6`-\xfc!\x82p\x85\x8b\x16\xd0_\xc0:\xe0\x0b\
.<a\xd0\x16\x17\x17?\xe5(\xe7ZG\xfa$\x92\
[s\xcb\x9a\xab\x1dl\xf4] \x0co\xa6F\xa1\xb3\
Vy\x07\xe5\x92p\x80^v\x1e6\x5c\xef\xa8\xcb\x9b\
\x14\xc9\x0e\x8e<\xbe\xc9i\xeb%\x98]\xda\x9b\xcdE\
\x88\xd4.\xce\xb1u\x13\x10\x17SnAg\xca\xd5M\
B\xdb\xfd\xe7\xbb@\xe8)M\x8dBw(\x01|\x9e\
\xab<\x8f\xb3\x9d\xc1\x14\xe4\x1c\xf6\x0f\xd0\x94\xa0\x9d.\
\x89\xfdI\xef\xac\xb5\x85\xf5\x8aV\x8b\x1d\xcb\xb1\xd5\xfa\
f\x94\x16\x1e\xa7-~\xdc\x1f\x9f\xfe\x03&=V\xc2\
\xc6\x0c\xa9\x1a=\x94+\xd8z\x00\xfe<\x07{g\xb0\
\xaf\x5cz^\xb9e\xb1\x18:S\xae\xe6\x92\xe5\xbb@\
\x10f\x9d\xd7m\x09\xed\xceT\xb1\xbe\xed\xa7\x8f_^\
\xce\xfec$\xdd\xcb\x18\xfb\x16x\x05\x18\xd9w\x0ei\
;0\xd4\xd4\xd4\xbc\x86\x93U$N\xb2\xe0y\x90\xa0\
N\xc5\xbe\xd0\xa7\x5c\xc8=\x19?\xeaf\xa6\xeb\x1f;\
\xdd\xc2\xe8\xe1r\xf1\xc1\xc9\xe6\xb0\x88\xf1\xd9HP\xb9\
\xf1\x96r\x05[\x1f\xc3\x9f\x8a\xc1\xa9\xec+\x97v\xa6\
-\xe5\x16\x9b\xbc`\xcd\xd5\x0e\x82\x82\x14H}\x07i\
\xee\x07\xf4m\x8b\x9f\xc0\xb6\x10g,&\xe8\x9a\xbf'\
\xb2X\x98j]O`\xb4hG];\x10T}\x99\
\xaa\x16\xdbB)\x14\xe4\x9c\x8c\xafj\x91{3Z8\
|\xb3\x04\xea\x1e=toG\xfe\xde\xf4#i\xffa\
\xd7H\xecS\x0e,F7\xbdkL\xba*G\xf8\xe9\
\x1f\xb8\xd7\xf3g\xbf\xdc\xbe\x0b\x84^\xe8U\x1a\x95!\
lB\x81\xa1\x04]W\x80T,\xb3\x18Fw\x0bE\
j\x88B\xea\xeb\xeb\x8fF\x9c\xde\x16\xc2\xc6\x09\xb6\xc3\
\xb6M\x85B\x12\x5c\x8bm\xdfu\xe1&i\x86\xc2\xf7\
s\xb0\xa50\xca\x5c\xf8[\xd1N$n\xab[\xfdN\
\xc4.\xfe\xd8\x0d\xdbf\xa1\xccB\xfc\xa4\x1c\x18\xca~\
X\xf0$\x97x}?J\xe3\xbb@<\xed]\xaf\x9c\
xly7\xe3\xe8\xad\x9f\xc1q\x93\xf3R\xc6L\x80\
^G\x04hr;xOG\xc6\x93$\xc4K$\xfe\
T\xf0L\xf0x~\x1f\x8a\xbd\x15\xda\xea7\xa8\xe3\x1a\
u\x1aH\x1auD\xfa\xb6\xa0\xdf\xc2\xa0\xd9\x1e\x07Q\
\x1cK\xb5\x93$\xc4\xe6\xc9\xf8C/\xb93\xdf\xbfq\
\xd1\x1f\xdf=\xe8B\xdf\x9e6P\x81`XT\x05\x22\
=\xfb#\xff2\x12\xa5\x0a\xd4\x9cS\xc7\x0a\x8e\x8c\x22\
Kpz\x18\x8f\x95\x0cF\xce\x05\xe0\xd5\xa0\xee_<\
\x84\xbdZ\x1b<\xa4\xdf\xa0\x8ek\xd4)\x09\xc1\xe8+\
)\x8e\xc7B\x90\x13\x9a\x08\xc5\x14\xac\xc2\xe6\xcb\x10j\
}\x5c\x04R'x\xad\xa9\xa9\xa9p\x05B\xb2\xcc%\
\x90?uR\xd9\x91\x18\xf9{\x81\x8f\xe3L9\xd2\x91\
;\x1ar\xd6#w\x11\xd8D=\xa0\xb8\x19K\x1f\xa3\
84\x97\xdf\x0cI\xbc\xa7\x14K\xc5\x14\x8c\xf4oi\
\x90\x7fy\x90\xe9\x95\xbc\x12h\x04\x91\x00\x92EW\x16\
\xac\xaf\x97\x11\x8b/\xc4\xd8\xc9L?L\x1fm\xf4\xd5\
\x80#\x13\x9d\xc35\xe8\xa4O$8r\xc6J>\x83\
\xe28(\xf2\x16\x1d\x1aP\x0c\xf1[\x1cS\xe7y\xe4\
\xa6\xeb\xfd\xab\x0e\x96\x04.\x10I$\x08\xdb\xb3\x8d\xe3\
\x15\x9ccp\xf02\xbf_\x0bB\xc7P\x81\x00\xfc\x99\
`\xebrc\x1c\xb6;\xe9\xce\x087\x99\xb8$\xe6;\
\x84\x8a\x99b\x87\x11q|\xd5\xea\xc9\xa2\xa2\xa2\x09\xb4\
\x15\x18B)\x10iA0\x86\x91,\xd7\xb0\xef\xeb\xa9\
I\xf8\xac\xb0\xcb\xfa\xf5\xeb\xdfa\x98\x0e\xf3J\x87\xb5\
\xed\x0et\x14\xc9\x8b\x1c\xfc.\x09\x99\x88\x0f\xe8\xa0\xcb\
rt9\x98\x11\xce\xe9\x11\x19\xf8\x22\x03\xc5J1\xa3\
\x01\xeb\x1b\xf3!\xf5\x05\xca\xbd\xe9\xe4\xe2~\xbaw\xe5\
KB;\xa6\xd0\x0aDrI\x96\xb3Pn\xf0\x86\x0d\
\x1b\xbeD\xb1T\x12\xa8\xd1lOd;\x8d\xf3\xb7\x82\
O\x80\xeb\xc0\xa0P\x84\xdc\xc5\xf4H.\x8fW\x04m\
\xb3S~l~\x97\x84T\xcfx\x1aD\xcf\x81\x85\x80\
\xf7\xf1\xf3\xaf\xb8\xe6\xbf\x17\xba\xcc)\x84\x02\xb9\xdaT\
\x8c\x14+\xce\x85\x91k\xca\x1d\xe5\xd0\xad\xd8:\x0d\xb9\
\xca-\xe5X\xa5r\x8e8\x0c\x06\xcf\xa1\xad\xd0 \x0c\
\xa5;(\xb3x\xf1\xe27(\x96*\x02\xf5\x04\xdb[\
\xd9NE\xf1\x13\xc1\xd1\xe0\xa70\xee`\x98\xae\x03u\
\xf9\x92\x8dox\x01\xceHl@\xae3`\xdb\x8d0\
\x8d\x00\xb5(\xf6}\xf7\x16~\x17\xf8\x10\x7f^\x0d\x8e\
\xc0\xcf?gQ\xaa?Ep\xe1\x8f\x92V\xb1Q\x8c\
\x82\xb4\xa1\x1c\xb9\x0e\xfb\x0e\xc6\xbf\x9f\x02\x95C'b\
\xebT/\xb7\x94cU\xca\xb9 \x8dt\xc6+\x03:\
;\x17\xd9q\x8c\x9b\x83\xa1g\x80%\x18~8=\xc1\
\x1f}6\xd6\x8b\x1e\xea\x01\x9f\xbc\x91\xb0a\xd3Z\xf0\
\xca\xe2\xe2b\x15\xca/h\xc4\xcf\x8dE\xd8\xf2\xc2;\
\xf8\xeefP\x851\x09\x9fF\xd5N^E:#\xf0\
b\xd3\xab\xb3\xf3\x9b;\xae\x9c\xc0\xb6\xc3\xf1e\x09x\
\x06\xf6\x15dT,H\x81\xb4v\x0c\x86?DO\xb0\
\x0f\x0e\xf9\x01\xc7\xabAW8\x8c@Lqe\x8a\x9a\
\xbe\xba\xba\xfa=\x02\xfbKpG\x02\xadW\xf0h\xc4\
\x0c\x9a\xc4\xba#|#\xbe:t\xdd\xbau\x83\xf0\xdd\
\xa9\xe0\x92\xa8m\xf1#\xdf\x8b\x89\x9f\x875\xab\xb1\xef\
\x07\xca\x09l\xd3\xb3f~\x9a\x0f\x8d\xa7\xe0\x05\xd2b\
\x09\x0e\xb9\x93d\x1aI2\xe9\x03\x94-\x87\xad\xdb\x0b\
Y\x08\x8e\xb7\x12\xc7MG\xa0\xe7b\x9bFL}H\
\xb2\x0c\x1b\xb5&\xd3tL\x8f\x9c\xeb\x13nZ\xb7(\
\xf9\xa5\xda\xbb\xfc\xa7W\x0e=C\xa2<\x08\xce\x04/\
\x06+\x91\xb1-x\x1a\xbezx\xd9\xb2e\x1f@\x97\
H\xf0bq\xa1\xabr\xf8\xe5j\xec\x1b\x89}w\xba\
\xf2FE\x9f\x98\x02i1\x90d\x9aD2\x9c\xd8\xf2\
\xdb\xba\x85\xe7\x22z\xad\xd0\x9f\x9a\xb5\xb6o\xa5#\x01\
0\xb1^k\xb2\xd3\xd8?\x12T\xe2\xef\xc6V\xc9\xdf\
\x93\xed\x00p\x08\xf8m\x12\xe5\x08\xf0\x14\xf0|P\x85\
dm\xa6`t\x8a\x81b\xe1\xaa\x00<ZWLr\
\xe5\x8b\x9a>q\x05\x22\x83I\x06]\xa5p}\xbcd\
;z\xa0\x93\xc5\x9fa\xe1<\xe0\xc5@\xcf\x9c\x99\x95\
\x80g\xb4bnf\x88\x910\x91\x05\x22\xfb\xe9f\x9f\
\xc0q\xa7h\xdf\x8a\xf4Bz\x14<\xf1\xa3\x88\xd5\x9e\
\xb4\xd1y\xa3\x87S'\xa5\x18+\xd6\x05\xb0\xd5\xd4d\
b\x0bD\xda\xe3\xb8\x99l5Wgc\x02\x8d\x22N\
Ee\x92\x9a\x11\x99<\xa0d\x87\xd0e\xf4\xb8\xd1\x8b\
1l\xc9\x84D\x17\x88\x5c\xc6\x5c\xfc4\x1co~\xfb\
\x06\xa3\xc8I\xea\xc9\xc4\x9ba|\x1e\x90\xcf\xe5{k\
\x8b\x8a\xa9bk\xa5/\x14]\xe2\x0bD\x8e\xa1\x97\xd1\
\xe3\xe5\xd6K\xc0\xd9(\x22\xa7\xc5\x8c$\xbcFn\xeb\
\xe8Q\xed\xc54f-\xdd\x9bKE\x81\xc8,z\xa7\
\x1b\xb4\xb5 \xb4{[\xe82\x9a\xf0<\xe0\xe2sh\
\xcd\xb1\x0cOC\x7f\x92RS \x5c\xe5\xb8\x13\xc7Z\
\xef\xb8\x7fs\xc4\x88\x11z\xc2\xd8\x9fW2.'\x0f\
x\xbe6=\xfa\xaf\x18*\x96N\x0d\x14\x90\xd8_\x81\
\x14H\xe1\xe6\xe6fs\xcf\xd3\xd4\xd4\xe4z\x99\xb8@\
V\xa5\xbfY\x17_\xbb\xc40\x09\x9eIU\x810o\
\xd5\x9f\xa3\xd6\x1a\x1d\xb7\x9f\x91.#\x0b\xee\x01\x93\xaf\
\x19=j\x15\xc3\xe0\xcd\xc5'!U\x05\x22\xb7\xb0\x18\
\xb4\xbe+7[\x87\xc8a\xf1\xa0\xc9\xd7\x0e\xb1\x8bG\
kC+\xa9+\x10l\xb2\x16\xc8g\xca\xcb\xcb\x93\xfa\
y4\xcc\xe8\x1a\xe0\xf9\xf83Fk\xac\xb13\x8a\x8b\
\x9e,u\x05\xc2\xb5s\xbd\xf9C\xdf\x10\xb4x\xe7+\
\x16\xa2\x8c&\x90\x07\xac>\xfe\xb7\x17\xbb@\x8d\xc5\xcd\
\x9c\xb8\x021:@o\x08\xccK\xca\x90n}\xfbw\
^Y\x19An\x0f8\xf8\xd8\x14\xb3\xdc\xad\x14\xeeh\
Z\x0b\xe4u\xa3\xcb\xb2\x021:*\x00\x99\xd5\xc7\xd6\
\x98\x05P%|\xd6T\x16\x08\xbd\x96\xd5\xd9\xd6\xe1?\
|\xcfv\x1f\x89&\x1f;\xc4,Q\x9eKe\x81\x14\
\x15\x15Y?E`\xed\xdd\x12\x15\x94\x94)c\xf2\xb1\
C\xcc\x12e~*\x0b\x84\x9bM\xd9\x08\x92\x9c42\
\x8d \x0e1K\x8eeh\x92\xca\x02\xa17\xb2\xbe\xf6\
\xbf\x09\x1b[ \xdbF\xe3\x01\x93\x8f\x1db\x16\x8d\x96\
>\xa5\xa6\xb2@\xb0u\x1b\xd0\x02\xff\xb2\x10e4\x81\
<`\xfd\x9c\x825f\x81\x94\x09\x9b9+\x90\xb0=\
\xda\xfd\xe4e\x05\x92\xb4\x98sE\xc4\xf4\x0aK\xe8\xb2\
\x11$\xfa\xe0\x99\x0a\x84X\x98b\x16\xbd\xban-\xa4\
u\x041=B\xd2\xb3g\xcf7\xdc\xdc\x91Q\xfb\xf0\
\xc0\xdf\x8c<\xa6\x98\x19e\xc5F\x96\xba\x02)++\
\xd37\x0c\xad\x9f\xff}:\x1eOv\xdfV\x18\x19\xac\
w\xc8\x07z\xb1K\x95\xb3RW \x04D\xef\xf55\
9\xb9\xb8\xb88\x15\xef\x922\x19\x93\x5c\x22k\x81\xf4\
p\x89]R\xccM]\x810m\xd2[\xd4-\xfe{\
\xa1\xa6\xa6&q\xdf\xed\xb0(\x9e&\x9a\xfa\xfaz\xbd\
\x05R\x98Wm\x87\xd8\xe5\x95\x15\x17A\xaa\x0a\xa4\xb4\
\xb4T\x7f\x98c\xfd\xfa\xed\x1f\xe2rb\xd6N\x8f\xc7\
\x8d>\xd8\xcd\x8b\xa1\x91\xbc\xf0d\xa9*\x10\xdc5\x0a\
\xb4B\xc1_|lU\xb4\xa2\xa2\xa2\xd7\xf0\xe1\xc3\x07\
\xe9o+\xb4\xd5o+oB\xe8\x5c|\xed\x12\xc3\x82\
\x9b\x97\xaa\x02a\x88\xde\xc3\xe8\xb1\x7f\xd4\xd5\xd5\x99\xe7\
\xc6F\x99\xa1\x90\x0d\x192\xa4\x0f\x8b\xd5J\xf0\x12p\
\x01\xf8\xc6\x9a5k>jnn^\xc1\x1c}\xbe\xb6\
\xfa\xad\xe3\xe0\x82\xb2\xb22\xd1U\x8a/\x14\x05\x22\x10\
\xe2\xf9\xfa\x1f\x16\xd1\x0e1\xb4\x88\x8b\x9c&U\x05\x82\
7L\xbd\x0f\x89v\x0f\xb4\x89\x02\xa6\x16'\x83\x0f\xf4\
\xed\xdb\xf7m\x14\xfb\x13x.\xa8\x82\xef\xec]R:\
\xae\xf3\xa2\xfb\x93\xf8\xc4\xcf(s\x0a\x85\xd3\x1b\xdeD\
\x81\x83\xcfM1L\x8aqi+\x10\x93\xdf\x8a\x8a\x8a\
\x12\xb38'\xa9\xf5\xbe\xe0Zz\xce\x9b\xc1#0\xa0\
\x1f\xe8\x07\xfa\x89\x9fD\xbc\x09\xe6\x06\x8adRII\
I\x7f\xf6\x13\x01I\xf2y\x98\x0e)\x0aSX\x0c\xb2\
\xde\xb3\xb4A\x12\xddA\x02-\xa0\xb7-\xd8\xcd\xa9\xd6\
\x85\x81\xcee`\x98\xb0+\xc2\xf4\x15\xabz\xec\x9c\x02\
\xfa-:\xc4\x04\x03\xd6L\xfb`k\xb5|n\x94d\
\x8a\xa1QV\xe4d\xa9*\x10zP\x17\xe7\xeeA\xd0\
\xe6\x93<\xf7\x11\xc4A\x91{\xd2k\x80\xa2\xdc\x936\
\x1fC\xd7\x9b9\x14va \xb2\x0d\xe8\xe5x\xfaP\
\xcd\x9fh\xf3\xc06g\x22\xfe1l\xd8\xb0!\x14\xc6\
\xc3\xac\x99\xe6a\xebpks\xd0\xba\xc4\xd0*62\
\xbaT\x15\x08\x09\xefg\xea4\x96 \xae \x81\xae\xc4\
\x8b\x91\xd9\xcb\x95\xa7-i\xe3Bt\xd4\xdd\xfb\x03h\
+N(\xa5\xb19\xb4\xaf\x05\xbdy}\x02\x8f3\x8c\
\x1c9\xf2\xb3\xb43\x83)\xd5s$\xfb!\xae\x02\xf0\
\x8f\x9f\x18\xba6\x13\x1a}d\x09\x13\x9a\x86m\x05\xdd\
\xd1\xf6\xa7\xd3\xafI\x04\xf6\x03\xf0\xc7N\x5c\x06bF\
\x8d1\x5cy5\x10\x820\x00\x00\x05\xcbIDAT\
Ra\xe8[\x89\xc5\x06\x96\xa8H6-\xe8\xb1\xb12\
\x8a\x06\x90;e\xc3\x86\x0dz8\xf1\xd4\x00\xf2\x83\xc4\
0@\xb3\xfeXSU \xde\xe5\xc4\x07\xfc\x99\xba\x89\
\xab/\xff_C\xa0_\x04\x0fe?0P\x1c?\xa2\
W\x9c\x8d\xa0\x11`\x12@\xef\xc8\xd5\x94+\xb4\xcf\x99\
a\xe3\x04\xfc\xa5\xabo\x9a\xce\x05\xb1\xf1\x01/\x86A\
d\xc4\xca\x9b\xaa\x02\x91gH\xc60z\xa0\xaf!\xeb\
!\x02\xff\x14s\xe9\xaf\xb3\xef\x0bH\x9a\x8b\xd1G_\
\xaf\xf5\xc5\x1f1\xd3\x95\xd8\xf7\x9b m\xb0\xc6\xd8\x0f\
\x1b\x1b\xb1\xf1\x16\xe4\x0c\x00\x03\x01r\xc2\x88] \x1d\
\x5c\x99SW \xf5\xf5\xf5s\x98\xff\x86\xd2[\x13\xb0\
\xbd\x91\xd5\xa8D\x22\x11\xccW\x82t\xd3\x0e\xfa\xdbp\
\xf6y`b\x01\xfb\xc6\x93\xe4\xd6\xef\xaa|l\x07\x9d\
\x86\x16\xe0\x7f`\x8d1\x97\x83\xbe;\x10x?\x06\xfc\
<B\xb1\xfb\xf8@JvRW \xf2k\x0d\xff\xfa\
\xf4\xe9\xb3\xb5\xf6\xc3@%\x12rV\x91\xf4\xbf`\xbb\
Y\xe0\xde\xc3@n\xda=\x0a\xd1\xf1` \xa0\xdd\xc7\
I\xc2ql\xbf\xde\xabW\xaf\xfff\xfa\xd1S[\xfd\
\xf6\x8e[\x9fq\xeaT\x0f\xe4\x0c\xc7\xae\xb5t\x02;\
uJ\xe4\x9d\xf0\x16\xe0\xb7\x90\xccZ\x80\xeb\xdb\xee\xde\
\x19\xe7M\x1b\x06\xc5\x8a\x90\xd5\xb49\x98\x92\x1f\xa9,\
\x10\xf9v\xc1\x82\x05\xff$\x99\xbe\xcc\xbe\xaeN5\xb3\
\x0d\x03\xa6\x91Lo\x93L\xc7\xe5\x12\xc6\xe5\xe2\xe1\xc5\
\xc5\xc5\x8fpn_\xd0/|\x08\xe3\xa5\x14\xc1\x8e\xf4\
\xa8\x07\xd4\xd6\xd6\xde\xcbv\xc9\xa2E\x8b6=\xaa\xa1\
\xad~{\xc7\x0f\x10\x9d\xe8A\xf1\xb1\xf1\x05}\x91\xf3\
\x02\xb6\xe9oir\x0a`\xa4\xb9\xc0[\x80O\xc8I\
\xe0~\xf0#X\xa6+F\x8a\x15\xfb\xa9\x84\xd4\x16\x88\
\xbcM2\xbdN\xaf\xfb\x13zI=\xbep\xaf\x8e\x85\
\x80\x03H\xa6;I\xa6ZP\x0b\xdeM\x22\xd9\xdf\x97\
\xcb\xc5Z\x8c\xef\xbe\xe9\x80\x8f\xff\xd0\xf3n\xd8\xbe\x81\
\xce\xe7Q\x04\xcb\xd9\xcf\x0b\xa2\x13=\x84\xdf\xf0\xf8\xd9\
\xf5\x0d\x0b)\x84\xef\xb4\xe6\xa63\xd0\x02\xfc}dO\
m}<\xe0\xfe\x9d\xf0\xef\x81\xde\xe7(F\xec\xa7\x16\
R] -^\xa7\xb7\xad&\x18\xe3\xf8}\x18\xc9\xad\
\xcb\xad\xec\x06\x06\xdd\xe4{\x86\x84z\x80\xe28\x1di\
*\x0e=\x1f\xc5\xae3T\x91\x80c\xd0\xf38\xf4\xac\
w\xe6\x86A|\xe2\x97\x1c~\xfa\xfeC0\xf8\xffH\
Q|\x0f\xbb\xb4\x00\xff+\xfe\xd2\x02<\xacGV\x9e\
@\xfe\x01\xe8\xfa\x03\xd0\x97\x9d\xd8\x96(\xe8\x12\x05\xd2\
\xe2Q\x822\x9b\x1eW\x8f\x97L\xe4\xd8K`` \
\xe0z~\xeaZ\x04\xe9\x121\x1b7 \x01'\xa3W\
%\xc9\xad\xa9\x99\x1bs\x0ej\xc9\x91<\xc9\xcdq\xda\
t\x08\xde\xfb\xb1K\x0bp=\xb2b\xe2\xc9C\xa4+\
]\xe3\xd1k4\xfa\x05^7\xe5i+\xd6\xd3]\xaa\
@Z<G\xa0f\xb0V\xd0\xb4\xeb\x22\x8e}\x00\x16\
\x02\x96\x93\x88\x07S\xb0WD\xd1\xb8\xe4J>\xb2M\
S5\xe8\xa2\x807)\xb4\x9f\xae^\xbdz\x0f\xf4\xb9\
=\x8a\x06:\xca\x8c\xf7H\x97,\x10\xb9\xb0\xba\xba\xfa\
=\x0ae\x0a\x01\x1cE\x22\x05\xba\x1f y.H\x9b\
\x8f\xd2\xe6\xfe$\xcd\x1c\x17>WZ\xc9W;j\xcf\
\x957 \xbd\xde\xa6x\x152F1b\x5c\xbe|\xf9\
\xf2 \x17\x10\x10\x93\x5c\xe8\xb2\x05\xd2\xe2r\x02\xf8W\
\x12IWf\xf6#\x99\x22\x1f\xfeI\xd6+h\xf3\x10\
\xda\x8c\xa5gW;jO\xed\xb6\xd8\x1c\xf1vVQ\
Q\xd1(:\x9f\xb3\xc1W#n\xab\xe0\xe2\xbb|\x81\
\xb4x\x98`>I2\xe9\xb2\xe9x\x8e-\x06\xa3\x80\
\x89$\xeb\xe4(\x04\xe7\x93\xa9v\xe9\x00\xa6\xe5\xa3\x0b\
p^\x9fO;\x08?\x1e\x9b\xd6{\x1a~l\xef6\
\x05\xd2\xe2\x1c\x8a\xe4vn\x5ci\xdau>\xc7\xde\x01\
\xc3\x02%\xcf\x8c\xb0\x84\xf9\x91\x83mS#(\x92%\
\x8cN\x13(\x8c}\xc1\xc7\xfc\xe8\x95f\x9enW \
\x0a\x167\xae\xd6\x91L\x17\xb3\xafB\xb9\x9em  \
\x81*\x93\x92<\xd8\x15V\x91\xe8\xc6\xe5\xcfp\x8c\xd6\
\x19\xb1\xae\xe1h\xb30\x90\xa3\xd5nY -~ \
\xa9W\x90P\xa7\xd3\xeb~\x9b$\x7f\xb0\xe5\xb8\xcb\x16\
\xbe\x09Lo|\xdf\x97pi\xcbJ\x8bM*\x92\xef\
C\xbf\x12t\x85\x8d\xd8tMSS\x93n\xf4]\x82\
\x8f\xd6\xba\x0a\xe8J\xf4\xdd\xba@Z\x02IB=C\
\x92\x1fA\xa1(\xa9\x16\xb6\x1c\xdf\xdc\x96$\x9a\x09}\
9|\x89\xec]\xb1\xe9w\xe8_\x89\x8e\xfa\xcbFv\
M\xa0\xa7\x114b\x9c\xd5\xd8\xd8\xf8\x8a\x89\xa3\x8b\x13\
e\x05\xd2*\xc0J*zL\xdd?\xd1g\xc5\x8e\xe1\
\x94\xd6\x14K\xd9\xea2\xe6\x0a\xb6\x1a)N\xe2\x1e\xcb\
 \x0a\xe3\x14\xe8\xeb8\x96X\xc0\x96W\xd1\xf1T\x8a\
D\x0f\x1eNG\xd1\xb7\xc0\xd6\xf0&?\xee\x03\xcf\xa0\
\xe05M\x1c\x07\xcf\x22~g\xe0y +\x10\xcf\x11\
\xad7$\xc9\xab\xe0=\xe0Dp(\xb8%8\x18T\
\x12\xdd\xc2=\x96\x97[\xd3'}\x9f\x22\x99\x8b\xee\xe7\
\x80_hnn\xde\x16}\xcb\xb8T\xbb\x03\xbf\xbf\x08\
\x1e\x05^G\xc1\xab\xf89\x95Ak\x0fd\x05\xd2\xda\
\x1b\xdd`\xbf\xa1\xa1\xe1\x1d\x0a\xa2\x9eK\xb5~\xd6'\
\xdd\xc0CmM\x0c\xab@\xdaJ\xcd~e\x1e\xe8\x22\
\x1e\xc8\x0a\xa4\x8b\x0423#\x1a\x0fd\x05\x12\x8d_\
3\xa9]\xc4\x03Y\x81t\x91@ffD\xe3\x81\xac\
@\xa2\xf1k&\xb5\x8bx \x05\x05\xd2E<\x9d\x99\
\x91J\x0fd\x05\x92\xca\xb0eJ\xc7\xe5\x81\xac@\xe2\
\xf2t\xd6N*=\x90\x15H*\xc3\x96)\x1d\x97\x07\
\xb2\x02\x89\xcb\xd3Y;\xa9\xf4@\xf7.\x90T\x86,\
S:N\x0fd\x05\x12\xa7\xb7\xb3\xb6R\xe7\x81\xac@\
R\x17\xb2L\xe18=\x90\x15H\x9c\xde\xce\xdaJ\x9d\
\x07\xb2\x02I]\xc82\x85\xe3\xf4@V \x11y;\
\x13\xdb5<\xf0\x7f\x00\x00\x00\xff\xff\xe5\xf4I\x5c\x00\
\x00\x00\x06IDAT\x03\x00\xa4J\x9bT\xf7\xd5+\
\x16\x00\x00\x00\x00IEND\xaeB`\x82\
\x00\x00\x1a\xda\
\x89\
PNG\x0d\x0a\x1a\x0a\x00\x00\x00\x0dIHDR\x00\
\x00\x00\xc8\x00\x00\x00\xc8\x08\x06\x00\x00\x00\xadX\xae\x9e\
\x00\x00\x10\x00IDATx\x01\xec\x9d\x0d\xf4~\xd9\
T\xc7\x1fe\x85Z\xab\x91\x89\xd4*\x1aC3\xd4\x08\
1\x88\x12\xf2\x96&e&\x19\xf22\xa1\xbc\xcd\xea\x8d\
\xc4\xb0\x06k(oie\xd2\xcb\x18d\x9a\x91\xccL\
D#2*\x992f\xa1\xd4b$\x8dI\xa9\x84(\
1\x15\x8b\xef\xe7?\xf3\x98\xdf\xff\xf1\xfb?\xf7{\xce\
=\xe7\xdes\xee\xb3\x7f\xeb\xec\xdf\xb9/\xfb\xec\xb3\xf7\
w\xef}\xef}\xee=\xf7\xdc\xafX\xc5_ \x10\x08\
\x1c\x12\x81H\x90CB\x13;\x02\x81\xd5*\x12$\xa2\
 \x10\xd8\x82@$\xc8\x16pbW \x10\x09\x121\
\x10\x08lA\xa0b\x82l\xe95v\x05\x02\x9d \x10\
\x09\xd2\x89\xa3B\xcdy\x10\x88\x04\x99\x07\xf7\xe8\xb5\x13\
\x04\x22A:qT\xa89\x0f\x02\x91 \xf3\xe0\x1e\xbd\
v\x82@\x9f\x09\xd2\x09\xb8\xa1f\xff\x08D\x82\xf4\xef\
\xc3\xb0\xa0\x22\x02\x91 \x15\xc1\x0d\xd1\xfd#\x10\x09\xd2\
\xbf\x0f\xc3\x82\x8a\x08D\x82T\x047D\xf7\x8f@$\
\xc8\x86\x0fc5\x10\xd8\x8b@$\xc8^4b9\x10\
\xd8@ \x12d\x03\x90X\x0d\x04\xf6\x22\x10\x09\xb2\x17\
\x8dX\x0e\x046\x10\x88\x04\xd9\x00$V\x03\x81\xbd\x08\
D\x82\xecE\xa3\xeerH\xef\x10\x81H\x90\x0e\x9d\x16\
*O\x87@$\xc8tXGO\x1d\x22\x10\x092\xad\
\xd3\x8ePww\x13\xfd\x80\xe8\xfe\xa2\x07\x89\x1e!z\
\x9c\xe8\xe7E\xa7\x5cE,\xb3\x8d}\xf0\xc0K\x1b\xda\
\x22ClQ\xa6@ \x12\xa4\x0e\xca7\x97X\x82\x9a\
\x80?[\xcb\xef\x12}V\xf4\x8f\xa2\x0bE\x7f$:\
O\xc4\xbe\x97\xa8>]\xf4|\xd1iW\x11\xcblc\
\x1f<\xf0\xd2\x86\xb6\xc8@\x162\xd9G\x1f\xf4E\x9f\
j\x1e\xa5$\x02\x91 e\xd0<FbN\x16] \
\xfa\x82\xe8\xbd\x22\x82\x9a\x80\xe7\x0cpk\xad_[T\
\xaa \x0b\x99\xc8>m\xb5Z\xd1\x17}\xd27:\xa0\
\x0b:\x95\xeaog\xe5D\x82\xe4\xb9\xfeFjFp\
\xbeX\xf5\x07D\xef\x11\xfd\x9a\xe8>\xa2\xb9\x0b:\xa0\
\x0b:\xa1\x1b:\xa2+:\xcf\xad[w\xfdG\x82\xf8\
.\xfb\x06\xb1>R\xf4\x87\xa2\xcbE\x5c\xde<F\xf5\
ME\xad\x16tCGtEgt\xc7\x06liU\
\xe7\xa6\xf4\x8a\x04\xd9\xee\x0e.e~T,\xaf\x10\xbd\
_t\x86\xe88Q\xaf\x05\xdd\xb1\x01[\xb0\x09\xdb\xb0\
\xb1W{\xaa\xeb\x1d\x09\xb2?\xc4\xb7\xd3\xe6\x17\x89.\
\x15\xfd\xbe\xe8!\xa2\xc3DK)\xd8\x82M\xd8\x86\x8d\
\xd8\x8a\xcdK\xb1\xaf\x98\x1d\x91 \x07C\xf9=Z}\
\xb9\xe8\x1d\xa2\xc7\x8bn,Zz\xc1Fl\xc5fl\
\x07\x83\xabm\xde\xf1\xa5H\x90+\x03\xe0\x1e\xaa^)\
z\xab\xe8a\xa2]-\xd8\x0e\x06`\x01&\xbb\x8a\xc3\
\x97\xec\xde\xf5\x04\xf9A!\xf1\x07\xa27\x89\x1e(\x9a\
\xab|B\x1d\xff\x83\xe8\xe2\xab\x88e\xb6iu\x96\x02\
\x16`\x026`4\x8b\x12-t\xba\xab\x09r\x94\xc0\
?S\xf4:\xd1\x0f\x8bj\x96OI8\x97/g\xa9\
~\xaa\xe8\x04\xd1\x1dD7\x13\x1d.\xba\x86\x88\x9au\
\xb6C,\xb3ms\x1fm\x91\x81,d\x22[\xcd\xab\
\x15\xb0\x01#\xb0\x02\xb3j\x1d\xb5*x\x17\x13\xe4\x17\
\xe4\x8c\xb7\x89~BT\xba\xfc\x87\x04r+\xf5\xc9\xaa\
\xef*\xfa&\xd1uE\xb7\x17=T\xf4,\x11\x0f\xf5\
8S\xb8g\x09\xce$\xf0\xd2\x86\xb6\xc8@\x162\x91\
M\x1f\xf4E\x9f\xf4\x8d\x0e\xea\xa6h\x01+0\x03\xbb\
\xa2\x82[\x17\xb6K\x09\xf2Cr\x06N~\x8e\xea\xaf\
\x17\x95(\x1f\x94\x90\x97\x8a~J\xc4\x93\xed\x1b\xa8\xbe\
\x9f\xe8\x97E\x7f&\xfaWQ\xedB\x1f\xf4E\x9f\xf4\
\x8d\x0e\xe8\x82N\xe8\x86\x8e%t\x003\xb0\x03C\xb0\
\x1c-\xb3\x07\x01\xbb\x90 <\x14\xe3\x12\xe1\xb5r\xc8\
\x9dDc\xcb\x7fJ\xc0\xef\x88\x8e\x17\x1d-b@\xe1\
o\xab\xfekQ+\x05]\xd0\x09\xdd\xd0\x11]\xd1\x19\
\xdd\xc7\xea\x08\x86`\x09\xa6`;V^\xd3\xed\x97\x9e\
 \xf7\x14\xfa\xfc\xd8\xe4\x12A\x8b\xa3\x0a\x97/<\x85\
&\xe0\x1e.I\xe7\x8b>'j\xbd\xa0#\xba\xa23\
\xbac\x03\xb6\x8c\xd5\x1bL\xc1\x16\x8c\xc7\xcaj\xb6\xfd\
\x92\x13\xe4\x09B\xfd\x8d\xa2[\x8a\xc6\x94\x97\xa9\xf1\xb1\
\x22._8j~T\xcb\xbd\x16t\xc7\x06l\xc1&\
l\x1bc\x0b\xd8\x821X\x8f\x91\xd3l\xdb%&\x08\
\xa7}\x86Q<o$\xea\xbf\xa7\xf6w\x11q\xa4\xbc\
D\xf5\xd2\x0a6a\x1b6b\xeb\x18\xfb\xc0\x1a\xcc\xc1\
~\x8c\x9c\xe6\xda.-A8\xdds\xdag\x18E.\
\xd8\x5c_\xdfK\x8dO\x14\xf1\xd0L\xd5\xa2\x0b6b\
+6c{\xae\xb1`\x0e\xf6\xf8 WF\xa9v\xc5\
\xe4,)A\xb8\xc6\xe6t\xcfi?\x07\xa0w\xaa\x11\
\x0f\xc8\xb8\xf7\x8f\xa3\xb5\xbaS\x05\x9b\xb1\x1d\x0c\xc0\x22\
\xc7x\xb0\xc7\x07\xf8\x22\xa7}sm\x96\x92 ?+\
ds\xaf\xa7?\xa9\xb6<|\xe3\xee\xcc\xab\xb4\xbc\xeb\
\x05\x0c\xc0\x02L\xc0&\x07\x0f|\x81Or\xda6\xd5\
f\x09\x09\xf2t!\xfa+\xa2\x9c\xc2\xe0<\x82\x81\x87\
o\xff\x9b#`\xa1m\xc0\x02L\xc0\x06\x8cr\xcc\xc4\
'\xf8&\xa7m3mzO\x10\x1cpj\x06\x9a\x97\
\xa9\x0d\xefq\x9f\xa4\x9aWUUE\xd9\x07\x01\xb0\x01\
#\xb0\x02\xb3}X\xb6n\xc27\xf8h+S\xcb;\
{N\x10\x80\xc7\x01\xa9\xf82\xb6\x88\x1f\xa4\x0c\xc4K\
m\xbb\xab\xfc`\x05f`\x97\x8a\x01>\xc2W\xa9\xed\
\x9a\xe0\xff\xf2\x04iB\xadA%\x98\x16\x07\xe0\x07\x19\
7\x18~I\xeb\x0c\x93\xe0]m-FI@\x00\xcc\
\xc0\x0e\x0c\x13\x9a\x1d`\xc5W\xf8\xec\xc0JO\xffz\
L\x10nI2-N\x0a\xce\xff&\xe6\x07\x8b\x9e\x22\
\x8a2\x0e\x010\x04K0M\x91\x84\xcf\xf0]J\x9b\
\xd9y{K\x10\xde\xa1>'\x115\xc6%qy\x90\
\xda.\xb1\x9b\x9db\x07K0\x05\xdb\x14\xc3i\x87\x0f\
S\xda\xcc\xca\xdbS\x82\x00,\xefP\xa7\x00\xf6Wb\
fFB\xa6\xc0\xd1b\x94\x82\x08\x80)\xd8\x82q\x8a\
X|\x88/S\xda\xcc\xc6\xdbK\x82\x00(\xc0\xa6\x00\
\xf5\x161\x7f\xb7\x88\xe1\xe0\xaa\xa2T@\x00l\xc1\x18\
\xacS\xc4\xe3K|\x9a\xd2f\x16\xdeI\x13$\xd3B\
\x86.\x00hJ\xf3s\xc5|wQ\x94i\x10\x00k\
0O\xe9\x0d\x9f\xe2\xdb\x946\x93\xf3\xb6\x9e \x0c~\
c \x5c\x0a0\xdcR\xec\xe2\xe8\x94bT\x07\xbc`\
\xfe\x8cD=\xf1->Nl6\x1d{\xeb\x09\x02\x80\
\x8c\xefq\x11\xe1\xe9m\xaa\x93\x5c\xd9\xc17\x8c\x00\x07\
'|0\xccy%\x07\xbe\xc5\xc7W\xae5\xf8\xbf\xe5\
\x04\xe1\x1d\x03F\x88\xba\xb01\x13zO\xf7\xda\xbfZ\
\x86\xf1z\xec\x91\xaao%b>\xaa;\xaa\xfeN\xd1\
\xb7\x89\xbeY\xc4\xc4\x0d\xd7Q\xddS\xc1\x07\xf8\xc2\xd5\
\x19\x1f\xe3k\x97\x7fR\xbeV\x13\x84k\xd3\x94#\x0b\
\xd7\xb3\x8f\x9a\x149\xbf\xb3\xaf\x14+w{\x9e\xa8\x9a\
A|\xccF\xf2i-\xff\x8f\xe8\xdfEL\xc8\xf0n\
\xd5\x0c;\xffK\xd5\xdc:ej\xd0\x0fk\xf9c\xa2\
\xcf\x88\x98\xb5\xfd\xed\xaa\x7fUD@q\xe4\xd5b\xb3\
\x05_\xe0\x13WA|\x8d\xcf]\xfe\xc9\xf8ZL\x10\
\xaeI\x01\xcc\x05\xe1\xa2\xd5j\xf5h\x97y\x22\xbe\xaf\
U?L\xd1\xc3{\xe0Wh\x99o{<W5\xc3\
\xc0\x99\xe2\xf3k\xb4\x9cZ\x98\xc5\xe4\xa7\xd5\x88\x17\x93\
\xfeF5\xc9\xf5z\xd5\xccpr-\xd5\xad\x15|\x82\
o\x5c\xbd\xf09\xbew\xf9'\xe1k1A\x9e-\xcb\
\xdd#$Os\x1f+\xfe\x12\x93\x11H\xcc\xe8\xf2-\
\x92\xc0<\xb7|\xe4\xe6\xd5Z&x\xaf\xa9\xbaF\xe1\
\xf2\xec\xbe\x12L\x12\xfe\x9dj\xbeE\xe2\xe2&\xf6\xea\
\x05\x9f\xe0\x1b|\xe4t\x86\xee\xf8\xde\xe1\x9d\x8c\xa7\xb5\
\x04a\xac\x0f\xaf\x81\xba\x00p\xbd\xcb\x03+\x97\xbf&\
\x1f\xf3\xdbr\xc4\xa4\xe6\xb7C\xcd\xbe6e\xf3\x99\x03\
\xbe4\xc5\x99\x85\xc4\xbc\xf7&\xc3L\xeb\xf8\x06\x1f\xb9\
\xdd\xe3{b\xc0\xe5\xaf\xce\xd7Z\x82\xa4LL\xc6\xa0\
9\x86.T\x07i\xa0\x83\xdbj?o\xe3q\xe6\xe0\
\x0c\xa2\xd5Y\x0b\x97vo\x90\x06\x5c\x8a\xa1\x9b\x16g\
-\xf8\x08_\xb9J\xa4\xc4\x80+3\x9b\xaf\xa5\x04\x01\
\x18^\xd0q\x8ca\xd85\x83\xe6\x1c\xde\x9a<\xbc\xa2\
\x8a.-N\xf4\xcc\x8fy~\xd8s\xdb\xf5[k\x82\
`\xc8\xc6W\xe0d\xb0\xae\x88\x01b\xc1\xe1\xad\xce\xd3\
J\x820\xef+wy\x1c\x83yq'\xe5\xb4\xed\xc8\
\xdc\xc2s\xc8]\x8f\xd3\x1e\xde\x93\xb8\xa1\xeaV\x0bw\
\xd0x\xf5\x95D\xe13ls\xea\x89\xcf\xf0\x9d\xa3\x03\
\xb1@L8\xbcUyZI\x10\x8e\x18Lm\xe9\x18\
\x0b\xd0\xbc\x9b\xe0\xf0\xd6\xe2\xe1\xc7\xe4\xe9\xb5\x84W\x90\
\xcb\xdd!>\xc3\xc6\xed\xd7\x0a\xe2-\x91\xf8\x0c\xdf9\
\xcc\xc4\x021\xe1\xf0V\xe5i!A\x98^\x9f\x1fg\
\x8e\xa1\xbc\x1f\xcdQ\xdb\xe1\xad\xc5\xc3]#&\x8a\xae\
%\xbf\xa6\x5c\xa6#\xfd\x99\x9a\x1d\x0c\xc8\xc6w\xf8p\
\x80\xed\xc0nb\x82\xd88\xb02\xd7\xbf\x16\x12\x84\xf9\
c\x1d\xfb\x99a\x83{\xe5\x0eo-\x9egJ0\xb7\
nUu[^(\xcd\xf9M\xa0j\x96\x82\x0f\xf1\xa5\
\xd3\xb9\x1b\x1b\x8e\xac,\x9e\xb9\x13\x84\x1f\xb7\xfc\xd0u\
\x94\xe7\x8d4&\x11pxk\xf0\xa0\xeb\xd3j\x08\x9e\
A&3\x96\xcc\xf5\x9b\x04\x1f\xe2K\xc7lb\x03\xdc\
\x1d\xde*<s'\x08\xa7Q\xc70&2sAu\
\xe4\xa5\xf20\x1e\x8a\xb3Gj\xbb\xed\xfc\xf3\xee}\x92\
\xba\xe7\x89\xbf\xaa\xc9\x0b\xbe\xc4\xa7N\xc7n\x8c8\xb2\
\x92y\xe6L\x10\x06\xe71\x8b\x9f\xa34\xa7e\xe6j\
rxk\xf00B\x98/?\xd5\x90=\x97L\x9e\x5c\
\x93$s\xf4\x8f/\xf1\xa9\xd371B\xac8\xbc\xc5\
y\xe6L\x10\xf7\xfa\x92\xf9b\x99\xed\xaf\xb8\xf1\xa6@\
\x9e\xecr\xdb\xd1d\xef\x8a\x8d\x04a\x04\xf1\x1cJ\xe3\
S|\xeb\xf4\xed\xc6\x8a#+\x89g\xae\x04a\xc0\x1e\
_Tu\x94}\xb1\xc3T\x91\x87)8+\x8a_}\
V\xc2\xffE\xc4\xb0\x0c\xbe\x14\xc5\xb8*^e\xfd\x7f\
m\xab]xNB\x92\xd4\xee\xe7P\xf2]\xdf\x12+\
\xc4\xcc\xa1\xe4T\xdb>W\x82\xb8w\x82\x98\x96\x9fa\
\x1c\xd5\x00\x18\x10\xcc\x10\xec\x1a\x8e\xe13\xcb<\x93\xb8\
\x89\xfa\xe7\xbd\x10\xde\xfd\xe0=\x10\xbe5x\x8c\xb6\xf1\
\xdd\xc1\xafR\xfd]\x22\xce^\x7f\xac\xbaV\xe1[!\
s\x0dI\xc1\xb7\xf8\xd8\xb1\xcd\x8d\x19G\x96\xcd3G\
\x82\x5c[\xda\x1d'r\xcao8L\x15y\x98r\xb3\
\xa4x\xbeJ\xcb\x8fN\xee \xf1R\xd1\xd0\x93\xe5w\
\xa9s~\xd0\xdeG5\xc9\xc3\xc7o\xb48\x5c\x129\
\x1e\x90\xc8_\x92\xdd\xf511C\xec\x94\xec{P\xd6\
\x1c\x09\x82\xa17\x1e\xd4l\xb5\xe2\xe5\x22^\x222X\
\xab\xb1\x94L\x90K\xa5\xe5uE\xd8\xa5*\xb9p\xf9\
\xc5\xe7\xd3\xb8a\x90\xdcx\xa0\x01\xef\x93\x0f\xb0T\xdb\
\x8d\x8f\x1dL\x88\x19b\xa7\x9a\x22\xfb\x09\x9e+A\xf6\
\xd3es\x9b{d\xd9lWj\x9d\xd9\x03\xaf_J\
\x98\xe4pO_\xd5\xe8\xc2{\xdf\xa5\x93\x84\xc1\x8c\xbc\
[2Z\xb9L\x01\xae\xaf\x17\x9f \x8c\x09\xe2\xae\xd0\
\x10\x8e|d\x92O\x84\x0d\xf1\xd5\xdcO\x82\x94\x92O\
@\xf3\x1am)y\xbf%A\x1f\x11\x95,\x8c\xfe-\
)/E\x16\xbe\xc6\xe7Cm\x88\x1dbh\x88\xaf\xd8\
\xfe\xa9\xcf \x1c\x01\x0e3\xb4w\xc02\xc4d\xb3\x5c\
O-\xb9\xeeW5\xba\x10\xc8\x04\xf4hA{\x04p\
\x97\xeb\x8c=\xeb%\x16y.RBN\xae\x0c\xc7\xe7\
\xc4\x0e1\x94\xdbGr\xbb\xa9\x13\x84#\xc0\x90\x92\xbc\
\xaa\xe9\xbe;0$+w?\x1f\xb6\xccm\xbb\xd9\x8e\
@&\xa07\xb7\x8f]'\xe9H\xbe\xb1r\xd6\xed\xb9\
\xc6_/o\xabk\xed\xc3\xe7\xf8~H\xbe\x13CC\
2\xec\xfdS&\x08\xd7\xb9N\xf6s$\xf9\xa8mA\
\x1dFn\xbf\x96\x90L\x00\x13\xc8%dm\xca \xe9\
H\xbe\xcd\xed\xb9\xeb\xdcnf\x98yn\xfb\xb1\xed\xf0\
9\xbe\x1f\x92C\x0c\x11KC|E\xf6O\x99 \xdf\
gj\xec\x80d\x8a\xcaf+\x95 \x040\x81\x9c\xad\
\xc8@\xc3\xbf\x1f\xd8\x9f\xba{\xee\xb3\x88\xeb{7\x96\
R\xed\xff2\xfe)\x13\xc4\xb9l\xf9\xa04tA\x12\
k\xb5R*Aj\xdb\xf2\xbe\xc2\x08\xb4\x90 \xc4\xc0\
\x90YN,\x0d\xc9\xb0\xf6O\x99 N\xd6\xff\x85\xb4\
\xfe\x9ch\xeeR\x22A\xfeOF0\xfd\x8f\xaaj\xe5\
o%\xf9\xf3\xa2R\xe5F\xa5\x04e\xca\xc1\xf7\xc4\xc0\
Ps'\x96\x86dX\xfb\xa7J\x10\x86L8\xd7\x8d\
\xee\x10h\xcb\xb8\x11L%\x12\x84\xcb\x1f\xf7\xc5\xa0\x5c\
U\x09(\xfa\xc9m\xbf\xd9n\xe6\x09\xe8\x0e\xa8\xe3\xc4\
\x00\xb1DL\x1dhP\xf3\xdfT\x09\xf2\xfd\xa6\x11L\
\xcbi\xb2Vcc\xa27hl\x07L):V\x86\
\xd3\xfe\x1a\x0e\x93\xc9\xe3\xdcE2Ee\xb3\xb91\xe0\
\xc6T\xb6\x224l)A>.\x85\x5cp\xc4Z\xad\
\x948{\xa0\xdc\x87\xf8W\x99\x18\xbart\xc1>Z\
I\x10ba\xc8\xac\x9dK\x10\xe7\xd4:\x04Z\x89\xfd\
\x5c\xb2pT\x1eKL\xb7SB\x9fm2n\xb3m\
g\xc6\xbe\x16\x12\x04\xb5\x9dXXL\x82\xdc\x1c\x8b\x0d\
z\x9b\xc1\x13,\x07#p\xeb\x83WG\xaf\xf1\xa3\x7f\
\xb4\x90\x02\x02\xdcXpc+[\xa5).\xb1\x5c#\
\x9c\xbb\x17\xd9\x86.\xb4a\xc9Q\xb8\x8c\x15c\xc6\xf8\
\x16\xa0rc\xc1\x8d\xad\xd5*\xd3\xaa\x96\x12\x04\x07e\
\x9a\xb1\x93\xcdx\xa7\x84O\x22\x942\xbe\x85\xdf\x7fk\
[\xdcXXD\x82\xdcbm\xf5\x96\x9a\x17\x89j>\
q\xde\xd2u\xb7\xbb\xf8\xd6HI\xe5/.)l\xa4\
,b\x81\x98\x18\x12\xe3\xc4\xd6\x90\x8c\xad\xfb[9\x83\
\xb8G\x8c\xad\xc6\xec\xd0N.\xadJ\xce\x17\xc5\xf3\x9a\
\xf3\x1b\xc3\xcf\x89\x89E\x9cA\x1c#\x1c0\x1a\xf3\xdf\
l\xea\x90\x1c)\x9f7s\x14=OL\x1c\xb5U5\
S\x9c\x98pbk\x94A\xb5\xcf GH;\xe7=\
b\x07\x0c\x89\xda\xf9\xc2o\x8e\xd2\xc9\x01\xa8\xad\x9d=\
\xd0\xc9\x89\x09b\x8b\x18\x83\xbf\x0a9\x092\xa6cW\
y\xde\xd7\x1e\xd3\xcf.\xb4\xe5%.>cP\xdaV\
&\xe3\xbe\xa0\xb4\xd0\x02\xf2\xdc\x98pc,K\xa5\xda\
\x09B\x86;\x8a\xfd\xb3\xc3\xb4\xc3<L\x0b\xe4<]\
N\x85\xe8\xd3j\xf0\x02Q\x8b\xc5\x8d\x097\xc6\xb2l\
l%Aj8?\x0b\x90\x06\x1b\x1d/\x9d>,\xaa\
QH\x8eV\x1e\x0en\xda\xe7\xc6\xc4N$\xc8'6\
\xd1\x89\xf5\x15\x13\xc71\x7f\xed\xb9\x95\xb0\xf8M\xc9e\
\x86\x14UM\x167&\xbaN\x10fEw\xd0w\xc1\
pd-\x81\x87\xa1\xdco\x96!O\x10\xd5(\xaf\x91\
\xd0\xc7\x88Z.nL\xb81\x96e\xeb\xcc\x97X\x07\
tv\x818\xc0\xbc\x03\xff\x98\x9f\x8a7\x11k\xcdh\
\xce\x04t?\xd2\x09\x8eNlt}\x06q\x94w@\
\xe8\xc4\x9f\xa3\xd5\xfcqI 9\x98\x9bW\x8b\xc5\x0b\
\xf3\xe02\x85iq\xc1\x95\x04:\xb1\xe1\xc4X\xb6z\
-\x9cA\xdc\x1fc\xd9Fv\xd2\xf0\xd1\xd2\xf3,Q\
-\x9f\xfc\xa4d\x9f(\xea\xa98\xb1\xd1u\x82\xf4\xe4\
\x8c9u\xe5\xb7\x86;\xfdf\x8e\x9e\xbc;\xc1\x0c+\
9mw\xbaM\xad\xa3\xd5\x1a\xd4+\xd6\x0b[\xea\xc3\
\xb7\xec\xdb\x85]\xdcI\xe2nU\x0d[/\x92\xd0o\
\x17](\xea\xb18\xb1\xe1\xc4X\xb6\xed-$\x08O\
\x88\xb3\x0d8d\xc3>v0;\xc7\xa9\x95Te|\
\x15\xb3\x10\xbe\xb7\x92\xfc)\xc4:\xb1\x11\x092\x85'\
f\xe8\xe3;\xd4\xe7\xd9\xa2\x1a\xe5\xd9\x12z\x82\xc8\xf9\
\x91+\xb6f\xcb\xe2\x13\x84\xcf\x8b9\xe8;@8r\
z\xe29Y\xca\x96\xbe[\xf51\xc9d\x96\xf6ST\
\xf7^\xdc\x98pc,\x0b\x8f\x16.\xb1P\xdc\x05\x03\
\xde%\x10\x0f\x02\xb9\xabT\xd2\x16^S\xbd\xb7\x04\xfe\
\xaeh\x09\xc5\x8d\x89\xc5_b\xe1L\xe7\xc7\x18|K\
\xa1;\x176\xe4\xd5\x92Gr8\xb3\x81\x88\xb5\x8b\xe2\
\xc6\xc4N$\x08\xa3U\xbb\xf0\x1aJ\x16\xa0c\x0b\xc8\
X\x8b 9\xf8\xc6\xe0g\xd6\x1b\x16R\xbb1\xd1u\
\x82\x5cf:\xab\xe4\xe4gf\x97\xb3\xb2\xf1\xe2S\x09\
\x05\xd6\xc9QBVk2\xdc\x98pc,\xcb\xbe\xda\
\xbfAP\xde\xc9\xf0\xa3\xb2\xb4\xef\xb3\x11\x13D\x1fY\
@u\x86\xa9s\xe6( \xaaI\x11NL\x10[\xc4\
X5\x03j'\x08\x8a;S\xf4;` k\x09t\
\x87BF\x9cSHN\xab;\xb3\xb6G\x00\x00\x0a\x83\
IDATb\x9c\x98pbk\x94}\x91 \xa3\xe0\
\xcbj|LV\xab\x83\x1b1%N$\xc8j\xb5\x88\
\x04q\x9e\xe4\xf2q\xc6o<8\x06\x16\xbb\xc6\x84\xd3\
\x872\xce\xddNr\xfc\x93\xcb\xdc!\x1f\xb1@L\x0c\
\xa9\xee\xc4\xd6\x90\x8c\xad\xfb[9\x83\xa0\xa4sJ\x85\
\xafwr\x1c?d\xe3[\x87\x18:\xdf\xef\xc6\xc2\x22\
\xce \xae\x11\xa5\xae\xcd[\x8f\x8d\x12g\x90?m\xdd\
\xc8\x91\xfa\xb9\xb1\xe0\xc6V\xb6:-\x9dA\xee\x98m\
E_\x0d\xc7\x9eA\xde#s[\x99dZ\xaaT)\
n,,\x22A@\xf0\x0d\xfc\x1b \x17\x94\x011\xcd\
\xef\x1e{\x06\xb9\xbcy\x0b\xc7+\xe8\xc4\x82\x13S\xa3\
5\x99\xe2\x0c\x82\x92\x8e1\xd7\x17\xe3\xadDK/c\
\xcf \x99\x1f\xb9\xe9\x06Vb\x80X\x18R\xd8\x89\xa9\
!\x19\x83\xfb\xa7J\x10&\x0a\x18TF\x0c%\x87`\
H\x5c\x93e\xec\x19\xe4\xbf\x9a\xb4\xaa\x9cRn\x0c\xb8\
15J\xb3\xa9\x12\x84\xa7\xbe\xceG-K\x0d\xc1\x18\
\x05J\xe5\xc6c\xcf \xff]Y\xbf\xb9\xc5;1@\
,\x11S\xd5u\x9d*A0\xe4O\xf87@w\xd1\
\xfe\x12_\x98\x95\x98f\xcb\xd8o\x1f>\xa5Y\xcb\xc6\
+\x86\xef\x89\x81!IN,\x0d\xc9\xb0\xf6O\x99 \
\xcew\xe7\x18\xa3\xc4k\xa2\x96\xf2\xc1\xb48\x04\xf0=\
10d\x98\x13KC2\xac\xfd\xad%\x08J\x03\x12\
uP/\x08\x94\xd3\xd3\xf5\xfd\x22\x13\x84\xa1\x11\xaf3\
\xb0\x04\xa4\x1b\x18|\xc1\xb2,\x04\xf09\xbe\x1f\xb2\x8a\
\x18\x22\x96\x86\xf8\x8a\xec\x9f\xf2\x0c\x82\xc2\xcc\x1aH\xbd\
\x8d\xbeN;\x8f\x13E\xd9-\x04\xf09\xbe\x1f\xb2\xda\
\x89\xa1!\x19\xf6\xfe\xa9\x13\x84\xecg$\xea\x90\x82\xce\
\x91dHF\xec\xef\x0b\x01\xc7\xe7\xc4\x0e14\x99e\
S'\x08C$\x9c#\x00`\xddn2\x14\xa2\xa3\xb9\
\x11\xc0\xd7\xf8|H\x0fb\x87\x18\x1a\xe2+\xb6\x7f\xea\
\x04Aq\xf7\x08\xd0\xfa\xf4\xfc\xd8\x12T\x06\x81C\xfa\
zC\xbc\x1b;\x1b\xcd\xf2W\xe7J\x10g<\xd1I\
2\xeb{EK*\x8c\xc2-EK\xc1\x05\x1f\xe3\xeb\
!{\x88\x99\x9dH\x10\xde#v\x0du\x8f,C\xe0\
\xb6\xb4\x9f\xe9F\xc7RK\xf6\x8c\xd5\xc5\xf511C\
\xec\x8c\xed/\xa9\xfd\x1cg\x10\x14|\x05\xff\x0cz\xa0\
x\xee)\x8a\xb2L\x04\xf0->v\xacsc\xc6\x91\
e\xf3\xcc\x95 \x97HC>?\xacj\xb0<v\x90\
#\x18zE\xc0\xf5-\xb1B\xccLn\xe7\x5c\x09\x82\
\xa1g\xf2\xcf\xa0\xfb\x89\xe7\xc7DQ\x96\x85\x00>\xc5\
\xb7\x8eUn\xac8\xb2\xd6<V=g\x820\x97,\
\x9f\x04s\x14}\xa2\x98\xae%\x8a\xb2\x0c\x04\xf0%>\
u\xac!F\x88\x15\x87\xb78\xcf\x9c\x09\x821/\xe5\
\x9fAL\xf6\xccW\x98\x0c\xd6`\xe9\x00\x01|\x89O\
\x1dU\xdd\x18qd%\xf3\xcc\x9d \x0c[~\x8d\xa9\
5\xa0\xde\xc2\xe4\x0d\xb6v\x11\xc0\x87\xf8\xd2\xd1\x90\xd8\
 F\x1c\xde*<s'\x08F\xb9\xd7\x97\xbc\x89\xe7\
\x9e\x96\x91\x1b\xd4&\x02\xf8\x10_:\xda\xb9\xb1\xe1\xc8\
\xca\xe2i!A^/\xcd\xdd\xd3\xe8\xc3\xc5\xdb\xcb7\
\xbe\xa5j\x94\x0d\x04\xf0\x1d>\xdc\xd8\xbc\xef*1A\
l\xec\xbbs\xaa\x8dy\x09R^\xbb\xe7J$_G\
R5X^ \x8e\x9b\x89\xa2\xf4\x85\x00>\xc3w\x8e\
\xd6\xc4\x021\xe1\xf0V\xe5i%A\xde/+\x9f'\
r\xca\x11br\x81\x16k\x94F\x10\xc0g\xf8\xceQ\
\x87X &\x1c\xde\xaa<\xad$\x08Fr\xc4\xb8\x88\
\x05\x83xw\x80\x0fU\x1a\xac\xc1\xd2\x00\x02\xf8\x0a\x9f\
9\xaa\x10\x03\xc4\x82\xc3[\x9d\xa7\xa5\x04\xc1\xd8\x14`\
\x9e\xac\x06\x0f\x12Ei\x1b\x01|\x84\xaf\x5c-Sb\
\xc0\x95\x99\xcd\xd7Z\x820\xde\x9f\x1fg\xaeA\x9c\xb6\
o\xe92\x07\xdf\xe4\x08\xe0\x1b|\xe4v\x8c\xef\x89\x01\
\x97\xbf:_k\x09\xb2\x92\xc5Lk\xc3\xfc\xb3Z\x1c\
,7\x14\x07\xe3t\x98._\x8bQ\x1aB\x00\x9f\xe0\
\x1b|\xe4\xa8\x85\xcf\xf1\xbd\xc3;\x19O\x8b\x09\xc2\x1b\
c\xdc+wA`\xaa\xca\xf3\x5c\xe6\xe0\x9b\x0c\x01|\
\x82o\xdc\x0e\xf19\xbew\xf9'\xe1k1A0\xfc\
M\xfa\x07`\xaa\xac\xc2d\xc7\x17Z\x9c\xc14\x05\x02\
\xf8\x02\x9f\xb8}\xe1k|\xee\xf2O\xc6\xd7j\x82\x00\
\xc0\xf3\xf5\xef,\x91[\xee&F\xbe\xfa\xaa\xaa\xd9r\
Wi6vfE\xda#G\xa2\x9a,\xf8\x00_\xb8\
\xca\xe1c|\xed\xf2O\xca\xd7r\x82\x00\x04G\x16\xae\
MYv\xe8\x041=]\x14e\x1e\x04NU\xb7\xf8\
@\x95U\xf0->\xb6\x98\xe7`j=A\xb8&M\
\x05\x10'\xedw\xe7d\x0e|w\xa9O0O=8\
\xe1[|\xdc,N\xad'\x08\xc0qm\xea\xbc\xd4\x0f\
\xef\x9a~N\x0bg\x88\xa2L\x83\x00X\x83yJo\
\xf8\x14\xdf\xa6\xb4\x99\x9c\xb7\x87\x04\x01\x94\x97\xeb_\xaa\
\x03\x1e\xa96\xaf\x129\xb3\xf5\x89-J\x06\x02`\x0b\
\xc6`\x9d\xd2\x1c_\xe2\xd3\x946\xb3\xf0\xf6\x92 \x80\
\xf3B\xfd{\x86(\xa5<@\xcc\xcc\x86\xc1\x03+-\
F)\x88\x00\x98\x82-\x18\xa7\x88\xc5\x87\xf82\xa5\xcd\
l\xbc=%\x08 q\x8d\x0b\xc0,\xbbt'1\xbe\
Q\xc4\x90\x07UQ\x0a \x00\x96`\x0a\xb6)\xe2\xf0\
\x1d>Li3+oo\x09\x02X\x00\x0c\xd0,\xbb\
\xc4\xd3\xdc\xb3\xc5\xcc\xa09U\xa5\xcbN\xc9\x03C\xb0\
\x04\xd3\x14\xc3\xf1\x19\xbeKi3;o\x8f\x09\x02h\
\x00\xed\xbe\xb6\x09\xff\x9a\x184\xc7X\x1f\xdeMXo\
\x8b\xdaC\x00\xcc\xc0\x0e\x0c\xbd\x16Ws\xe1+|v\
\xf5\x96N\x96zM\x10\xe0\xe5\xb6\x22\xa7z\x96S\x88\
a\xd7\x5c\x1e\xf0v[J\xbb]\xe6\x05+0\x03\xbb\
T\x1c\xf0\x11\xbeJm\xd7\x04\x7f\xcf\x09\x02\x80\xaf\xd4\
\xbf\xd4\x1f\x89j\xb2\xe2\xc5\x9d\xf3\xb5\xf02\x11\x93\x08\
\xa8\x8a\xb2\x0f\x02`\x03F`\x05f\xfb\xb0l\xdd\x84\
o\xf0\xd1V\xa6\x96w\xf6\x9e `\xcb\xd0\x06\x1c\xc1\
r*\xf1~4/\xe8\x9c\xa2\x86\xcc\xd5\xa4*\x8a\x10\
\x00\x0b0\x01\x1b0\xd2\xa6\xe4\x82O\xf0Mr\xc3\x96\
\x1a,!A\xc0\x13G\xe0\x10\x96S\x89\x196NS\
#\x82\x81\xd9\xfe\xb4\xd8P\x99^\x150\x00\x0b0\x01\
\x9b\x1c\x0d\xf0\x05>\xc9i\xdbT\x9b\xa5$\x08\xa0\xe2\
\x90{i\x81\xf1=\xaa\x92\x0b\x13\x991\x8b\x1fs1\
1\xa9r\xb2\x80\xce\x1b`3\xb6\x83\x01X\xe4\x98\x03\
\xf6\xf8\x00_\xe4\xb4o\xae\xcd\x92\x12\x04p\x19\xba\x80\
\xa3\x19!\xcaz\x0e1_,?H\xb9v\xe6\xdb\x15\
92zj\x83\x8d\xd8\x8a\xcd\xd8\x9e\xab;\x98\x83=\
>\xc8\x95\xd1\x5c\xbb\xa5%\x08\x003\xf8\xed\xa1Z`\
 \x9c\xaa\xec\xc2\xb4\xfc\x7f\xae\xd6\xbc\x06\xca'\xc2\xb4\
\xb8\xa8\x82M\xd8\x86\x8d\xd8:\xc68\xb0\x06s\xb0\x1f\
#\xa7\xb9\xb6KL\x905\xc8\xbcc\xc0\xe9\x9e\xd3\xfe\
z[N\xcd\xa0\xbaw\xa8\xe1kE\x8f\x10\xf1\xb9b\
U]\x16t\xc7\x06l\xc1&l\x1bc\x08\xd8\x821\
X\x8f\x91\xd3l\xdb%'\x08\xa0s\xba\xe7\xb4\xcf\x91\
\x92\xf51\xc4G&_\x22\x01\x97\x8a\x18hw\x7f\xd5\
\xd7\x14\xb5^\xd0\x11]\xd1\x19\xdd\xb1\x01[V#\x15\
\x07S\xb0\x05\xe3\x91\xa2\xdam\xbe\xf4\x04\x01yN\xfb\
\x1c5\xb9\xbe\xe6\xee\x0c\xdb\xc6\x10#X\x1f&\x01\xbc\
sM\xc0\xf1\x9c\xe0\xf1Z?V\xd4JA\x17tB\
7tDWtF\xf7\xb1:\x82!X\x82)\xd8\x8e\
\x95\xd7t\xfb]H\x90\xb5\x03\x18&qg\xad<I\
\xc4\xd4\x96\xaaF\x97#%\x81\xe7\x04/R}\xb1\x08\
\xb9\xfc\xd8}\x9a\x96\xf9\x0e!3{h\xb1j\xa1\x0f\
\xfa\xa2O\xfaF\x07tA'tC\xc7\x12\x0a \x17\
\xec\xc0\x10,K\xc8l^\xc6.%\xc8\xda\x19LL\
\x86\x93\xb9DXo+U\x1f.A\x5cv<S5\
_\xb3\xfd\x88\xeaO\x8a\x08X\xbe\xb1\xc7\xc3\xb7\xe3\xb5\
~{\xd1ME\xd7\x13\x0d\x15x\xe0\xa5\x0dm\x91\x81\
,d\x22\x9b>\xe8\x8b>\xe9\x1b\x1d\x86d\xa6\xee\x07\
+0\x03\xbb\xd4\xb6]\xf3\xefb\x82\xe00\xe6}\xe5\
\x12\x81\xb1E\xdc\xfbg[-:L\x82\xb9\xe4y\x88\
j\x1e\xbe\x9d\xab\xfa\xed\xa2\x0f\x88>.\xfa\x82\x88\x9a\
u\xb6C,\xb3ms\x1fm\x91\x81,d\x22[\xcd\
\xab\x15\xb0\x01#\xb0\x02\xb3j\x1d\xb5*xW\x13d\
\xed\x0f\xa6\xd7g \x1eG^\x1e\x90\xad\xb7O]\xef\
=Kp\xa6\xe0\x8c\xc1\xb6\xa9\xf5X\xf7\x07\x16`\x02\
6`\xb4\xde\xee\xd6\x8b\xe1\xdb\xf5\x04Y;\x92\xaf\x18\
\x9d\xa8\x15\x1e\x9a1\x1b\xa0\x16w\xb2`;\x18\x80\x05\
\x98\xec$\x08{\x8d\x8e\x04\xd9\x8b\xc6j\xc5\xc7\x22\xf9\
a\xcb\xe5\xcb\xe9\xdau\xb9h\xe9\x05\x1b\xb1\x15\x9b\xb1\
\x1d\x0c\x96n\xb3m_$\xc8\xfeP]\xa2\xcd'\x8b\
\x8e\x161\xf0\x8ea\x14\x9f\xd2\xf2R\x0a\xb6`\x13\xb6\
a#\xb6b\xf3R\xec+fG$\xc8v(\xaf\xd0\
n\x06\xde1\x8c\xe2(-?J\xc4D\x05\xaa\xba,\
\xe8\x8e\x0d\xd8\x82M\xd8\x86\x8d]\x1a3\x85\xd2\x91 \
>\xca<\x14[?\x85\xe6\xe5\xa1\x93\xd4\x94\xa7\xd3\x1f\
R\xddjA7tDWt\xe6\x09:6`K\xab\
:\x0f\xe85\xed\xeeH\x90<\xbc7\x03\xef\xb6\x12\xf3\
\x8b\xa27\x8b\xe6.\xe8\x80.\xe8DR\x90\x1c$\x09\
:\xcf\xad[w\xfdG\x82\x94q\xd9;%\xe69\xa2\
{\x88\x98\x5c\x9aWUy\xa8\xf7T\xad\x9f#z\xb7\
\xa8\xe4\xa5\x0c\xb2\x90\x89l\xfa\xa0/\xfa\xa4ot@\
\x17tR\xb7Q\xc6 \x10\x092\x06\xbdC\xb7}\x9f\
v\xf1\x1e\xf7\xb3T?Xt\x1b\xd1uD7\x11\xdd\
]t_\x11A\xcd>f%d\xdc\x143\x7f\x10\xec\
\x10\xcblc\x1f<\xf0\xd2\x86\xb6\xc8@\x162\xd9G\
\x1f\xf4E\x9f\x12\x1b\xa5$\x02\x91 %\xd1\x1c\x96u\
\x99X\xde\x22\xba@DPs\x068S\xcb\xbf.b\
\xe6\x0f\x82\x1db\x99m\xec\x83\x07^\xda\xd0\x16\x19b\
\x8f2\x05\x02\x91 S\xa0\x1c}\xf4\x81\xc0>ZF\
\x82\xec\x03Jl\x0a\x04\xd6\x08D\x82\xac\x91\x88:\x10\
\xd8\x07\x81H\x90}@\x89M\x81\xc0\x1a\x81H\x905\
\x12Q\x07\x02\xfb \x10\x09\xb2\x0f(\xb1)\x10X#\
P*A\xd6\xf2\xa2\x0e\x04\x16\x85@$\xc8\xa2\xdc\x19\
\xc6\x94F \x12\xa44\xa2!oQ\x08D\x82,\xca\
\x9daLi\x04\x22AJ#\x1a\xf2\x16\x85@\x07\x09\
\xb2(\xbc\xc3\x98\xce\x10\x88\x04\xe9\xcca\xa1\xee\xb4\x08\
D\x82L\x8bw\xf4\xd6\x19\x02\x91 \x9d9,\xd4\x9d\
\x16\x81H\x90i\xf1\x8e\xde:C`\xb7\x13\xa43g\
\x85\xba\xd3#\x10\x092=\xe6\xd1cG\x08D\x82t\
\xe4\xacPuz\x04\x22A\xa6\xc7<z\xec\x08\x81H\
\x90\x8e\x9c\x15\xaaN\x8f@$H%\xccC\xec2\x10\
\xf8\x22\x00\x00\x00\xff\xff^\xf2\x7fc\x00\x00\x00\x06I\
DAT\x03\x00\xfb\xbf\x9f\xbe\xf3\x07K\xbb\x00\x00\x00\
\x00IEND\xaeB`\x82\
"

qt_resource_name = b"\
\x00\x05\
\x00o\xa6S\
\x00i\
\x00c\x00o\x00n\x00s\
\x00\x06\
\x07\x03}\xc3\
\x00i\
\x00m\x00a\x00g\x00e\x00s\
\x00\x0c\
\x00VBG\
\x00s\
\x00t\x00a\x00r\x00s\x00h\x00i\x00p\x00.\x00j\x00p\x00g\
\x00\x0a\
\x08\xf9\xe1'\
\x00g\
\x00a\x00l\x00a\x00x\x00y\x00.\x00j\x00p\x00g\
\x00\x10\
\x06\xb5]\x07\
\x00l\
\x00a\x00n\x00d\x00i\x00n\x00g\x00_\x00s\x00i\x00t\x00e\x00.\x00j\x00p\x00g\
\x00\x0c\
\x03W\xe0\x07\
m\xf1\
^\xa6`\x1d\x80\x03\x00 \x00(\x001\x00)\x00.\x00p\x00n\x00g\
\x00\x06\
\x0bQ[\xa7\
^\xfa\
\x8b\xae\x00.\x00p\x00n\x00g\
\x00\x06\
\x07\xf3\x5cG\
R\x06\
g\x90\x00.\x00p\x00n\x00g\
\x00\x0f\
\x0dk\x5c\x87\
\x00C\
\x00R\x00M\x00E\x00B\x00-\x99\x96\x98u\x00-~\xbf`'\x00.\x00p\x00n\x00g\
\x00\x06\
\x01\xd6ZG\
`\x1d\
\x80\x03\x00.\x00p\x00n\x00g\
\x00\x0a\
\x01\xc8|\x07\
\x00r\
\x00o\x00c\x00k\x00e\x00t\x00.\x00p\x00n\x00g\
\x00\x08\
\x07\xdc\xdf'\
m\xf1\
^\xa6`\x1d\x80\x03\x00.\x00p\x00n\x00g\
\x00\x11\
\x06\xd7\x96\x07\
\x00C\
\x00R\x00M\x00E\x00B\x00-\x91M\x90\x01SUep\x00-~\xbf`'\x00.\x00p\x00n\x00g\
\
\x00\x06\
\x00\x11Z'\
d\xad\
e>\x00.\x00p\x00n\x00g\
\x00\x06\
\x07aBG\
\x9f\x7f\
\x8fn\x00.\x00p\x00n\x00g\
\x00\x09\
\x03\x96\x08\xc7\
^.\
R\xa9N\x0e\x8b\xf4f\x0e\x00.\x00p\x00n\x00g\
"

qt_resource_struct = b"\
\x00\x00\x00\x00\x00\x02\x00\x00\x00\x02\x00\x00\x00\x01\
\x00\x00\x00\x00\x00\x00\x00\x00\
\x00\x00\x00\x00\x00\x02\x00\x00\x00\x01\x00\x00\x00\x07\
\x00\x00\x00\x00\x00\x00\x00\x00\
\x00\x00\x00\x10\x00\x02\x00\x00\x00\x01\x00\x00\x00\x03\
\x00\x00\x00\x00\x00\x00\x00\x00\
\x00\x00\x00\x10\x00\x02\x00\x00\x00\x03\x00\x00\x00\x04\
\x00\x00\x00\x00\x00\x00\x00\x00\
\x00\x00\x00\x22\x00\x00\x00\x00\x00\x01\x00\x00\x00\x00\
\x00\x00\x01\x9c\x1d8\x7fF\
\x00\x00\x00Z\x00\x00\x00\x00\x00\x01\x00\x00:\xfd\
\x00\x00\x01\x9c\x1d9\xf9\xef\
\x00\x00\x00@\x00\x00\x00\x00\x00\x01\x00\x00\x14\x88\
\x00\x00\x01\x9c\x1d<\xa3\xc7\
\x00\x00\x00\x00\x00\x02\x00\x00\x00\x0b\x00\x00\x00\x08\
\x00\x00\x00\x00\x00\x00\x00\x00\
\x00\x00\x01P\x00\x00\x00\x00\x00\x01\x00\x01\x1d$\
\x00\x00\x01\x9c\x93\x85\x1d\x0c\
\x00\x00\x00\xf8\x00\x00\x00\x00\x00\x01\x00\x00\xe06\
\x00\x00\x01\x9c\x93\x9c\xc9\xd5\
\x00\x00\x00\xe6\x00\x00\x00\x00\x00\x01\x00\x00\xafh\
\x00\x00\x01\x9c\x93\x8d7\x9c\
\x00\x00\x00\x80\x00\x00\x00\x00\x00\x01\x00\x00L\xb0\
\x00\x00\x01\x9c\x93\x8a\xfb\xef\
\x00\x00\x01t\x00\x00\x00\x00\x00\x01\x00\x01b\xf1\
\x00\x00\x01\x9c\x93\x86\xb7D\
\x00\x00\x01(\x00\x00\x00\x00\x00\x01\x00\x01\x0d\xc0\
\x00\x00\x01\x9c\x93\x84k\xbd\
\x00\x00\x01b\x00\x00\x00\x00\x00\x01\x00\x01<\xbf\
\x00\x00\x01\x9c\x93\x87\xceq\
\x00\x00\x01\x12\x00\x00\x00\x00\x00\x01\x00\x00\xec4\
\x00\x00\x01\x9c\x93\x86\x5cf\
\x00\x00\x00\xb0\x00\x00\x00\x00\x00\x01\x00\x00\x87\xcb\
\x00\x00\x01\x9c\x93\x86\x09\x18\
\x00\x00\x00\x9e\x00\x00\x00\x00\x00\x01\x00\x00u\x13\
\x00\x00\x01\x9c\x93\x87\x01N\
\x00\x00\x00\xc2\x00\x00\x00\x00\x00\x01\x00\x00\x97\xf0\
\x00\x00\x01\x9c\x93\x80\xca\xdc\
"

def qInitResources():
    QtCore.qRegisterResourceData(0x03, qt_resource_struct, qt_resource_name, qt_resource_data)

def qCleanupResources():
    QtCore.qUnregisterResourceData(0x03, qt_resource_struct, qt_resource_name, qt_resource_data)

qInitResources()